"TOA5","WILSON","CR1000X","53426","CR1000X.Std.07.02","CPU:Wilson_v4.6CR1X_20240814.CR1X","42526","Rad7Table"
"TIMESTAMP","RECORD","Record_RAD7","Year_RAD7","Month_RAD7","Day_Rad7","Hour_Rad7","Minute_Rad7","Total_Counts_Rad7","Live_Time_Rad7","PER_TOT_A_Rad7","PER_TOT_B_Rad7","PER_TOT_C_Rad7","PER_TOT_D_Rad7","High_Voltage_Level_Rad7","High_Voltage_Duty_Rad7","Temp_sample_Rad7","RH_sample_Rad7","Leakage_Current_Rad7","Battery_Volt_Rad7","Pump_current_Rad7","Flags_Byte_Rad7","Radon_concentration_Rad7","Radon_concentration_uncertainty_Rad7","Units_Byt_Rad7"
"TS","RN","###","YY","MM","dd","hh","MM","integer","minutes","percent","percent","percent","percent","Volts","percent","celcius","percent","integer","Volts","mA","integer","Bq/m3","Bq/m3","integer"
"","","Smp","Smp","Smp","Smp","Smp","Smp","Smp","Smp","Smp","Smp","Smp","Smp","Smp","Smp","Smp","Smp","Smp","Smp","Smp","Smp","Smp","Smp","Smp"
"2024-08-15 17:30:00",4,-2147483648,254,24,8,15,15,28,0,4.7,0,0,0,0,2218,8,32,22,2,7.03,10,132,0,147
"2024-08-15 17:45:00",5,-2147483648,254,24,8,15,15,33,0,4.7,0,0,0,0,2218,8,32,16,2,7.03,0,132,0,147
"2024-08-15 18:00:00",6,353,24,8,15,15,51,2,14,50,0,0,0,2218,8,31.7,11,2,7.03,10,132,12.35599,59.65997,254
"2024-08-15 18:15:00",7,354,24,8,15,16,6,6,14,66.7,0,16.7,0,2218,8,31.7,8,2,7.03,10,132,49.24961,79.68754,254
"2024-08-15 18:30:00",8,355,24,8,15,16,21,8,14,75,12.5,12.5,0,2236,8,31.4,7,2,7.03,10,132,74.00493,89.93452,254
"2024-08-15 18:45:00",9,356,24,8,15,16,36,9,14,33.3,22.2,44.5,0,2218,8,30.8,6,2,7.03,0,132,37.00247,74.00493,254
"2024-08-15 19:00:00",10,57,24,8,15,16,51,21,14,81,4.8,14.3,0,2218,9,30.5,6,2,7.03,0,132,209.6806,129.3271,254
"2024-08-15 19:15:00",11,358,24,8,15,17,6,9,14,44.5,0,55.6,0,2218,8,29.9,5,2,7.06,0,132,49.33662,79.82834,254
"2024-08-15 19:30:00",12,59,24,8,15,17,21,23,14,30.4,4.4,56.5,4.4,2201,8,29.6,5,2,7.03,10,132,74.13592,94.60797,254
"2024-08-15 19:45:00",13,360,24,8,15,17,36,9,14,55.6,0,22.2,0,2236,9,29.3,5,2,7.03,0,132,61.77993,85.24369,254
"2024-08-15 20:00:00",14,61,24,8,15,17,51,15,14,46.7,0,46.7,0,2218,9,28.7,4,2,7.06,10,132,86.49191,94.60797,254
"2024-08-15 20:15:00",15,62,24,8,15,18,6,26,14,42.3,3.9,53.9,0,2201,9,28.4,4,2,7.06,10,132,136.1569,110.5124,254
"2024-08-15 20:30:00",16,63,24,8,15,18,21,16,14,37.5,0,62.5,0,2218,8,28.1,4,2,7.03,10,132,74.26737,90.25344,254
"2024-08-15 20:45:00",17,364,24,8,15,18,36,9,14,44.5,0,55.6,0,2218,8,27.8,4,2,7.06,10,132,49.51158,80.11142,254
"2024-08-15 21:00:00",18,65,24,8,15,18,51,14,14,28.6,0,57.2,7.2,2218,8,27.8,4,2,7.06,10,132,49.51158,80.11142,254
"2024-08-15 21:15:00",19,66,24,8,15,19,6,20,14,60,0,40,0,2218,9,27.5,4,2,7.06,10,132,148.7985,114.2166,254
"2024-08-15 21:30:00",20,67,24,8,15,19,21,11,14,9.1,0,90.9,0,2218,8,27.2,4,2,7.06,10,132,12.39988,59.87192,254
"2024-08-15 21:45:00",21,68,24,8,15,19,36,14,14,21.4,0,64.3,7.2,2218,8,27.2,4,2,7.06,10,132,24.79976,74.39927,254
"2024-08-15 22:00:00",22,369,24,8,15,19,51,10,14,40,0,50,0,2218,9,26.9,4,2,7.03,10,132,49.59952,80.2537,254
"2024-08-15 22:15:00",23,70,24,8,15,20,6,13,14,30.8,0,61.6,0,2236,9,26.9,4,2,7.06,10,132,49.68778,80.39651,254
"2024-08-15 22:30:00",24,71,24,8,15,20,21,17,14,29.4,0,70.6,0,2218,9,26.6,4,2,7.03,10,132,62.10972,85.69874,254
"2024-08-15 22:45:00",25,72,24,8,15,20,37,10,14,60,0,20,0,2201,9,26.6,3,2,7.06,10,132,74.53167,90.57464,254
"2024-08-15 23:00:00",26,373,24,8,15,20,52,4,14,50,0,25,0,2218,9,26.3,4,2,7.06,10,132,24.84389,67.87476,254
"2024-08-15 23:15:00",27,374,24,8,15,21,7,8,14,37.5,12.5,50,0,2218,9,26.3,4,2,7.06,0,132,37.33226,74.66453,254
"2024-08-15 23:30:00",28,75,24,8,15,21,22,11,14,54.6,0,45.5,0,2218,8,25.9,3,2,7.06,10,132,74.66453,90.73609,254
"2024-08-15 23:45:00",29,376,24,8,15,21,37,6,14,50,0,33.3,16.7,2218,8,25.9,3,2,7.06,10,132,37.33226,74.66453,254
"2024-08-16 00:00:00",30,77,24,8,15,21,52,17,14,23.5,11.8,53,5.9,2218,9,25.6,3,2,7.06,10,132,49.86523,80.68363,254
"2024-08-16 00:15:00",31,78,24,8,15,22,7,10,14,30,20,40,0,2236,9,25.6,3,2,7.06,10,132,37.39892,74.79785,254
"2024-08-16 00:30:00",32,379,24,8,15,22,22,6,14,66.7,0,33.3,0,2218,9,25.3,3,2,7.06,10,132,49.86523,80.68363,254
"2024-08-16 00:45:00",33,380,24,8,15,22,37,9,14,33.3,0,44.5,11.1,2218,9,25.3,3,2,7.06,10,132,24.93262,74.79785,254
"2024-08-16 01:00:00",34,381,24,8,15,22,52,7,14,71.4,0,28.6,0,2201,9,25,3,2,7.09,10,132,62.33154,86.0048,254
"2024-08-16 01:15:00",35,82,24,8,15,23,7,10,13,60,0,30,0,2218,9,25,3,2,7.09,10,132,74.93165,91.06073,254
"2024-08-16 01:30:00",36,383,24,8,15,23,22,6,13,16.7,0,83.3,0,2236,9,24.7,3,2,7.06,10,132,12.48861,60.30033,254
"2024-08-16 01:45:00",37,384,24,8,15,23,37,9,13,44.5,11.1,44.5,0,2218,8,24.7,3,1,7.06,10,132,49.95444,80.82797,254
"2024-08-16 02:00:00",38,385,24,8,15,23,52,4,13,25,25,50,0,2218,9,24.4,3,1,7.06,10,132,12.48861,60.30033,254
"2024-08-16 02:15:00",39,386,24,8,16,0,7,8,13,37.5,0,50,0,2218,9,24.4,3,1,7.06,10,132,37.53296,75.06593,254
"2024-08-16 02:30:00",40,387,24,8,16,0,22,9,13,44.5,0,33.3,11.1,2218,8,24.1,3,1,7.09,10,132,50.04396,80.97283,254
"2024-08-16 02:45:00",41,88,24,8,16,0,37,15,13,60,0,40,0,2218,8,24.1,3,1,7.06,0,132,112.5989,104.1484,254
"2024-08-16 03:00:00",42,389,24,8,16,0,52,7,13,42.9,0,28.6,0,2236,9,23.8,3,1,7.09,10,132,37.60035,75.20071,254
"2024-08-16 03:15:00",43,390,24,8,16,1,7,5,13,40,20,20,0,2218,8,23.8,3,1,7.06,10,132,25.0669,68.48405,254
"2024-08-16 03:30:00",44,91,24,8,16,1,22,10,13,30,0,60,0,2218,9,23.8,3,1,7.06,10,132,37.60035,75.20071,254
"2024-08-16 03:45:00",45,92,24,8,16,1,37,10,13,70,0,20,0,2201,9,23.5,3,1,7.09,10,132,87.73416,95.96682,254
"2024-08-16 04:00:00",46,393,24,8,16,1,52,7,13,42.9,14.3,28.6,0,2218,9,23.5,3,1,7.06,10,132,37.66798,75.33597,254
"2024-08-16 04:15:00",47,394,24,8,16,2,7,5,13,60,0,40,0,2218,9,23.2,3,1,7.09,10,132,37.66798,75.33597,254
"2024-08-16 04:30:00",48,395,24,8,16,2,22,7,13,57.2,0,28.6,14.3,2218,8,23.2,3,1,7.06,10,132,50.22398,81.2641,254
"2024-08-16 04:45:00",49,254,24,8,16,2,37,11,13,0,27.3,36.4,9.1,2218,9,23.2,3,1,7.06,10,132,0,50.22398,254
"2024-08-16 05:00:00",50,397,24,8,16,2,52,5,13,60,0,20,0,2201,9,22.9,3,1,7.09,10,132,37.73585,75.47169,254
"2024-08-16 05:15:00",51,398,24,8,16,3,7,7,13,28.6,14.3,42.9,14.3,2218,8,22.9,3,1,7.06,0,132,25.15723,68.73083,254
"2024-08-16 05:30:00",52,399,24,8,16,3,22,9,13,22.2,0,66.7,11.1,2218,9,22.6,3,1,7.06,10,132,25.15723,68.73083,254
"2024-08-16 05:45:00",53,400,24,8,16,3,37,5,13,40,0,20,0,2218,9,22.6,3,1,7.09,10,132,25.15723,68.73083,254
"2024-08-16 06:00:00",54,401,24,8,16,3,52,8,13,50,12.5,25,12.5,2201,9,22.6,3,1,7.06,10,132,50.40529,81.55747,254
"2024-08-16 06:15:00",55,402,24,8,16,4,7,8,13,50,0,37.5,12.5,2236,9,22.3,3,1,7.06,0,132,50.40529,81.55747,254
"2024-08-16 06:30:00",56,403,24,8,16,4,22,7,13,57.2,0,42.9,0,2218,9,22.6,3,1,7.09,0,132,50.40529,81.55747,254
"2024-08-16 06:45:00",57,-2147483648,254,24,8,16,4,37,3,13.8,0,0,100,0,2218,9,22.9,3,1,7.06,10,132,0,50
"2024-08-16 07:00:00",58,405,24,8,16,4,52,3,13,33.3,33.3,33.3,0,2201,9,23.5,3,1,7.06,10,132,12.62411,60.95459,254
"2024-08-16 07:15:00",59,406,24,8,16,5,7,6,13,83.3,0,16.7,0,2218,9,24.1,3,1,7.06,10,132,63.12055,87.09347,254
"2024-08-16 07:30:00",60,-2147483648,254,24,8,16,5,22,5,13.8,0,0,80,0,2218,9,24.7,3,2,7.06,0,132,0,50
"2024-08-16 07:45:00",61,408,24,8,16,5,37,4,13,25,0,75,0,2218,9,25.6,3,2,7.06,0,132,12.62411,60.95459,254
"2024-08-16 08:00:00",62,409,24,8,16,5,52,4,13,50,0,25,25,2218,9,26.6,3,2,7.06,10,132,25.29396,69.10438,254
"2024-08-16 08:15:00",63,-2147483648,254,24,8,16,6,7,4,13.8,0,0,100,0,2218,9,27.5,4,2,7.06,10,132,0,50
"2024-08-16 08:30:00",64,411,24,8,16,6,22,4,13,50,0,50,0,2201,9,28.4,4,2,7.03,10,132,25.29396,69.10438,254
"2024-08-16 08:45:00",65,412,24,8,16,6,37,2,13,50,0,0,50,2218,9,29.3,4,2,7.06,10,132,12.64698,61.06502,254
"2024-08-16 09:00:00",66,413,24,8,16,6,52,6,13,16.7,0,66.7,0,2218,9,29.9,4,2,7.06,0,132,12.66993,61.17584,254
"2024-08-16 09:15:00",67,414,24,8,16,7,7,3,13,66.7,0,33.3,0,2218,8,30.8,4,2,7.03,10,132,25.33986,69.22979,254
"2024-08-16 09:30:00",68,415,24,8,16,7,22,3,13,66.7,0,33.3,0,2236,9,31.4,4,2,7.03,10,132,25.33986,69.22979,254
"2024-08-16 09:45:00",69,416,24,8,16,7,37,4,13,50,0,25,0,2218,9,32.7,10,2,7.03,0,132,25.33986,69.22979,254
"2024-08-16 10:00:00",70,417,24,8,16,7,52,4,13,25,0,75,0,2218,9,33.6,6,2,7,10,132,12.69297,61.28707,254
"2024-08-16 10:15:00",71,-2147483648,254,24,8,16,8,7,2,13.7,0,0,100,0,2218,9,34.2,5,2,7,10,132,0,50
"2024-08-16 10:30:00",72,419,24,8,16,8,22,2,13,50,50,0,0,2218,9,34.8,5,2,7,10,132,12.69297,61.28707,254
"2024-08-16 10:45:00",73,420,24,8,16,8,37,9,13,66.7,0,11.1,0,2218,9,35.1,5,2,7.03,10,132,76.29652,92.71938,254
"2024-08-16 11:00:00",74,421,24,8,16,8,52,15,13,80,0,20,0,2201,10,35.7,5,2,7,0,132,152.593,117.1292,254
"2024-08-16 11:15:00",75,422,24,8,16,9,7,14,13,85.7,0,14.3,0,2218,9,36,5,3,7,10,132,152.593,117.1292,254
"2024-08-16 11:30:00",76,423,24,8,16,9,22,22,13,50,4.6,36.4,0,2218,9,36.3,4,3,7.03,10,132,139.877,113.5318,254
"2024-08-16 11:45:00",77,24,24,8,16,9,37,31,13,58.1,3.2,32.3,3.2,2218,9,36.6,4,3,7,10,132,229.3073,136.5372,254
"2024-08-16 12:00:00",78,25,24,8,16,9,52,33,13,57.6,3,30.3,0,2201,10,36.9,5,3,7,10,132,242.0466,139.4223,254
"2024-08-16 12:15:00",79,26,24,8,16,10,7,42,13,61.9,2.4,31,2.4,2218,9,37.2,4,3,7.03,10,132,331.2216,157.8692,254
"2024-08-16 12:30:00",80,27,24,8,16,10,22,33,13,54.6,0,45.5,0,2236,10,37.5,5,3,6.97,10,132,229.7265,136.7868,254
"2024-08-16 12:45:00",81,28,24,8,16,10,37,35,13,57.2,0,40,0,2253,10,37.5,4,3,7.03,0,132,255.2517,142.4962,254
"2024-08-16 13:00:00",82,29,24,8,16,10,52,52,13,53.9,1.9,42.3,0,2236,10,37.5,4,3,7,0,132,357.3523,162.9824,254
"2024-08-16 13:15:00",83,430,24,8,16,11,7,46,13,52.2,0,43.5,0,2218,9,37.5,4,3,7.03,10,132,306.302,153.151,254
"2024-08-16 13:30:00",84,31,24,8,16,11,22,48,13,54.2,0,43.8,0,2236,9,37.2,4,3,6.97,10,132,332.4348,158.4475,254
"2024-08-16 13:45:00",85,432,24,8,16,11,37,52,13,55.8,0,44.2,0,2236,9,37.2,4,3,7,0,132,370.7928,165.635,254
"2024-08-16 14:00:00",86,33,24,8,16,11,52,65,13,43.1,1.6,43.1,0,2218,9,37.2,4,3,7.03,10,132,358.0068,163.2809,254
"2024-08-16 14:15:00",87,34,24,8,16,12,7,53,13,51,5.7,39.6,0,2218,10,36.9,4,3,7.03,10,132,345.8543,161.1809,254
"2024-08-16 14:30:00",88,35,24,8,16,12,22,46,13,43.5,0,47.8,0,2218,9,37.2,4,3,7,10,132,256.1884,143.0191,254
"2024-08-16 14:45:00",89,36,24,8,16,12,37,50,13,44,0,56,0,2218,10,37.2,4,3,7.03,10,132,281.8072,148.4824,254
"2024-08-16 15:00:00",90,37,24,8,16,12,52,30,13,20,3.3,76.7,0,2218,9,36.9,4,3,7,0,132,76.85649,93.39988,254
"2024-08-16 15:15:00",91,38,24,8,16,13,7,29,13,34.5,3.5,58.6,0,2218,10,37.2,4,3,7,0,132,128.0942,110.5869,254
"2024-08-16 15:30:00",92,39,24,8,16,13,23,34,13,8.8,0,82.4,0,2218,9,37.2,4,3,7,10,132,38.49889,76.99778,254
"2024-08-16 15:45:00",93,40,24,8,16,13,38,33,13,24.3,3,69.7,3,2236,9,36.9,4,3,7.03,10,132,102.6637,102.6637,254
"2024-08-16 16:00:00",94,41,24,8,16,13,53,15,13,6.7,6.7,80,6.7,2218,10,36.6,4,3,7.03,10,132,12.83296,61.96303,254
"2024-08-16 16:15:00",95,42,24,8,16,14,8,12,13,16.7,8.3,66.7,8.3,2218,9,36.3,4,2,7.03,10,132,25.66593,70.12063,254
"2024-08-16 16:30:00",96,-2147483648,254,24,8,16,14,23,7,13.5,0,0,100,0,2218,10,36.3,4,2,7,10,132,0,51
"2024-08-16 16:45:00",97,44,24,8,16,14,38,12,13,25,0,66.7,8.3,2218,9,36,4,2,7.03,10,132,38.56979,77.13958,254
"2024-08-16 17:00:00",98,445,24,8,16,14,53,8,13,12.5,0,75,0,2201,10,36,4,2,7.03,10,132,12.8566,62.07715,254
"2024-08-16 17:15:00",99,446,24,8,16,15,8,11,13,18.2,9.1,63.6,0,2218,9,35.4,4,2,7.03,10,132,25.7132,70.24975,254
"2024-08-16 17:30:00",100,447,24,8,16,15,23,7,13,57.2,14.3,28.6,0,2218,9,35.1,4,2,7.03,10,132,51.52127,83.36318,254
"2024-08-16 17:45:00",101,448,24,8,16,15,38,3,13,33.3,0,66.7,0,2218,9,34.8,4,2,7,10,132,12.88032,62.19168,254
"2024-08-16 18:00:00",102,449,24,8,16,15,53,6,13,16.7,0,83.3,0,2218,9,34.5,4,2,7,10,132,12.88032,62.19168,254
"2024-08-16 18:15:00",103,450,24,8,16,16,8,8,13,25,12.5,50,12.5,2218,10,33.9,4,2,7.03,10,132,25.76064,70.37937,254
"2024-08-16 18:30:00",104,451,24,8,16,16,23,7,13,57.2,0,14.3,0,2201,10,33.6,4,2,7,10,132,51.61651,83.51725,254
"2024-08-16 18:45:00",105,52,24,8,16,16,38,18,13,83.3,0,11.1,0,2236,10,32.7,3,2,7.03,10,132,193.5619,129.0413,254
"2024-08-16 19:00:00",106,453,24,8,16,16,53,18,14,83.3,5.6,11.1,0,2236,10,32.3,3,2,7.03,10,132,184.686,123.124,254
"2024-08-16 19:15:00",107,54,24,8,16,17,8,24,14,50,0,41.7,4.2,2218,9,31.7,3,2,7.03,10,132,148.0099,113.6112,254
"2024-08-16 19:30:00",108,55,24,8,16,17,23,26,14,57.7,7.7,34.6,0,2218,9,31.1,3,2,7.03,10,132,185.0123,123.3416,254
"2024-08-16 19:45:00",109,56,24,8,16,17,38,21,14,57.2,4.8,33.3,4.8,2218,9,30.8,3,2,7.06,10,132,148.0099,113.6112,254
"2024-08-16 20:00:00",110,57,24,8,16,17,53,17,14,17.7,0,82.4,0,2236,10,30.5,3,2,7.03,10,132,37.00247,74.00493,254
"2024-08-16 20:15:00",111,58,24,8,16,18,8,18,14,50,0,50,0,2218,9,30.2,3,2,7.03,10,132,111.2039,102.8581,254
"2024-08-16 20:30:00",112,59,24,8,16,18,23,12,14,25,0,66.7,8.3,2218,9,29.9,3,2,7.03,10,132,37.06796,74.13592,254
"2024-08-16 20:45:00",113,60,24,8,16,18,38,19,14,42.1,0,52.6,5.3,2218,9,29.6,3,2,7.06,10,132,98.84789,98.84789,254
"2024-08-16 21:00:00",114,461,24,8,16,18,53,8,14,25,25,50,0,2218,9,29.3,3,2,7.03,10,132,24.71197,67.51435,254
"2024-08-16 21:15:00",115,62,24,8,16,19,8,13,14,46.2,0,38.5,0,2218,9,29,3,2,7.03,10,132,74.26737,90.25344,254
"2024-08-16 21:30:00",116,63,24,8,16,19,23,16,14,18.8,0,62.5,0,2218,9,28.7,3,2,7.03,10,132,37.13369,74.26737,254
"2024-08-16 21:45:00",117,464,24,8,16,19,38,9,14,44.5,0,44.5,11.1,2218,9,28.7,3,2,7.03,0,132,49.51158,80.11142,254
"2024-08-16 22:00:00",118,465,24,8,16,19,53,11,14,45.5,0,36.4,0,2218,9,28.4,3,2,7.03,10,132,61.9994,85.54652,254
"2024-08-16 22:15:00",119,466,24,8,16,20,8,13,14,38.5,0,53.9,0,2218,9,28.1,3,2,7.06,10,132,61.9994,85.54652,254
"2024-08-16 22:30:00",120,67,24,8,16,20,23,10,14,30,10,60,0,2218,9,28.1,3,2,7.06,10,132,37.19964,74.39927,254
"2024-08-16 22:45:00",121,468,24,8,16,20,38,9,14,44.5,0,55.6,0,2218,9,27.8,3,2,7.03,10,132,49.59952,80.2537,254
"2024-08-16 23:00:00",122,469,24,8,16,20,53,7,14,28.6,0,57.2,14.3,2236,10,27.8,3,2,7.06,10,132,24.84389,67.87476,254
"2024-08-16 23:15:00",123,470,24,8,16,21,8,8,14,62.5,0,12.5,12.5,2218,9,27.8,3,2,7.03,0,132,62.10972,85.69874,254
"2024-08-16 23:30:00",124,71,24,8,16,21,23,11,14,45.5,0,45.5,9.1,2236,10,27.5,3,2,7.03,10,132,49.68778,85.69874,254
"2024-08-16 23:45:00",125,472,24,8,16,21,38,7,14,71.4,14.3,14.3,0,2218,9,27.5,3,2,7.06,10,132,62.10972,85.69874,254
"2024-08-17 00:00:00",126,473,24,8,16,21,53,8,14,25,0,62.5,12.5,2218,9,27.2,3,2,7.03,10,132,24.88817,67.99575,254
"2024-08-17 00:15:00",127,474,24,8,16,22,8,7,14,28.6,14.3,42.9,14.3,2218,9,27.2,3,2,7.06,10,132,24.79976,67.75421,254
"2024-08-17 00:30:00",128,75,24,8,16,22,23,16,14,31.3,6.3,43.8,6.3,2218,9,27.2,3,2,7.06,0,132,62.22043,85.85149,254
"2024-08-17 00:45:00",129,476,24,8,16,22,38,8,14,25,0,37.5,12.5,2218,9,27.2,3,2,7.03,10,132,24.88817,67.99575,254
"2024-08-17 01:00:00",130,77,24,8,16,22,53,16,14,43.8,0,37.5,6.3,2218,9,27.2,3,2,7.06,10,132,87.26415,95.45269,254
"2024-08-17 01:15:00",131,478,24,8,16,23,8,11,14,45.5,9.1,27.3,9.1,2236,10,26.9,3,2,7.06,0,132,49.86523,86.0048,254
"2024-08-17 01:30:00",132,479,24,8,16,23,23,8,14,25,0,62.5,0,2218,9,26.9,3,2,7.06,10,132,24.93262,68.11717,254
"2024-08-17 01:45:00",133,480,24,8,16,23,38,7,14,57.2,0,28.6,0,2218,9,26.9,3,2,7.06,10,132,49.86523,80.68363,254
"2024-08-17 02:00:00",134,81,24,8,16,23,53,19,13,31.6,5.3,52.6,0,2218,9,26.9,3,2,7.06,10,132,74.93165,91.06073,254
"2024-08-17 02:15:00",135,82,24,8,17,0,8,10,13,40,10,40,0,2218,9,26.9,3,2,7.06,0,132,49.95444,80.82797,254
"2024-08-17 02:30:00",136,83,24,8,17,0,23,16,13,56.3,6.3,37.5,0,2201,10,26.6,3,2,7.06,10,132,112.3975,103.9621,254
"2024-08-17 02:45:00",137,84,24,8,17,0,38,15,13,60,6.7,20,6.7,2218,10,26.6,3,2,7.06,10,132,112.3975,103.9621,254
"2024-08-17 03:00:00",138,85,24,8,17,0,53,10,13,40,0,30,10,2218,9,26.6,3,2,7.03,10,132,49.95444,80.82797,254
"2024-08-17 03:15:00",139,486,24,8,17,1,8,9,13,55.6,0,44.5,0,2218,10,26.6,3,2,7.06,10,132,62.55494,86.31306,254
"2024-08-17 03:30:00",140,87,24,8,17,1,23,12,13,25,0,75,0,2236,10,26.3,3,2,7.06,10,132,37.53296,75.06593,254
"2024-08-17 03:45:00",141,88,24,8,17,1,38,11,13,54.6,0,45.5,0,2201,10,26.6,3,2,7.06,0,132,75.06593,91.22391,254
"2024-08-17 04:00:00",142,89,24,8,17,1,53,17,13,53,5.9,35.3,0,2236,10,26.3,3,2,7.06,10,132,112.5989,104.1484,254
"2024-08-17 04:15:00",143,490,24,8,17,2,8,9,13,44.5,0,44.5,11.1,2218,9,26.3,3,2,7.06,10,132,50.04396,80.97283,254
"2024-08-17 04:30:00",144,91,24,8,17,2,23,15,13,53.3,20,13.3,0,2218,9,26.3,3,2,7.06,10,132,100.0879,100.0879,254
"2024-08-17 04:45:00",145,92,24,8,17,2,38,12,13,25,0,66.7,0,2218,9,26.3,3,2,7.06,0,132,37.53296,75.06593,254
"2024-08-17 05:00:00",146,493,24,8,17,2,53,7,13,42.9,0,57.2,0,2218,10,26.3,3,2,7.06,10,132,37.60035,75.20071,254
"2024-08-17 05:15:00",147,94,24,8,17,3,8,16,13,50,6.3,31.3,0,2218,9,26.3,3,2,7.06,10,132,100.2676,100.2676,254
"2024-08-17 05:30:00",148,495,24,8,17,3,23,9,13,44.5,0,44.5,11.1,2218,9,26.3,3,2,7.06,10,132,50.13381,81.11819,254
"2024-08-17 05:45:00",149,496,24,8,17,3,38,9,13,44.5,11.1,33.3,0,2218,9,26.3,3,2,7.06,10,132,50.13381,81.11819,254
"2024-08-17 06:00:00",150,254,24,8,17,3,53,15,13,6.7,6.7,66.7,13.3,2218,10,26.3,3,2,7.06,10,132,0,68.48405,254
"2024-08-17 06:15:00",151,98,24,8,17,4,8,15,13,46.7,6.7,40,0,2236,10,26.3,3,2,7.06,10,132,87.73416,95.96682,254
"2024-08-17 06:30:00",152,499,24,8,17,4,23,7,13,28.6,28.6,42.9,0,2218,9,26.3,3,2,7.06,10,132,25.11199,68.60722,254
"2024-08-17 06:45:00",153,500,24,8,17,4,38,16,13,62.5,0,18.8,0,2201,10,26.3,3,2,7.03,0,132,125.5599,108.399,254
"2024-08-17 07:00:00",154,1,24,8,17,4,53,15,13,33.3,13.3,33.3,6.7,2218,9,26.3,3,2,7.06,10,132,62.77997,86.62353,254
"2024-08-17 07:15:00",155,502,24,8,17,5,8,9,13,55.6,0,44.5,0,2218,9,26.6,3,2,7.06,10,132,62.77997,86.62353,254
"2024-08-17 07:30:00",156,3,24,8,17,5,24,15,13,60,0,33.3,0,2218,9,26.6,3,2,7.06,10,132,113.2075,104.7114,254
"2024-08-17 07:45:00",157,4,24,8,17,5,39,15,13,40,6.7,46.7,0,2236,10,26.9,3,2,7.06,10,132,75.74466,92.04872,254
"2024-08-17 08:00:00",158,5,24,8,17,5,54,14,13,57.2,0,28.6,7.2,2218,9,27.2,3,2,7.03,10,132,100.9929,100.9929,254
"2024-08-17 08:15:00",159,506,24,8,17,6,9,7,13,57.2,0,28.6,0,2218,9,27.5,3,2,7.03,10,132,50.49643,81.70495,254
"2024-08-17 08:30:00",160,507,24,8,17,6,24,8,13,37.5,0,62.5,0,2218,9,28.4,3,2,7.03,10,132,37.94094,75.88188,254
"2024-08-17 08:45:00",161,508,24,8,17,6,39,11,13,45.5,9.1,45.5,0,2218,9,29,3,2,7.03,0,132,63.2349,87.25125,254
"2024-08-17 09:00:00",162,9,24,8,17,6,54,14,13,50,0,42.9,7.2,2218,9,29.3,3,2,7.03,0,132,75.88188,96.83606,254
"2024-08-17 09:15:00",163,10,24,8,17,7,9,13,13,30.8,7.7,53.9,7.7,2218,9,29.6,3,2,7.03,10,132,50.58792,81.85296,254
"2024-08-17 09:30:00",164,11,24,8,17,7,24,12,13,50,0,41.7,0,2201,9,30.2,3,2,7.03,0,132,76.01959,92.38284,254
"2024-08-17 09:45:00",165,512,24,8,17,7,39,8,13,25,0,62.5,12.5,2201,10,30.5,3,2,7.03,10,132,25.33986,69.22979,254
"2024-08-17 10:00:00",166,513,24,8,17,7,54,8,13,62.5,0,37.5,0,2218,10,30.5,3,2,7.03,0,132,63.34967,87.40958,254
"2024-08-17 10:15:00",167,14,24,8,17,8,9,10,13,50,0,40,0,2218,9,30.8,4,2,7.03,10,132,63.34967,87.40958,254
"2024-08-17 10:30:00",168,15,24,8,17,8,24,10,13,20,0,70,10,2218,9,31.4,3,2,7.03,10,132,25.38594,69.35566,254
"2024-08-17 10:45:00",169,16,24,8,17,8,39,10,13,50,10,30,10,2236,10,32.3,4,2,7.03,10,132,63.46484,87.56852,254
"2024-08-17 11:00:00",170,517,24,8,17,8,54,9,13,66.7,0,22.2,0,2236,10,33.3,4,2,7.03,0,132,76.1578,92.55081,254
"2024-08-17 11:15:00",171,518,24,8,17,9,9,10,13,30,10,50,0,2201,10,33.9,4,2,7.03,10,132,38.0789,76.1578,254
"2024-08-17 11:30:00",172,19,24,8,17,9,24,16,13,37.5,0,50,0,2236,10,34.2,4,2,7.03,10,132,76.29652,92.71938,254
"2024-08-17 11:45:00",173,20,24,8,17,9,39,13,13,30.8,7.7,46.2,7.7,2218,9,34.5,4,2,7,10,132,50.86436,82.30026,254
"2024-08-17 12:00:00",174,21,24,8,17,9,54,10,13,50,0,40,10,2218,9,34.5,4,2,7,10,132,63.58045,87.72803,254
"2024-08-17 12:15:00",175,522,24,8,17,10,9,9,13,66.7,0,33.3,0,2218,9,35.1,4,2,7,10,132,76.29652,92.71938,254
"2024-08-17 12:30:00",176,23,24,8,17,10,24,11,13,27.3,0,45.5,0,2218,10,35.4,4,2,7,10,132,38.21788,76.43576,254
"2024-08-17 12:45:00",177,524,24,8,17,10,39,9,13,44.5,0,33.3,22.2,2218,9,35.7,4,2,7,0,132,38.21788,87.88809,254
"2024-08-17 13:00:00",178,25,24,8,17,10,54,12,13,41.7,8.3,41.7,8.3,2218,10,35.7,4,2,7,0,132,63.69647,87.88809,254
"2024-08-17 13:15:00",179,26,24,8,17,11,9,10,13,40,30,30,0,2218,9,35.7,4,2,7.03,10,132,51.05033,82.60118,254
"2024-08-17 13:30:00",180,27,24,8,17,11,24,14,13,50,0,42.9,0,2201,10,35.7,4,2,7,0,132,89.33808,97.72124,254
"2024-08-17 13:45:00",181,528,24,8,17,11,39,12,13,50,0,33.3,0,2218,10,35.7,4,2,7,10,132,76.5755,93.05839,254
"2024-08-17 14:00:00",182,529,24,8,17,11,54,12,13,25,8.3,58.3,0,2218,10,35.7,4,2,7,10,132,38.28775,76.5755,254
"2024-08-17 14:15:00",183,30,24,8,17,12,9,15,13,66.7,13.3,20,0,2236,10,35.7,4,2,7,10,132,127.8596,110.3844,254
"2024-08-17 14:30:00",184,531,24,8,17,12,24,6,13,33.3,0,66.7,0,2218,10,35.7,4,2,7,0,132,25.57192,69.86377,254
"2024-08-17 14:45:00",185,32,24,8,17,12,39,10,13,30,10,60,0,2201,10,35.7,4,2,7,10,132,38.35787,76.71574,254
"2024-08-17 15:00:00",186,33,24,8,17,12,54,12,13,16.7,16.7,41.7,16.7,2218,9,35.7,4,2,7.03,0,132,12.78596,69.86377,254
"2024-08-17 15:15:00",187,34,24,8,17,13,9,12,13,50,0,41.7,8.3,2218,10,35.7,4,2,7,10,132,76.85649,93.39988,254
"2024-08-17 15:30:00",188,35,24,8,17,13,24,14,13,71.4,0,7.2,14.3,2236,10,35.7,4,2,7.03,0,132,115.2848,110.5869,254
"2024-08-17 15:45:00",189,36,24,8,17,13,39,12,13,58.3,8.3,25,0,2218,10,36,4,2,7,0,132,89.66591,98.07983,254
"2024-08-17 16:00:00",190,37,24,8,17,13,54,23,13,47.8,0,39.1,4.4,2236,10,36,4,2,7.03,10,132,128.3297,114.5753,254
"2024-08-17 16:15:00",191,38,24,8,17,14,9,18,13,44.5,0,55.6,0,2218,10,36,4,2,7,10,132,102.6637,102.6637,254
"2024-08-17 16:30:00",192,39,24,8,17,14,24,15,13,33.3,0,60,6.7,2218,10,36,4,2,7,10,132,64.16483,88.53436,254
"2024-08-17 16:45:00",193,540,24,8,17,14,39,9,13,22.2,0,66.7,0,2218,9,36,4,2,7,0,132,25.66593,70.12063,254
"2024-08-17 17:00:00",194,541,24,8,17,14,54,5,13,20,0,80,0,2236,10,35.7,4,2,7,10,132,12.83296,61.96303,254
"2024-08-17 17:15:00",195,542,24,8,17,15,9,10,13,10,10,70,10,2218,9,35.7,4,2,7,0,132,12.8566,62.07715,254
"2024-08-17 17:30:00",196,-2147483648,254,24,8,17,15,24,4,13.5,0,0,75,0,2218,10,35.4,4,2,7,10,132,0,51
"2024-08-17 17:45:00",197,544,24,8,17,15,39,7,13,28.6,14.3,57.2,0,2218,9,35.1,4,2,7,10,132,25.7132,70.24975,254
"2024-08-17 18:00:00",198,545,24,8,17,15,54,9,13,44.5,0,33.3,11.1,2236,10,34.8,4,2,7,0,132,51.42639,83.20965,254
"2024-08-17 18:15:00",199,546,24,8,17,16,9,3,13,33.3,33.3,33.3,0,2218,10,34.5,4,2,7,10,132,12.88032,62.19168,254
"2024-08-17 18:30:00",200,547,24,8,17,16,24,7,13,57.2,0,28.6,14.3,2218,10,34.2,4,2,7.03,0,132,51.52127,83.36318,254
"2024-08-17 18:45:00",201,548,24,8,17,16,39,8,13,37.5,12.5,25,12.5,2218,10,33.9,4,2,7.03,0,132,38.64096,77.28192,254
"2024-08-17 19:00:00",202,549,24,8,17,16,54,7,13,57.2,0,28.6,0,2218,9,33.3,4,2,7.03,10,132,51.52127,83.36318,254
"2024-08-17 19:15:00",203,50,24,8,17,17,9,12,13,50,8.3,41.7,0,2218,9,33,4,2,7.03,10,132,77.42476,94.09046,254
"2024-08-17 19:30:00",204,551,24,8,17,17,24,7,13,57.2,0,42.9,0,2218,9,32.7,3,2,7.03,10,132,51.61651,83.51725,254
"2024-08-17 19:45:00",205,52,24,8,17,17,39,12,14,50,0,41.7,0,2218,10,32.3,3,2,7.03,10,132,73.87441,89.77591,254
"2024-08-17 20:00:00",206,53,24,8,17,17,54,13,14,30.8,0,53.9,7.7,2218,9,32,3,2,7.03,10,132,49.33662,79.82834,254
"2024-08-17 20:15:00",207,54,24,8,17,18,9,11,14,27.3,0,54.6,9.1,2218,9,31.4,3,2,7.03,0,132,24.66831,74.00493,254
"2024-08-17 20:30:00",208,555,24,8,17,18,24,7,14,28.6,0,28.6,28.6,2218,9,31.1,3,2,7.06,10,132,12.33416,67.39507,254
"2024-08-17 20:45:00",209,56,24,8,17,18,39,12,14,16.7,0,66.7,16.7,2218,10,30.8,3,2,7.06,0,132,12.33416,67.39507,254
"2024-08-17 21:00:00",210,557,24,8,17,18,54,5,14,20,0,60,0,2218,10,30.2,3,2,7.03,0,132,12.35599,59.65997,254
"2024-08-17 21:15:00",211,58,24,8,17,19,9,20,14,30,10,45,0,2218,9,29.9,3,2,7.06,10,132,74.13592,90.09368,254
"2024-08-17 21:30:00",212,559,24,8,17,19,24,13,14,30.8,7.7,61.6,0,2218,10,29.3,3,2,7.03,0,132,49.42395,79.9696,254
"2024-08-17 21:45:00",213,560,24,8,17,19,39,7,14,28.6,14.3,57.2,0,2218,10,28.7,3,2,7.03,10,132,24.71197,67.51435,254
"2024-08-17 22:00:00",214,561,24,8,17,19,54,6,14,33.3,16.7,50,0,2218,10,28.1,3,2,7.03,10,132,24.75579,67.63407,254
"2024-08-17 22:15:00",215,62,24,8,17,20,9,11,14,27.3,0,72.7,0,2218,10,27.8,3,2,7.06,10,132,37.13369,74.26737,254
"2024-08-17 22:30:00",216,563,24,8,17,20,24,8,14,50,0,50,0,2236,10,27.5,3,2,7.06,10,132,49.51158,80.11142,254
"2024-08-17 22:45:00",217,564,24,8,17,20,40,2,14,50,0,0,50,2218,10,27.2,3,2,7.06,10,132,12.3779,59.76576,254
"2024-08-17 23:00:00",218,-2147483648,254,24,8,17,20,55,8,14,0,12.5,62.5,0,2218,10,26.9,3,2,7.06,10,132,0,49
"2024-08-17 23:15:00",219,566,24,8,17,21,10,12,14,41.7,16.7,33.3,0,2201,10,26.6,3,2,7.06,10,132,61.9994,85.54652,254
"2024-08-17 23:30:00",220,567,24,8,17,21,25,10,14,30,10,30,20,2218,10,26.6,3,2,7.06,10,132,24.79976,80.2537,254
"2024-08-17 23:45:00",221,568,24,8,17,21,40,6,14,33.3,0,16.7,33.3,2218,10,26.3,3,2,7.06,10,132,12.42194,67.87476,254
"2024-08-18 00:00:00",222,569,24,8,17,21,55,4,14,75,0,25,0,2201,10,25.9,3,2,7.06,10,132,37.26583,74.53167,254
"2024-08-18 00:15:00",223,570,24,8,17,22,10,8,14,37.5,0,37.5,0,2218,10,25.9,3,1,7.06,10,132,37.26583,74.53167,254
"2024-08-18 00:30:00",224,571,24,8,17,22,25,7,14,14.3,0,85.7,0,2236,10,25.6,3,2,7.06,10,132,12.42194,59.97845,254
"2024-08-18 00:45:00",225,572,24,8,17,22,40,5,14,40,0,60,0,2218,10,25.6,3,1,7.06,10,132,24.88817,67.99575,254
"2024-08-18 01:00:00",226,573,24,8,17,22,55,7,14,71.4,0,28.6,0,2201,10,25.6,3,1,7.06,10,132,62.22043,85.85149,254
"2024-08-18 01:15:00",227,574,24,8,17,23,10,6,14,66.7,16.7,16.7,0,2218,10,25.3,3,1,7.06,10,132,49.77634,80.53982,254
"2024-08-18 01:30:00",228,75,24,8,17,23,25,11,14,9.1,27.3,45.5,9.1,2218,9,25.6,2,1,7.06,10,132,12.44409,60.08537,254
"2024-08-18 01:45:00",229,576,24,8,17,23,40,7,14,42.9,0,57.2,0,2218,9,25.6,3,1,7.06,0,132,37.39892,74.79785,254
"2024-08-18 02:00:00",230,77,24,8,17,23,55,15,14,46.7,13.3,40,0,2201,10,25.3,3,1,7.06,10,132,87.26415,95.45269,254
"2024-08-18 02:15:00",231,578,24,8,18,0,10,8,14,37.5,0,37.5,0,2218,10,25.6,3,1,7.06,0,132,37.39892,74.79785,254
"2024-08-18 02:30:00",232,579,24,8,18,0,25,7,14,14.3,0,85.7,0,2218,10,25.6,3,1,7.06,10,132,12.46631,60.19265,254
"2024-08-18 02:45:00",233,580,24,8,18,0,40,9,13,22.2,11.1,33.3,0,2236,10,25.6,3,1,7.06,10,132,24.97722,68.23902,254
"2024-08-18 03:00:00",234,81,24,8,18,0,55,10,13,40,0,60,0,2218,10,25.6,3,1,7.06,10,132,49.95444,80.82797,254
"2024-08-18 03:15:00",235,582,24,8,18,1,10,8,13,62.5,12.5,25,0,2218,10,25.3,3,1,7.06,10,132,62.44305,86.15866,254
"2024-08-18 03:30:00",236,583,24,8,18,1,25,7,13,28.6,0,71.4,0,2218,10,25.3,3,2,7.06,10,132,24.97722,68.23902,254
"2024-08-18 03:45:00",237,584,24,8,18,1,40,9,13,33.3,22.2,22.2,11.1,2218,10,25.3,3,1,7.06,10,132,25.02198,75.06593,254
"2024-08-18 04:00:00",238,585,24,8,18,1,55,9,13,55.6,11.1,22.2,0,2236,10,25.3,3,1,7.06,10,132,62.55494,86.31306,254
"2024-08-18 04:15:00",239,586,24,8,18,2,10,4,13,50,0,25,0,2218,9,25.3,3,1,7.06,10,132,25.02198,68.36132,254
"2024-08-18 04:30:00",240,87,24,8,18,2,25,11,13,54.6,9.1,27.3,9.1,2236,10,25,3,1,7.06,10,132,75.20071,91.38769,254
"2024-08-18 04:45:00",241,588,24,8,18,2,40,7,13,28.6,28.6,14.3,0,2218,10,25,3,1,7.06,0,132,25.0669,68.48405,254
"2024-08-18 05:00:00",242,589,24,8,18,2,55,9,13,55.6,11.1,33.3,0,2218,10,25,3,1,7.06,10,132,62.66726,86.46803,254
"2024-08-18 05:15:00",243,90,24,8,18,3,10,13,13,53.9,0,38.5,0,2218,10,25,3,1,7.06,10,132,87.73416,95.96682,254
"2024-08-18 05:30:00",244,91,24,8,18,3,25,13,13,38.5,7.7,46.2,0,2236,10,25,3,1,7.06,10,132,62.77997,86.62353,254
"2024-08-18 05:45:00",245,592,24,8,18,3,40,6,13,50,16.7,33.3,0,2201,10,25,3,1,7.06,10,132,37.66798,75.33597,254
"2024-08-18 06:00:00",246,593,24,8,18,3,55,8,13,50,0,50,0,2218,9,25,3,1,7.09,10,132,50.22398,81.2641,254
"2024-08-18 06:15:00",247,94,24,8,18,4,10,11,13,54.6,0,45.5,0,2201,10,25,3,1,7.06,10,132,75.33597,91.55204,254
"2024-08-18 06:30:00",248,95,24,8,18,4,25,13,13,53.9,7.7,38.5,0,2218,10,25,3,1,7.06,10,132,88.05031,96.31262,254
"2024-08-18 06:45:00",249,96,24,8,18,4,40,17,13,53,0,41.2,0,2218,9,25.6,3,1,7.06,10,132,113.2075,104.7114,254
"2024-08-18 07:00:00",250,97,24,8,18,4,55,16,13,43.8,0,37.5,12.5,2201,10,25.9,3,2,7.06,0,132,75.47169,100.6289,254
"2024-08-18 07:15:00",251,98,24,8,18,5,10,11,13,45.5,27.3,27.3,0,2218,10,26.6,3,2,7.03,10,132,62.89308,86.77961,254
"2024-08-18 07:30:00",252,99,24,8,18,5,25,19,13,21.1,10.5,57.9,0,2218,9,27.2,3,2,7.06,10,132,50.40529,81.55747,254
"2024-08-18 07:45:00",253,0,24,8,18,5,40,19,13,31.6,0,47.4,5.3,2218,9,27.8,3,2,7.03,10,132,75.60793,91.88257,254
"2024-08-18 08:00:00",254,1,24,8,18,5,55,14,13,35.7,7.2,50,0,2218,10,28.4,3,2,7.06,10,132,63.00662,86.93626,254
"2024-08-18 08:15:00",255,2,24,8,18,6,10,12,13,58.3,8.3,33.3,0,2218,10,28.7,3,2,7.03,10,132,88.36876,96.66096,254
"2024-08-18 08:30:00",256,3,24,8,18,6,25,12,13,41.7,8.3,41.7,0,2236,10,29,3,2,7.03,10,132,63.12055,87.09347,254
"2024-08-18 08:45:00",257,4,24,8,18,6,40,16,13,68.8,0,31.3,0,2218,10,29,3,2,7.06,0,132,138.8652,112.7106,254
"2024-08-18 09:00:00",258,5,24,8,18,6,55,11,13,45.5,9.1,45.5,0,2218,10,29,3,2,7.06,10,132,63.12055,87.09347,254
"2024-08-18 09:15:00",259,606,24,8,18,7,10,11,13,45.5,9.1,45.5,0,2201,10,29,3,2,7.03,10,132,63.2349,87.25125,254
"2024-08-18 09:30:00",260,607,24,8,18,7,25,6,13,66.7,0,33.3,0,2218,10,29.3,3,2,7.06,0,132,50.58792,81.85296,254
"2024-08-18 09:45:00",261,608,24,8,18,7,40,11,13,45.5,0,45.5,0,2218,10,29.3,3,2,7.06,0,132,63.2349,87.25125,254
"2024-08-18 10:00:00",262,9,24,8,18,7,55,13,13,23.1,23.1,46.2,0,2236,10,29.6,4,2,7.03,10,132,37.94094,75.88188,254
"2024-08-18 10:15:00",263,10,24,8,18,8,10,10,13,40,0,60,0,2218,10,29.9,4,2,7.03,0,132,50.67972,82.00152,254
"2024-08-18 10:30:00",264,11,24,8,18,8,25,10,13,60,10,20,0,2201,10,30.2,3,2,7.03,10,132,76.01959,92.38284,254
"2024-08-18 10:45:00",265,-2147483648,254,24,8,18,8,40,9,13.7,11.1,11.1,55.6,11.1,2201,10,30.5,4,2,7.06,0,132,0,61
"2024-08-18 11:00:00",266,13,24,8,18,8,55,16,13,43.8,12.5,37.5,0,2218,9,30.8,4,2,7.03,10,132,88.68952,97.01181,254
"2024-08-18 11:15:00",267,614,24,8,18,9,10,9,13,55.6,11.1,33.3,0,2236,11,31.4,4,2,7.03,10,132,63.46484,87.56852,254
"2024-08-18 11:30:00",268,615,24,8,18,9,25,9,13,55.6,0,22.2,11.1,2218,10,31.7,4,2,7.03,10,132,63.46484,87.56852,254
"2024-08-18 11:45:00",269,616,24,8,18,9,40,7,13,28.6,0,42.9,0,2236,10,32.3,4,2,7,10,132,25.38594,69.35566,254
"2024-08-18 12:00:00",270,617,24,8,18,9,55,7,13,28.6,0,57.2,0,2218,10,33,4,2,7.03,10,132,25.38594,69.35566,254
"2024-08-18 12:15:00",271,18,24,8,18,10,10,15,13,53.3,0,40,0,2201,10,33.3,4,2,7.03,10,132,101.7287,101.7287,254
"2024-08-18 12:30:00",272,19,24,8,18,10,25,10,13,50,0,50,0,2201,10,33.9,4,2,7.03,10,132,63.58045,87.72803,254
"2024-08-18 12:45:00",273,20,24,8,18,10,40,13,13,30.8,0,69.2,0,2218,10,34.5,4,2,7,10,132,50.86436,82.30026,254
"2024-08-18 13:00:00",274,21,24,8,18,10,55,11,13,27.3,0,45.5,9.1,2218,10,34.8,4,2,7,10,132,25.43218,76.29652,254
"2024-08-18 13:15:00",275,22,24,8,18,11,10,13,13,61.6,0,23.1,7.7,2218,10,35.1,4,2,7.03,10,132,101.9143,101.9143,254
"2024-08-18 13:30:00",276,23,24,8,18,11,25,12,13,41.7,25,16.7,8.3,2218,10,35.4,4,2,7,0,132,63.69647,87.88809,254
"2024-08-18 13:45:00",277,24,24,8,18,11,40,17,13,41.2,0,41.2,17.7,2218,10,35.4,5,2,7,0,132,63.69647,101.9143,254
"2024-08-18 14:00:00",278,25,24,8,18,11,55,17,13,23.5,5.9,58.8,11.8,2236,10,35.1,4,2,7,10,132,38.28775,82.60118,254
"2024-08-18 14:15:00",279,26,24,8,18,12,10,17,13,41.2,5.9,41.2,0,2236,10,34.8,5,2,7,0,132,89.33808,97.72124,254
"2024-08-18 14:30:00",280,627,24,8,18,12,25,16,13,37.5,6.3,50,0,2218,10,34.5,5,2,7,10,132,76.5755,93.05839,254
"2024-08-18 14:45:00",281,28,24,8,18,12,40,19,13,42.1,5.3,36.9,5.3,2218,10,34.2,5,2,7.03,10,132,102.1007,102.1007,254
"2024-08-18 15:00:00",282,29,24,8,18,12,55,16,13,43.8,0,37.5,0,2218,10,33.9,6,2,7.03,10,132,89.50171,97.90021,254
"2024-08-18 15:15:00",283,30,24,8,18,13,10,11,13,63.6,9.1,27.3,0,2236,10,33.6,6,2,7.03,10,132,89.50171,97.90021,254
"2024-08-18 15:30:00",284,31,24,8,18,13,26,13,13,53.9,7.7,30.8,0,2218,10,33.6,7,2,7.03,10,132,89.50171,97.90021,254
"2024-08-18 15:45:00",285,32,24,8,18,13,41,15,13,20,6.7,53.3,20,2218,10,33.6,7,2,7.03,10,132,25.57192,82.75245,254
"2024-08-18 16:00:00",286,33,24,8,18,13,56,16,13,62.5,12.5,18.8,6.3,2218,10,33,8,2,7.03,0,132,128.0942,110.5869,254
"2024-08-18 16:15:00",287,34,24,8,18,14,11,12,13,58.3,0,33.3,0,2236,10,32.3,9,2,7.03,10,132,89.66591,98.07983,254
"2024-08-18 16:30:00",288,35,24,8,18,14,26,17,13,53,0,35.3,0,2218,10,31.4,9,2,7.03,0,132,115.2848,106.6327,254
"2024-08-18 16:45:00",289,36,24,8,18,14,41,27,13,55.6,3.7,29.6,3.7,2201,10,30.8,10,2,7.03,10,132,179.6615,128.3297,254
"2024-08-18 17:00:00",290,37,24,8,18,14,56,14,13,42.9,0,50,7.2,2218,10,29.9,10,2,7.06,10,132,64.16483,93.57159,254
"2024-08-18 17:15:00",291,38,24,8,18,15,11,19,13,36.9,5.3,42.1,5.3,2201,10,29.3,11,2,7.03,0,132,89.83074,98.26013,254
"2024-08-18 17:30:00",292,39,24,8,18,15,26,18,13,44.5,5.6,50,0,2218,10,29,11,2,7.06,10,132,102.6637,102.6637,254
"2024-08-18 17:45:00",293,40,24,8,18,15,41,22,13,27.3,0,50,4.6,2218,10,28.7,12,2,7.06,10,132,77.13958,93.74391,254
"2024-08-18 18:00:00",294,641,24,8,18,15,56,16,13,62.5,6.3,12.5,0,2218,9,28.4,13,2,7.03,10,132,128.566,110.9942,254
"2024-08-18 18:15:00",295,42,24,8,18,16,11,18,13,22.2,5.6,55.6,11.1,2218,10,28.4,14,2,7.06,10,132,38.56979,88.69741,254
"2024-08-18 18:30:00",296,43,24,8,18,16,26,17,13,29.4,0,58.8,5.9,2218,10,28.4,15,2,7.03,10,132,64.28299,88.69741,254
"2024-08-18 18:45:00",297,44,24,8,18,16,41,18,13,27.8,0,66.7,0,2218,10,28.1,16,2,7.03,10,132,64.40159,88.86105,254
"2024-08-18 19:00:00",298,45,24,8,18,16,56,13,13,46.2,7.7,38.5,0,2218,10,28.1,17,2,7.03,10,132,77.28192,93.91688,254
"2024-08-18 19:15:00",299,46,24,8,18,17,11,18,13,33.3,5.6,44.5,5.6,2218,10,28.1,18,2,7.06,0,132,64.40159,93.91688,254
"2024-08-18 19:30:00",300,47,24,8,18,17,26,20,13,25,15,40,15,2218,10,27.8,19,2,7.03,0,132,51.52127,93.91688,254
"2024-08-18 19:45:00",301,48,24,8,18,17,41,14,13,42.9,0,50,7.2,2201,9,27.5,20,2,7.03,10,132,64.52063,94.09046,254
"2024-08-18 20:00:00",302,49,24,8,18,17,56,15,13,40,0,40,13.3,2218,10,27.5,21,2,7.06,10,132,64.52063,94.09046,254
"2024-08-18 20:15:00",303,50,24,8,18,18,11,13,13,30.8,0,38.5,15.4,2236,10,27.2,22,2,7.03,0,132,38.71238,83.51725,254
"2024-08-18 20:30:00",304,651,24,8,18,18,26,12,14,25,0,66.7,8.3,2218,10,27.2,23,2,7.06,10,132,36.9372,73.87441,254
"2024-08-18 20:45:00",305,52,24,8,18,18,41,14,14,28.6,0,71.4,0,2218,10,26.9,23,2,7.03,10,132,49.33662,79.82834,254
"2024-08-18 21:00:00",306,53,24,8,18,18,56,15,14,46.7,0,53.3,0,2236,10,26.6,24,2,7.06,10,132,86.33909,94.44083,254
"2024-08-18 21:15:00",307,54,24,8,18,19,11,11,14,36.4,9.1,36.4,9.1,2201,10,26.6,25,2,7.06,10,132,49.33662,79.82834,254
"2024-08-18 21:30:00",308,55,24,8,18,19,26,12,14,41.7,8.3,41.7,8.3,2218,10,26.3,26,2,7.06,10,132,61.67078,85.09308,254
"2024-08-18 21:45:00",309,56,24,8,18,19,41,10,14,70,0,20,0,2201,10,26.3,27,1,7.03,10,132,86.49191,94.60797,254
"2024-08-18 22:00:00",310,57,24,8,18,19,56,10,14,60,10,20,0,2218,10,25.9,27,1,7.03,10,132,74.13592,90.09368,254
"2024-08-18 22:15:00",311,658,24,8,18,20,11,11,14,36.4,0,45.5,0,2218,10,25.9,28,1,7.06,10,132,49.42395,79.9696,254
"2024-08-18 22:30:00",312,59,24,8,18,20,26,15,14,33.3,0,66.7,0,2218,10,25.6,28,1,7.06,10,132,61.88948,85.39484,254
"2024-08-18 22:45:00",313,60,24,8,18,20,41,11,14,54.6,0,45.5,0,2218,10,25.6,29,1,7.06,0,132,74.26737,90.25344,254
"2024-08-18 23:00:00",314,61,24,8,18,20,56,18,14,61.1,0,27.8,0,2218,10,25.6,30,1,7.06,10,132,136.1569,110.5124,254
"2024-08-18 23:15:00",315,662,24,8,18,21,11,9,14,55.6,0,22.2,22.2,2201,10,25.6,31,1,7.06,10,132,49.51158,85.39484,254
"2024-08-18 23:30:00",316,663,24,8,18,21,26,6,14,50,16.7,16.7,16.7,2201,11,25.3,32,1,7.06,10,132,37.19964,74.39927,254
"2024-08-18 23:45:00",317,664,24,8,18,21,41,18,14,22.2,5.6,61.1,5.6,2218,10,25.3,32,1,7.06,10,132,49.59952,80.2537,254
"2024-08-19 00:00:00",318,665,24,8,18,21,56,9,14,22.2,22.2,33.3,11.1,2218,10,25.3,33,1,7.06,10,132,24.79976,67.75421,254
"2024-08-19 00:15:00",319,666,24,8,18,22,11,6,14,50,33.3,16.7,0,2218,10,25.3,34,1,7.06,10,132,37.19964,74.39927,254
"2024-08-19 00:30:00",320,67,24,8,18,22,26,11,14,45.5,0,45.5,0,2218,10,25.3,35,1,7.06,0,132,62.10972,85.69874,254
"2024-08-19 00:45:00",321,668,24,8,18,22,41,8,14,25,0,37.5,0,2236,10,25,35,1,7.06,10,132,24.84389,67.87476,254
"2024-08-19 01:00:00",322,669,24,8,18,22,56,9,14,55.6,0,44.5,0,2218,10,25,36,1,7.03,10,132,62.10972,85.69874,254
"2024-08-19 01:15:00",323,70,24,8,18,23,11,15,14,53.3,0,40,6.7,2218,10,25.3,37,1,7.06,10,132,99.37555,99.37555,254
"2024-08-19 01:30:00",324,71,24,8,18,23,26,11,14,18.2,0,54.6,18.2,2218,10,25,37,1,7.06,10,132,12.44409,67.99575,254
"2024-08-19 01:45:00",325,72,24,8,18,23,41,14,14,35.7,0,50,0,2218,10,25.3,38,1,7.06,10,132,62.22043,85.85149,254
"2024-08-19 02:00:00",326,73,24,8,18,23,56,17,14,23.5,0,70.6,5.9,2236,10,25.3,38,1,7.06,10,132,49.77634,80.53982,254
"2024-08-19 02:15:00",327,74,24,8,19,0,11,15,14,53.3,0,46.7,0,2218,10,25.3,39,1,7.06,0,132,99.73046,99.73046,254
"2024-08-19 02:30:00",328,675,24,8,19,0,26,7,14,28.6,0,42.9,14.3,2218,10,25.3,39,1,7.06,10,132,24.93262,68.11717,254
"2024-08-19 02:45:00",329,76,24,8,19,0,41,11,14,36.4,0,45.5,9.1,2218,10,25.3,39,1,7.06,10,132,49.86523,80.68363,254
"2024-08-19 03:00:00",330,677,24,8,19,0,56,7,14,57.2,28.6,14.3,0,2218,10,25.3,40,1,7.06,0,132,49.86523,80.68363,254
"2024-08-19 03:15:00",331,78,24,8,19,1,11,17,13,47.1,5.9,47.1,0,2218,10,25,40,1,7.09,10,132,99.90887,99.90887,254
"2024-08-19 03:30:00",332,79,24,8,19,1,26,10,13,50,0,40,0,2218,10,25,40,1,7.06,10,132,62.44305,86.15866,254
"2024-08-19 03:45:00",333,680,24,8,19,1,41,6,13,66.7,16.7,16.7,0,2218,10,25,40,1,7.06,10,132,49.95444,80.82797,254
"2024-08-19 04:00:00",334,81,24,8,19,1,56,11,13,45.5,0,36.4,0,2218,11,25,41,1,7.06,10,132,62.44305,86.15866,254
"2024-08-19 04:15:00",335,82,24,8,19,2,11,15,13,26.7,13.3,53.3,6.7,2218,10,24.7,41,1,7.06,10,132,50.04396,80.97283,254
"2024-08-19 04:30:00",336,83,24,8,19,2,26,13,13,30.8,7.7,53.9,0,2218,10,24.7,41,1,7.09,10,132,50.04396,80.97283,254
"2024-08-19 04:45:00",337,684,24,8,19,2,41,5,13,80,0,0,20,2218,10,24.4,42,1,7.09,0,132,50.04396,80.97283,254
"2024-08-19 05:00:00",338,85,24,8,19,2,56,11,13,36.4,0,63.6,0,2236,10,24.4,42,1,7.06,10,132,50.04396,80.97283,254
"2024-08-19 05:15:00",339,86,24,8,19,3,11,12,13,16.7,0,66.7,16.7,2218,10,24.4,42,1,7.06,10,132,12.53345,68.48405,254
"2024-08-19 05:30:00",340,87,24,8,19,3,26,17,13,35.3,17.7,41.2,5.9,2236,10,24.4,42,1,7.06,10,132,75.20071,91.38769,254
"2024-08-19 09:15:00",341,-2147483648,254,24,8,19,7,12,6,14.1,0,16.7,83.3,0,2218,10,37.8,54,3,6.36,10,132,0,49
"2024-08-19 09:30:00",342,-2147483648,254,24,8,19,7,27,6,13.8,0,0,83.3,16.7,2201,11,39,40,3,6.94,10,132,0,50
"2024-08-19 09:45:00",343,704,24,8,19,7,42,6,13,33.3,0,33.3,33.3,2218,10,37.8,18,3,6.94,10,132,12.62411,68.97941,254
"2024-08-19 10:00:00",344,705,24,8,19,7,57,4,13,50,25,25,0,2218,10,37.2,11,3,6.97,10,132,25.24822,68.97941,254
"2024-08-19 10:15:00",345,706,24,8,19,8,12,8,13,75,25,0,0,2218,10,36.9,9,3,6.97,10,132,75.88188,92.21547,254
"2024-08-19 10:30:00",346,7,24,8,19,8,27,10,13,70,0,20,10,2218,10,36.9,8,3,6.97,10,132,88.52885,96.83606,254
"2024-08-19 10:45:00",347,708,24,8,19,8,42,8,13,62.5,0,25,0,2218,10,36.9,7,3,7,10,132,63.2349,87.25125,254
"2024-08-19 11:00:00",348,9,24,8,19,8,57,27,13,48.2,0,40.8,3.7,2218,10,36.9,7,3,7,0,132,164.7091,120.1529,254
"2024-08-19 11:15:00",349,10,24,8,19,9,12,13,13,69.2,7.7,23.1,0,2218,10,37.2,6,3,6.97,0,132,114.0294,105.4716,254
"2024-08-19 11:30:00",350,11,24,8,19,9,27,27,13,40.8,3.7,48.2,0,2218,10,37.2,6,3,6.97,10,132,139.3693,113.1197,254
"2024-08-19 11:45:00",351,12,24,8,19,9,42,26,13,61.6,7.7,19.2,3.9,2218,10,37.2,6,3,6.97,10,132,202.7189,129.8188,254
"2024-08-19 12:00:00",352,13,24,8,19,9,57,18,13,50,5.6,33.3,5.6,2218,10,37.5,6,3,6.97,0,132,114.2367,105.6633,254
"2024-08-19 12:15:00",353,14,24,8,19,10,12,23,13,43.5,0,39.1,0,2236,10,37.8,6,3,6.97,10,132,126.9297,109.5816,254
"2024-08-19 12:30:00",354,15,24,8,19,10,27,18,13,38.9,0,61.1,0,2218,10,38.1,6,3,7,0,132,88.85077,97.18819,254
"2024-08-19 12:45:00",355,16,24,8,19,10,42,29,13,48.3,3.5,44.8,3.5,2201,11,38.7,6,3,6.97,10,132,165.3091,123.9306,254
"2024-08-19 13:00:00",356,17,24,8,19,10,57,25,13,36,8,40,4,2218,10,39,5,3,6.97,0,132,114.4448,105.8558,254
"2024-08-19 13:15:00",357,718,24,8,19,11,12,22,13,50,4.6,31.8,0,2236,11,39.4,6,3,6.97,10,132,139.877,113.5318,254
"2024-08-19 13:30:00",358,19,24,8,19,11,27,32,13,43.8,3.1,40.6,0,2236,10,39.4,5,3,7,0,132,178.0252,123.9306,254
"2024-08-19 14:00:00",359,21,24,8,19,11,57,32,13,53.1,0,43.8,3.1,2218,10,39,6,3,6.97,0,132,214.2225,132.1284,254
"2024-08-19 14:15:00",360,22,24,8,19,12,12,32,13,46.9,0,43.8,6.3,2218,10,38.4,5,3,7,0,132,178.3501,127.3929,254
"2024-08-19 14:30:00",361,23,24,8,19,12,27,34,13,58.8,0,41.2,0,2218,10,38.1,5,3,6.97,10,132,254.7859,142.2361,254
"2024-08-19 14:45:00",362,24,24,8,19,12,42,40,13,45,2.5,47.5,2.5,2236,10,38.1,5,3,7,10,132,229.7265,136.7868,254
"2024-08-19 15:00:00",363,25,24,8,19,12,57,31,13,45.2,0,51.6,3.2,2218,10,38.4,5,3,7,10,132,178.6762,124.3837,254
"2024-08-19 15:15:00",364,26,24,8,19,13,12,24,13,45.8,4.2,45.8,0,2218,10,38.4,5,3,6.97,10,132,140.3884,113.9469,254
"2024-08-19 15:30:00",365,27,24,8,19,13,27,28,13,35.7,7.2,50,0,2218,10,38.1,5,3,7,10,132,127.6258,110.1826,254
"2024-08-19 15:45:00",366,28,24,8,19,13,42,35,13,51.4,0,40,2.9,2218,10,37.2,5,3,7,10,132,230.1472,137.0373,254
"2024-08-19 16:00:00",367,29,24,8,19,13,57,38,13,31.6,2.6,65.8,0,2218,10,36,5,2,7,10,132,153.4315,117.7728,254
"2024-08-19 16:15:00",368,30,24,8,19,14,12,37,13,37.9,0,62.2,0,2218,11,34.5,4,2,7.03,0,132,179.0034,124.6115,254
"2024-08-19 16:30:00",369,31,24,8,19,14,27,34,13,47.1,0,50,3,2218,10,32.7,4,2,7.03,10,132,191.7894,131.0076,254
"2024-08-19 16:45:00",370,32,24,8,19,14,42,24,13,54.2,4.2,37.5,4.2,2236,11,31.4,4,2,7.03,10,132,166.5224,121.4757,254
"2024-08-19 17:00:00",371,33,24,8,19,14,57,20,13,45,0,55,0,2218,10,30.5,4,2,7.06,0,132,115.2848,106.6327,254
"2024-08-19 17:15:00",372,34,24,8,19,15,12,28,13,28.6,0,64.3,0,2236,10,29.6,3,2,7.03,0,132,102.4753,102.4753,254
"2024-08-19 17:30:00",373,35,24,8,19,15,27,26,13,46.2,7.7,34.6,3.9,2218,10,28.7,3,2,7.03,10,132,140.9036,117.9888,254
"2024-08-19 17:45:00",374,36,24,8,19,15,42,31,13,29,0,64.5,3.2,2201,10,28.1,3,2,7.06,10,132,115.4967,106.8287,254
"2024-08-19 18:00:00",375,37,24,8,19,15,57,25,13,28,0,68,0,2218,10,27.5,3,2,7.06,10,132,89.83074,98.26013,254
"2024-08-19 18:15:00",376,38,24,8,19,16,12,25,13,68,0,24,0,2218,10,27.2,3,2,7.03,10,132,218.1604,134.5572,254
"2024-08-19 18:30:00",377,39,24,8,19,16,27,26,13,30.8,3.9,53.9,0,2218,10,26.9,3,2,7.06,10,132,102.8528,102.8528,254
"2024-08-19 18:45:00",378,40,24,8,19,16,42,23,13,21.8,4.4,65.2,0,2218,10,26.6,3,2,7.06,10,132,64.28299,88.69741,254
"2024-08-19 19:00:00",379,41,24,8,19,16,57,23,13,43.5,0,47.8,4.4,2218,10,26.3,3,1,7.06,10,132,115.7094,110.9942,254
"2024-08-19 19:15:00",380,42,24,8,19,17,12,29,13,55.2,0,34.5,3.5,2218,10,25.9,3,1,7.06,10,132,205.7056,131.7314,254
"2024-08-19 19:30:00",381,43,24,8,19,17,27,22,13,50,9.1,31.8,4.6,2218,10,25.9,3,1,7.06,0,132,128.8032,114.9981,254
"2024-08-19 19:45:00",382,44,24,8,19,17,42,27,13,55.6,0,44.5,0,2218,10,25.3,3,1,7.06,10,132,193.2048,128.8032,254
"2024-08-19 20:00:00",383,45,24,8,19,17,57,13,13,53.9,0,38.5,0,2218,10,25,3,1,7.06,0,132,90.16223,98.62271,254
"2024-08-19 20:15:00",384,46,24,8,19,18,12,28,13,46.4,0,50,0,2218,10,25,3,1,7.06,10,132,167.4441,122.1481,254
"2024-08-19 20:30:00",385,747,24,8,19,18,27,16,13,43.8,0,37.5,18.8,2218,10,24.7,3,1,7.06,10,132,77.42476,103.233,254
"2024-08-19 20:45:00",386,748,24,8,19,18,42,15,13,53.3,13.3,26.7,6.7,2218,10,24.7,3,1,7.06,10,132,103.233,103.233,254
"2024-08-19 21:00:00",387,49,24,8,19,18,57,34,13,35.3,3,50,8.8,2218,10,24.7,3,1,7.06,10,132,141.9454,122.3739,254
"2024-08-19 21:15:00",388,50,24,8,19,19,12,23,14,69.6,0,26.1,0,2218,10,24.7,3,1,7.06,10,132,196.9984,126.1555,254
"2024-08-19 21:30:00",389,51,24,8,19,19,27,28,14,50,0,46.4,0,2218,10,24.4,3,1,7.09,10,132,172.6782,120.2083,254
"2024-08-19 21:45:00",390,52,24,8,19,19,42,25,14,60,4,28,0,2218,10,24.4,3,1,7.06,10,132,185.0123,123.3416,254
"2024-08-19 22:00:00",391,53,24,8,19,19,57,31,14,51.6,3.2,41.9,0,2201,10,24.4,3,1,7.09,0,132,197.3465,126.3784,254
"2024-08-19 22:15:00",392,54,24,8,19,20,12,14,14,50,14.3,28.6,0,2201,10,24.4,3,1,7.06,10,132,86.33909,94.44083,254
"2024-08-19 22:30:00",393,755,24,8,19,20,27,38,14,44.7,5.3,42.1,2.6,2218,10,24.4,3,1,7.06,10,132,210.0518,129.556,254
"2024-08-19 22:45:00",394,56,24,8,19,20,42,22,14,36.4,9.1,40.9,9.1,2218,11,24.4,3,1,7.09,10,132,86.49191,102.8581,254
"2024-08-19 23:00:00",395,57,24,8,19,20,57,29,14,44.8,0,44.8,3.5,2236,10,24.4,3,1,7.06,10,132,148.2718,117.1757,254
"2024-08-19 23:15:00",396,58,24,8,19,21,12,22,14,27.3,0,72.7,0,2201,10,24.7,3,1,7.06,10,132,74.26737,90.25344,254
"2024-08-19 23:30:00",397,759,24,8,19,21,27,21,14,47.6,0,42.9,4.8,2218,10,24.4,3,1,7.09,10,132,123.779,106.8615,254
"2024-08-19 23:45:00",398,60,24,8,19,21,42,18,14,33.3,11.1,44.5,11.1,2218,10,24.4,3,1,7.06,10,132,61.88948,90.25344,254
"2024-08-20 00:00:00",399,61,24,8,19,21,57,23,14,60.9,4.4,26.1,4.4,2218,10,24.4,3,1,7.09,10,132,173.2905,120.6345,254
"2024-08-20 00:15:00",400,62,24,8,19,22,12,22,14,36.4,0,40.9,0,2218,10,24.1,3,1,7.06,0,132,99.19903,99.19903,254
"2024-08-20 00:30:00",401,63,24,8,19,22,27,28,14,75,0,25,0,2218,10,23.8,3,1,7.06,10,132,260.3975,141.1209,254
"2024-08-20 00:45:00",402,64,24,8,19,22,43,23,14,39.1,4.4,47.8,4.4,2218,10,23.8,3,1,7.09,10,132,99.19903,103.2235,254
"2024-08-20 01:00:00",403,65,24,8,19,22,58,21,14,42.9,4.8,42.9,4.8,2218,10,23.8,3,1,7.09,10,132,99.19903,103.2235,254
"2024-08-20 01:15:00",404,66,24,8,19,23,13,24,14,58.3,0,41.7,0,2218,10,23.5,3,1,7.09,10,132,173.9072,121.0639,254
"2024-08-20 01:30:00",405,767,24,8,19,23,28,24,14,29.2,4.2,54.2,0,2218,10,23.5,3,1,7.06,10,132,86.9536,95.11301,254
"2024-08-20 01:45:00",406,68,24,8,19,23,43,20,14,45,0,40,0,2218,10,23.5,3,1,7.06,10,132,111.7975,103.4072,254
"2024-08-20 02:00:00",407,69,24,8,19,23,58,25,14,32,8,48,0,2218,10,23.2,3,1,7.09,10,132,99.37555,99.37555,254
"2024-08-20 02:15:00",408,70,24,8,20,0,13,20,14,35,0,50,15,2236,10,23.2,3,1,7.06,10,132,74.66453,99.55268,254
"2024-08-20 02:30:00",409,71,24,8,20,0,28,20,14,50,0,40,0,2218,10,23.2,3,1,7.06,0,132,124.4409,107.4329,254
"2024-08-20 02:45:00",410,772,24,8,20,0,43,23,14,34.8,0,60.9,4.4,2218,10,22.9,3,1,7.06,10,132,87.1086,99.55268,254
"2024-08-20 03:00:00",411,73,24,8,20,0,58,16,14,37.5,6.3,56.3,0,2218,10,22.9,3,1,7.09,10,132,74.66453,90.73609,254
"2024-08-20 03:15:00",412,74,24,8,20,1,13,20,14,70,0,25,0,2218,10,22.9,3,1,7.09,10,132,174.5283,121.4962,254
"2024-08-20 03:30:00",413,75,24,8,20,1,28,18,14,16.7,5.6,72.2,0,2218,10,22.3,3,1,7.09,10,132,37.39892,74.79785,254
"2024-08-20 03:45:00",414,76,24,8,20,1,43,36,14,52.8,0,44.5,0,2218,10,22.3,3,1,7.06,10,132,236.8598,136.4347,254
"2024-08-20 04:00:00",415,77,24,8,20,1,58,16,13,31.3,6.3,62.5,0,2236,10,22.3,3,1,7.06,10,132,62.44305,86.15866,254
"2024-08-20 04:15:00",416,78,24,8,20,2,13,22,13,36.4,0,54.6,4.6,2236,10,22,3,1,7.09,10,132,99.90887,99.90887,254
"2024-08-20 04:30:00",417,79,24,8,20,2,28,21,13,52.4,0,47.6,0,2218,10,22,3,1,7.06,10,132,137.3747,111.5008,254
"2024-08-20 04:45:00",418,80,24,8,20,2,43,26,13,30.8,0,65.4,0,2236,10,21.7,3,1,7.06,10,132,99.90887,99.90887,254
"2024-08-20 05:00:00",419,81,24,8,20,2,58,29,13,20.7,10.4,62.1,3.5,2218,10,21.7,3,1,7.06,10,132,75.06593,91.22391,254
"2024-08-20 05:15:00",420,82,24,8,20,3,13,20,13,45,5,50,0,2218,10,21.4,2,1,7.09,10,132,112.5989,104.1484,254
"2024-08-20 05:30:00",421,83,24,8,20,3,28,25,13,64,0,32,0,2201,10,21.4,3,1,7.06,10,132,200.1758,128.1903,254
"2024-08-20 05:45:00",422,84,24,8,20,3,43,17,13,41.2,0,53,0,2218,10,21.1,3,1,7.09,0,132,87.57694,95.79481,254
"2024-08-20 06:00:00",423,85,24,8,20,3,58,29,13,41.4,3.5,51.7,0,2218,10,21.1,2,1,7.09,0,132,150.4014,115.4469,254
"2024-08-20 06:15:00",424,786,24,8,20,4,13,20,13,55,0,45,0,2218,10,21.1,2,1,7.09,10,132,137.868,111.9012,254
"2024-08-20 06:30:00",425,87,24,8,20,4,28,16,13,31.3,12.5,50,6.3,2218,10,21.4,3,1,7.09,10,132,62.66726,86.46803,254
"2024-08-20 06:45:00",426,88,24,8,20,4,43,25,13,52,0,40,0,2218,10,21.7,3,1,7.06,10,132,162.9349,118.8587,254
"2024-08-20 07:00:00",427,89,24,8,20,4,58,32,13,37.5,0,59.4,3.1,2236,10,22.6,3,1,7.06,10,132,150.6719,115.6545,254
"2024-08-20 07:15:00",428,90,24,8,20,5,13,35,13,42.9,0,54.3,2.9,2236,10,23.2,3,1,7.09,10,132,175.7839,125.5599,254
"2024-08-20 07:30:00",429,91,24,8,20,5,28,29,13,44.8,3.5,51.7,0,2218,10,24.1,3,1,7.09,0,132,163.2279,119.0725,254
"2024-08-20 07:45:00",430,92,24,8,20,5,43,24,13,50,0,45.8,4.2,2218,10,24.7,3,1,7.06,10,132,150.6719,115.6545,254
"2024-08-20 08:00:00",431,93,24,8,20,5,58,18,13,38.9,0,55.6,5.6,2218,10,25.3,3,1,7.03,10,132,88.05031,96.31262,254
"2024-08-20 08:15:00",432,94,24,8,20,6,13,26,13,26.9,3.9,65.4,0,2218,10,26.3,3,2,7.06,10,132,88.05031,96.31262,254
"2024-08-20 08:30:00",433,795,24,8,20,6,28,23,13,52.2,0,26.1,17.4,2201,11,26.6,3,2,7.06,10,132,125.7862,119.287,254
"2024-08-20 08:45:00",434,96,24,8,20,6,43,27,13,63,3.7,33.3,0,2201,11,27.2,3,2,7.06,10,132,214.2225,132.1284,254
"2024-08-20 09:00:00",435,97,24,8,20,6,58,28,13,39.3,0,53.6,0,2236,10,27.5,3,2,7.06,10,132,138.6146,112.5072,254
"2024-08-20 09:15:00",436,98,24,8,20,7,13,19,13,42.1,5.3,47.4,0,2218,10,27.8,3,2,7.06,10,132,100.8106,100.8106,254
"2024-08-20 09:30:00",437,99,24,8,20,7,28,25,13,64,4,24,0,2218,10,27.8,3,2,7.03,10,132,200.1758,128.1903,254
"2024-08-20 09:45:00",438,0,24,8,20,7,43,21,13,52.4,0,47.6,0,2201,10,28.1,3,2,7.06,10,132,138.8652,112.7106,254
"2024-08-20 10:00:00",439,1,24,8,20,7,58,23,13,34.8,4.4,43.5,4.4,2218,10,28.1,3,2,7.03,10,132,88.36876,100.9929,254
"2024-08-20 10:15:00",440,802,24,8,20,8,13,20,13,60,0,40,0,2218,10,28.1,3,2,7.03,0,132,151.4893,116.282,254
"2024-08-20 10:30:00",441,3,24,8,20,8,28,23,13,17.4,8.7,69.6,4.4,2218,10,28.4,3,2,7.03,10,132,50.49643,81.70495,254
"2024-08-20 10:45:00",442,4,24,8,20,8,43,29,13,58.6,0,41.4,0,2218,10,28.4,3,2,7.06,10,132,214.9987,132.6071,254
"2024-08-20 11:00:00",443,5,24,8,20,8,58,15,13,40,0,33.3,26.7,2236,10,29,4,2,7.06,10,132,50.58792,96.83606,254
"2024-08-20 11:15:00",444,6,24,8,20,9,13,24,13,41.7,4.2,50,0,2218,10,29.3,4,2,7.03,10,132,126.4698,109.1845,254
"2024-08-20 11:30:00",445,7,24,8,20,9,28,19,13,57.9,0,36.9,5.3,2218,11,29.9,4,2,7.03,10,132,139.1168,112.9148,254
"2024-08-20 11:45:00",446,8,24,8,20,9,43,29,13,13.8,3.5,69,3.5,2201,11,30.5,4,2,7.03,10,132,50.67972,82.00152,254
"2024-08-20 12:00:00",447,9,24,8,20,9,58,14,13,64.3,0,35.7,0,2218,10,30.8,4,2,7.03,0,132,114.0294,105.4716,254
"2024-08-20 12:15:00",448,10,24,8,20,10,13,22,13,40.9,4.6,50,0,2218,10,31.1,4,2,7.03,10,132,114.0294,105.4716,254
"2024-08-20 12:30:00",449,11,24,8,20,10,28,13,13,38.5,0,61.6,0,2218,10,31.1,4,2,7.03,10,132,63.34967,87.40958,254
"2024-08-20 12:45:00",450,12,24,8,20,10,43,17,13,29.4,0,58.8,5.9,2218,10,31.4,4,2,7.03,10,132,63.34967,87.40958,254
"2024-08-20 13:00:00",451,13,24,8,20,10,58,10,13,50,0,40,10,2218,10,31.4,4,2,7.03,10,132,63.34967,87.40958,254
"2024-08-20 13:15:00",452,14,24,8,20,11,13,22,13,45.5,0,45.5,4.6,2236,10,31.7,4,2,7.03,0,132,114.2367,109.5816,254
"2024-08-20 13:30:00",453,15,24,8,20,11,28,14,13,28.6,7.2,57.2,0,2218,10,32,4,2,7.03,10,132,50.77187,82.15062,254
"2024-08-20 13:45:00",454,16,24,8,20,11,43,12,13,41.7,0,50,8.3,2218,10,32.3,4,2,7,0,132,63.46484,87.56852,254
"2024-08-20 14:00:00",455,17,24,8,20,11,58,13,13,53.9,0,30.8,7.7,2236,10,32.3,4,2,7.03,0,132,88.85077,97.18819,254
"2024-08-20 14:15:00",456,18,24,8,20,12,13,10,13,40,0,50,10,2218,10,32.3,4,2,7,10,132,50.77187,82.15062,254
"2024-08-20 14:30:00",457,19,24,8,20,12,28,14,13,57.2,0,35.7,7.2,2218,10,32,4,2,7.03,10,132,101.5437,101.5437,254
"2024-08-20 14:45:00",458,20,24,8,20,12,43,18,13,44.5,5.6,38.9,0,2218,10,32,4,2,7.03,10,132,101.7287,101.7287,254
"2024-08-20 15:00:00",459,21,24,8,20,12,58,24,13,70.8,0,25,0,2218,10,31.7,4,2,7.06,10,132,216.1735,133.3318,254
"2024-08-20 15:15:00",460,22,24,8,20,13,13,28,13,53.6,7.2,32.2,0,2218,10,31.7,3,2,7.03,0,132,190.7413,127.1609,254
"2024-08-20 15:30:00",461,23,24,8,20,13,28,21,13,76.2,0,19.1,0,2218,10,31.4,4,2,7.03,10,132,203.4574,130.2917,254
"2024-08-20 15:45:00",462,24,24,8,20,13,43,22,13,40.9,0,59.1,0,2218,10,31.4,4,2,7.03,10,132,114.4448,105.8558,254
"2024-08-20 16:00:00",463,25,24,8,20,13,58,19,13,47.4,5.3,42.1,0,2218,10,31.1,4,2,7.06,0,132,114.4448,105.8558,254
"2024-08-20 16:15:00",464,826,24,8,20,14,13,28,13,35.7,0,42.9,7.2,2236,10,31.1,4,2,7.03,10,132,114.6536,113.739,254
"2024-08-20 16:30:00",465,27,24,8,20,14,28,21,13,28.6,4.8,61.9,4.8,2218,10,30.5,4,2,7.03,10,132,76.43576,92.88859,254
"2024-08-20 16:45:00",466,28,24,8,20,14,43,22,13,59.1,0,36.4,4.6,2218,10,30.2,3,2,7.03,10,132,165.6108,120.8107,254
"2024-08-20 17:00:00",467,29,24,8,20,14,58,22,13,63.6,0,27.3,4.6,2236,10,29.9,3,2,7.03,10,132,165.6108,124.1567,254
"2024-08-20 17:15:00",468,30,24,8,20,15,13,18,13,33.3,5.6,50,5.6,2236,11,29.9,3,2,7.03,0,132,63.69647,92.88859,254
"2024-08-20 17:30:00",469,30,24,8,20,15,13,18,13,33.3,5.6,50,5.6,2236,11,29.9,3,2,7.03,0,132,63.69647,92.88859,254
"2024-08-20 17:45:00",470,31,24,8,20,15,29,22,13,63.6,0,36.4,0,2201,10,29.6,3,2,7.03,10,132,178.6762,124.3837,254
"2024-08-20 18:00:00",471,32,24,8,20,15,44,35,13,51.4,0,40,0,2218,10,29.3,3,2,7.06,0,132,230.5695,137.2887,254
"2024-08-20 18:15:00",472,33,24,8,20,15,59,14,13,14.3,0,85.7,0,2218,10,29,3,2,7.06,10,132,25.61884,69.99195,254
"2024-08-20 18:30:00",473,34,24,8,20,16,14,23,13,17.4,0,78.3,0,2201,11,28.4,3,2,7.06,10,132,51.33186,83.05669,254
"2024-08-20 18:45:00",474,35,24,8,20,16,29,23,13,39.1,0,56.5,4.4,2218,10,27.8,3,2,7.03,0,132,102.6637,106.8287,254
"2024-08-20 19:00:00",475,36,24,8,20,16,44,27,13,55.6,0,44.5,0,2201,11,27.2,3,2,7.03,0,132,192.4945,128.3297,254
"2024-08-20 19:15:00",476,37,24,8,20,16,59,16,13,56.3,0,43.8,0,2218,10,26.6,3,2,7.03,10,132,115.4967,106.8287,254
"2024-08-20 19:30:00",477,838,24,8,20,17,14,24,13,41.7,8.3,45.8,0,2218,10,25.9,3,1,7.06,10,132,128.566,110.9942,254
"2024-08-20 19:45:00",478,39,24,8,20,17,29,31,13,51.6,3.2,41.9,3.2,2201,10,25,3,1,7.06,10,132,205.7056,131.7314,254
"2024-08-20 20:00:00",479,-2147483648,24,8,20,17,44,28,13,50,0,50,0,2218,10,24.4,3,1,7.06,10,132,179.9924,125.3,254
"2024-08-20 20:15:00",480,41,24,8,20,17,59,38,13,50,7.9,36.9,0,2201,11,23.8,3,1,7.06,10,132,244.2754,140.7061,254
"2024-08-20 20:30:00",481,42,24,8,20,18,14,35,13,62.9,0,34.3,2.9,2218,10,23.5,2,1,7.06,0,132,270.4867,149.3043,254
"2024-08-20 20:45:00",482,843,24,8,20,18,29,44,13,56.8,0,40.9,0,2218,11,22.9,2,1,7.09,10,132,322.008,157.1146,254
"2024-08-20 21:00:00",483,44,24,8,20,18,44,45,13,55.6,0,31.1,4.5,2201,10,22.3,2,1,7.06,10,132,309.1277,157.1146,254
"2024-08-20 21:15:00",484,845,24,8,20,18,59,40,13,55,0,45,0,2218,10,22,2,1,7.09,10,132,283.367,149.3043,254
"2024-08-20 21:30:00",485,846,24,8,20,19,14,61,13,41,1.7,52.5,3.3,2218,10,21.7,2,1,7.09,0,132,309.699,157.405,254
"2024-08-20 21:45:00",486,47,24,8,20,19,29,44,13,45.5,0,47.7,2.3,2218,10,21.4,2,1,7.09,10,132,258.0825,144.0765,254
"2024-08-20 22:00:00",487,48,24,8,20,19,44,42,13,47.6,2.4,47.6,0,2218,10,21.1,2,1,7.09,10,132,258.0825,144.0765,254
"2024-08-20 22:15:00",488,49,24,8,20,19,59,54,14,44.5,1.9,48.2,1.9,2218,10,20.8,2,1,7.06,10,132,296.0197,148.0099,254
"2024-08-20 22:30:00",489,50,24,8,20,20,14,41,14,61,0,36.6,2.5,2218,10,20.5,2,1,7.06,10,132,296.0197,150.4525,254
"2024-08-20 22:45:00",490,51,24,8,20,20,29,48,14,35.4,2.1,60.4,0,2218,10,20.2,2,1,7.09,10,132,209.6806,129.3271,254
"2024-08-20 23:00:00",491,52,24,8,20,20,44,40,14,37.5,5,50,2.5,2218,10,20.2,2,1,7.09,10,132,185.0123,123.3416,254
"2024-08-20 23:15:00",492,853,24,8,20,20,59,46,14,34.8,6.5,50,4.4,2218,10,19.9,2,1,7.09,10,132,185.3398,126.602,254
"2024-08-20 23:30:00",493,854,24,8,20,21,14,30,14,13.3,0,83.3,0,2218,10,19.9,2,1,7.09,10,132,49.42395,79.9696,254
"2024-08-20 23:45:00",494,55,24,8,20,21,29,27,14,25.9,0,70.4,0,2218,10,19.5,2,1,7.09,10,132,86.49191,94.60797,254
"2024-08-21 00:00:00",495,56,24,8,20,21,44,30,14,30,0,66.7,3.3,2218,10,19.5,2,1,7.09,10,132,111.2039,102.8581,254
"2024-08-21 00:15:00",496,57,24,8,20,21,59,30,14,46.7,3.3,43.3,3.3,2218,10,19.5,2,1,7.09,0,132,173.2905,120.6345,254
"2024-08-21 00:30:00",497,58,24,8,20,22,14,21,14,14.3,9.5,66.7,0,2236,10,19.2,2,1,7.09,10,132,37.13369,74.26737,254
"2024-08-21 00:45:00",498,59,24,8,20,22,29,15,14,13.3,6.7,73.3,0,2236,10,19.2,2,1,7.09,10,132,24.75579,67.63407,254
"2024-08-21 01:00:00",499,60,24,8,20,22,44,26,14,50,0,50,0,2218,10,19.2,2,1,7.09,10,132,160.9126,117.3835,254
"2024-08-21 01:15:00",500,61,24,8,20,22,59,24,14,37.5,0,58.3,0,2218,10,18.9,2,1,7.09,10,132,111.5989,103.2235,254
"2024-08-21 01:30:00",501,62,24,8,20,23,14,23,14,26.1,8.7,60.9,0,2201,10,18.9,2,1,7.09,10,132,74.39927,90.41375,254
"2024-08-21 01:45:00",502,63,24,8,20,23,29,19,14,15.8,0,73.7,0,2201,10,18.9,2,1,7.06,0,132,37.19964,74.39927,254
"2024-08-21 02:00:00",503,64,24,8,20,23,44,15,14,53.3,6.7,33.3,6.7,2218,10,18.9,2,1,7.12,10,132,99.19903,99.19903,254
"2024-08-21 02:15:00",504,65,24,8,20,23,59,20,14,60,0,35,0,2236,10,18.6,2,1,7.09,10,132,149.0633,114.4198,254
"2024-08-21 02:30:00",505,66,24,8,21,0,14,18,14,27.8,5.6,55.6,11.1,2218,10,18.6,2,1,7.09,10,132,49.68778,85.69874,254
"2024-08-21 02:45:00",506,67,24,8,21,0,29,16,14,37.5,0,56.3,6.3,2236,10,18.6,2,1,7.09,10,132,74.53167,90.57464,254
"2024-08-21 03:00:00",507,68,24,8,21,0,44,15,14,33.3,6.7,53.3,6.7,2218,10,18.3,2,1,7.12,0,132,62.10972,85.69874,254
"2024-08-21 03:15:00",508,-2147483648,254,24,8,21,0,59,8,14,0,0,87.5,12.5,2218,10,18.3,2,1,7.09,10,132,0,49
"2024-08-21 03:30:00",509,870,24,8,21,1,14,17,14,41.2,0,53,0,2218,10,18.3,2,1,7.09,10,132,87.1086,95.28255,254
"2024-08-21 03:45:00",510,71,24,8,21,1,29,17,14,35.3,11.8,47.1,5.9,2218,10,18,2,1,7.12,10,132,74.66453,90.73609,254
"2024-08-21 04:00:00",511,72,24,8,21,1,44,11,14,54.6,0,36.4,9.1,2218,10,18,2,1,7.09,10,132,74.66453,90.73609,254
"2024-08-21 04:15:00",512,73,24,8,21,1,59,12,14,25,8.3,50,0,2218,10,18,2,1,7.12,10,132,37.39892,74.79785,254
"2024-08-21 04:30:00",513,74,24,8,21,2,14,16,14,18.8,6.3,43.8,12.5,2218,11,17.7,2,1,7.12,10,132,24.93262,80.68363,254
"2024-08-21 04:45:00",514,875,24,8,21,2,29,9,14,44.5,0,55.6,0,2218,10,17.7,2,1,7.09,10,132,49.86523,80.68363,254
"2024-08-21 05:00:00",515,76,24,8,21,2,44,12,14,50,0,41.7,0,2218,10,17.4,2,1,7.09,0,132,74.79785,90.89809,254
"2024-08-21 05:15:00",516,77,24,8,21,2,59,10,13,30,0,50,10,2218,10,17.4,2,1,7.12,10,132,37.46583,74.93165,254
"2024-08-21 05:30:00",517,878,24,8,21,3,14,9,13,44.5,0,55.6,0,2218,10,17.4,2,1,7.09,10,132,49.95444,80.82797,254
"2024-08-21 05:45:00",518,79,24,8,21,3,29,12,13,50,0,25,16.7,2218,10,17.1,2,1,7.09,10,132,62.44305,91.06073,254
"2024-08-21 06:00:00",519,80,24,8,21,3,44,13,13,76.9,0,15.4,0,2218,10,16.8,2,1,7.09,10,132,125.1099,108.0105,254
"2024-08-21 06:15:00",520,881,24,8,21,3,59,8,13,50,0,50,0,2218,10,16.8,2,1,7.12,10,132,50.04396,80.97283,254
"2024-08-21 06:30:00",521,82,24,8,21,4,14,19,13,31.6,0,52.6,5.3,2218,10,16.8,2,1,7.09,10,132,75.06593,91.22391,254
"2024-08-21 06:45:00",522,83,24,8,21,4,29,13,13,30.8,7.7,53.9,0,2218,10,17.1,2,1,7.12,10,132,50.04396,80.97283,254
"2024-08-21 07:00:00",523,84,24,8,21,4,44,13,13,76.9,0,15.4,0,2236,10,17.7,2,1,7.09,10,132,125.3345,108.2044,254
"2024-08-21 07:15:00",524,85,24,8,21,5,0,21,13,61.9,0,38.1,0,2218,10,18.3,2,1,7.09,10,132,162.9349,118.8587,254
"2024-08-21 07:30:00",525,886,24,8,21,5,15,4,13,75,0,0,0,2201,11,19.2,2,1,7.09,10,132,37.60035,75.20071,254
"2024-08-21 07:45:00",526,887,24,8,21,5,30,18,13,61.1,5.6,33.3,0,2218,10,19.9,2,1,7.09,10,132,137.868,111.9012,254
"2024-08-21 08:45:00",527,91,24,8,21,6,30,16,14,25,6.3,62.5,0,2236,11,26.3,3,2,7.06,10,132,49.24961,79.68754,254
"2024-08-21 09:00:00",528,92,24,8,21,6,45,14,13,28.6,7.2,64.3,0,2201,11,27.8,3,2,7.03,10,132,49.95444,80.82797,254
"2024-08-21 09:15:00",529,93,24,8,21,7,0,19,13,42.1,10.5,42.1,0,2218,10,27.8,3,2,7.03,10,132,100.6289,100.6289,254
"2024-08-21 09:30:00",530,94,24,8,21,7,15,33,13,75.8,0,24.3,0,2218,10,28.1,4,2,7.06,10,132,314.4654,153.4345,254
"2024-08-21 09:45:00",531,95,24,8,21,7,30,24,13,62.5,0,29.2,4.2,2218,10,28.4,3,2,7.03,10,132,189.0198,126.0132,254
"2024-08-21 10:00:00",532,96,24,8,21,7,45,30,13,63.3,0,36.7,0,2218,10,28.7,3,2,7.06,10,132,239.4251,137.9123,254
"2024-08-21 10:15:00",533,97,24,8,21,8,0,21,13,33.3,4.8,57.2,0,2201,11,29,3,2,7.06,0,132,88.20925,96.48649,254
"2024-08-21 10:30:00",534,98,24,8,21,8,15,27,13,66.7,3.7,25.9,0,2218,10,29.3,3,2,7.06,10,132,226.8238,135.0584,254
"2024-08-21 10:45:00",535,899,24,8,21,8,30,33,13,27.3,3,60.6,3,2218,11,29.6,3,2,7.06,0,132,113.617,105.0901,254
"2024-08-21 11:00:00",536,0,24,8,21,8,45,36,13,36.1,2.8,55.6,2.8,2218,10,29.9,3,2,7.06,10,132,164.1134,119.7184,254
"2024-08-21 11:15:00",537,1,24,8,21,9,0,32,13,31.3,0,68.8,0,2218,10,30.2,3,2,7.06,10,132,126.2411,108.9871,254
"2024-08-21 11:30:00",538,2,24,8,21,9,15,25,13,32,4,52,4,2218,10,30.5,3,2,7.03,10,132,100.9929,100.9929,254
"2024-08-21 11:45:00",539,3,24,8,21,9,30,19,13,57.9,5.3,36.9,0,2218,10,30.8,3,2,7.03,10,132,139.1168,112.9148,254
"2024-08-21 12:00:00",540,4,24,8,21,9,45,25,13,44,0,48,8,2218,10,31.1,3,2,7.03,0,132,126.4698,116.4926,254
"2024-08-21 12:15:00",541,5,24,8,21,10,0,30,13,40,3.3,46.7,3.3,2236,10,31.4,3,2,7.03,10,132,151.7638,116.4926,254
"2024-08-21 12:30:00",542,6,24,8,21,10,15,17,13,35.3,0,64.7,0,2218,10,31.7,3,2,7.03,10,132,75.88188,92.21547,254
"2024-08-21 12:45:00",543,7,24,8,21,10,30,10,13,40,0,60,0,2218,10,32,3,2,7.03,0,132,50.67972,82.00152,254
"2024-08-21 13:00:00",544,8,24,8,21,10,45,18,13,38.9,0,55.6,0,2218,10,32.3,3,2,7.03,10,132,88.68952,97.01181,254
"2024-08-21 13:15:00",545,9,24,8,21,11,0,22,13,40.9,4.6,54.6,0,2218,10,32.3,3,2,7.03,0,132,114.0294,105.4716,254
"2024-08-21 13:30:00",546,10,24,8,21,11,15,15,13,46.7,0,53.3,0,2236,10,32.7,3,2,7.03,0,132,88.68952,97.01181,254
"2024-08-21 13:45:00",547,11,24,8,21,11,30,25,13,48,0,48,0,2218,10,32.7,3,2,7.03,10,132,152.3156,116.9162,254
"2024-08-21 14:00:00",548,912,24,8,21,11,45,16,13,37.5,0,62.5,0,2218,10,32.7,3,2,7,10,132,76.1578,92.55081,254
"2024-08-21 14:15:00",549,913,24,8,21,12,0,18,13,33.3,0,55.6,0,2218,10,32.7,3,2,7.03,10,132,76.1578,92.55081,254
"2024-08-21 14:30:00",550,14,24,8,21,12,15,18,13,44.5,0,44.5,5.6,2218,10,32.7,3,2,7.03,10,132,101.5437,101.5437,254
"2024-08-21 14:45:00",551,15,24,8,21,12,30,20,13,40,0,55,0,2218,10,32.7,3,2,7.03,10,132,101.7287,101.7287,254
"2024-08-21 15:00:00",552,16,24,8,21,12,45,26,13,50,3.9,38.5,0,2218,10,32.7,3,2,7,10,132,165.3091,120.5907,254
"2024-08-21 15:15:00",553,917,24,8,21,13,0,21,13,52.4,0,47.6,0,2218,10,32.7,3,2,7.03,10,132,139.877,113.5318,254
"2024-08-21 15:30:00",554,18,24,8,21,13,15,21,13,42.9,9.5,33.3,4.8,2218,10,32.7,3,2,7.03,0,132,101.9143,106.0489,254
"2024-08-21 15:45:00",555,19,24,8,21,13,30,22,13,40.9,0,54.6,0,2218,10,32.7,3,2,7.03,10,132,114.6536,106.0489,254
"2024-08-21 16:00:00",556,20,24,8,21,13,45,16,13,50,6.3,37.5,0,2218,10,32.7,3,2,7.03,0,132,101.9143,101.9143,254
"2024-08-21 16:15:00",557,21,24,8,21,14,0,28,13,50,0,42.9,7.2,2218,10,32.7,3,2,7.03,0,132,165.6108,124.1567,254
"2024-08-21 16:30:00",558,922,24,8,21,14,15,31,13,38.7,0,51.6,3.2,2218,10,32.3,3,2,7.03,10,132,153.151,117.5575,254
"2024-08-21 16:45:00",559,23,24,8,21,14,30,23,13,39.1,4.4,52.2,0,2218,10,32.3,3,2,7.03,0,132,114.8632,106.2428,254
"2024-08-21 17:00:00",560,24,24,8,21,14,45,25,13,44,0,48,0,2218,10,32.3,3,2,7.03,10,132,140.3884,113.9469,254
"2024-08-21 17:15:00",561,25,24,8,21,15,0,23,13,56.5,0,43.5,0,2218,10,32,3,2,7.03,10,132,165.9136,121.0316,254
"2024-08-21 17:30:00",562,26,24,8,21,15,15,23,13,39.1,0,47.8,4.4,2236,11,31.7,3,2,7.03,10,132,102.2877,106.4374,254
"2024-08-21 17:45:00",563,27,24,8,21,15,30,25,13,36,0,48,4,2236,10,31.1,3,2,7.03,10,132,115.0736,106.4374,254
"2024-08-21 18:00:00",564,28,24,8,21,15,45,23,13,47.8,0,52.2,0,2218,10,30.8,3,2,7.03,0,132,140.6455,114.1556,254
"2024-08-21 18:15:00",565,29,24,8,21,16,0,20,13,35,0,65,0,2218,10,30.2,2,2,7.03,0,132,89.50171,97.90021,254
"2024-08-21 18:30:00",566,30,24,8,21,16,15,18,13,27.8,11.1,44.5,5.6,2218,10,29.6,3,2,7.03,0,132,64.04709,88.37188,254
"2024-08-21 18:45:00",567,31,24,8,21,16,30,23,13,60.9,4.4,34.8,0,2218,10,29,2,2,7.06,10,132,179.3318,124.8401,254
"2024-08-21 19:00:00",568,932,24,8,21,16,45,24,13,50,0,45.8,0,2236,10,28.1,2,2,7.03,10,132,153.713,117.9888,254
"2024-08-21 19:15:00",569,33,24,8,21,17,0,26,13,57.7,0,38.5,0,2218,10,27.2,2,2,7.03,10,132,192.1412,128.0942,254
"2024-08-21 19:30:00",570,34,24,8,21,17,15,29,13,62.1,0,31,0,2218,10,26.3,2,1,7.06,0,132,230.9933,137.5411,254
"2024-08-21 19:45:00",571,35,24,8,21,17,30,22,13,63.6,0,36.4,0,2218,10,25.6,2,1,7.03,10,132,179.6615,125.0696,254
"2024-08-21 20:00:00",572,36,24,8,21,17,45,32,13,50,3.1,40.6,0,2218,10,24.7,2,1,7.06,0,132,205.3274,131.4893,254
"2024-08-21 20:15:00",573,37,24,8,21,18,0,48,13,54.2,4.2,37.5,0,2218,10,24.1,2,1,7.09,0,132,334.2715,159.3229,254
"2024-08-21 20:30:00",574,38,24,8,21,18,15,50,13,46,0,48,0,2218,10,23.2,2,1,7.09,10,132,295.7018,151.6816,254
"2024-08-21 20:45:00",575,939,24,8,21,18,30,43,13,46.5,0,41.9,0,2218,10,22.9,2,1,7.06,10,132,257.132,143.5459,254
"2024-08-21 21:00:00",576,40,24,8,21,18,45,59,13,59.3,3.4,30.5,0,2218,10,22.3,2,1,7.09,10,132,450.8111,180.3245,254
"2024-08-21 21:15:00",577,41,24,8,21,19,0,67,13,58.2,0,38.8,1.5,2218,10,21.7,2,1,7.06,0,132,489.4522,188.6852,254
"2024-08-21 21:30:00",578,42,24,8,21,19,15,82,13,65.9,0,31.7,0,2218,10,21.4,2,1,7.09,10,132,695.5372,216.8066,254
"2024-08-21 21:45:00",579,43,24,8,21,19,30,82,13,56.1,1.2,39,0,2218,10,20.8,2,1,7.06,10,132,592.4946,202.3667,254
"2024-08-21 22:00:00",580,44,24,8,21,19,45,71,13,49.3,0,50.7,0,2201,10,20.5,1,1,7.09,10,132,451.6445,180.6578,254
"2024-08-21 22:15:00",581,45,24,8,21,20,0,72,13,38.9,2.8,52.8,1.4,2218,10,20.2,2,1,7.09,10,132,361.3156,164.7899,254
"2024-08-21 22:30:00",582,946,24,8,21,20,15,77,13,48.1,0,48.1,1.3,2218,11,19.9,2,1,7.09,10,132,464.5486,184.901,254
"2024-08-21 22:45:00",583,47,24,8,21,20,30,71,13,36.6,1.4,59.2,0,2218,10,19.5,1,1,7.09,10,132,335.5072,159.9119,254
"2024-08-21 23:00:00",584,48,24,8,21,20,45,66,14,36.4,1.5,59.1,0,2236,10,19.2,1,1,7.06,10,132,296.0197,148.0099,254
"2024-08-21 23:15:00",585,49,24,8,21,21,0,64,14,32.8,1.6,61,1.6,2218,10,19.2,1,1,7.09,10,132,259.0173,140.3729,254
"2024-08-21 23:30:00",586,50,24,8,21,21,15,61,14,41,4.9,52.5,0,2218,10,18.9,1,1,7.09,10,132,308.3539,150.4525,254
"2024-08-21 23:45:00",587,51,24,8,21,21,30,56,14,46.4,1.8,44.7,1.8,2201,10,18.9,1,1,7.09,10,132,321.2556,153.1191,254
"2024-08-22 00:00:00",588,952,24,8,21,21,46,52,14,34.6,0,59.6,1.9,2218,10,18.9,1,1,7.09,10,132,222.4077,132.429,254
"2024-08-22 00:15:00",589,953,24,8,21,22,1,38,14,36.9,2.6,57.9,0,2218,10,18.6,1,1,7.09,10,132,172.9838,120.421,254
"2024-08-22 00:30:00",590,954,24,8,21,22,16,39,14,46.2,0,53.9,0,2218,10,18.6,1,1,7.09,10,132,222.4077,132.429,254
"2024-08-22 00:45:00",591,55,24,8,21,22,31,49,14,40.8,4.1,55.1,0,2201,10,18.6,1,1,7.09,10,132,247.5579,138.2011,254
"2024-08-22 01:00:00",592,56,24,8,21,22,46,45,14,31.1,0,64.5,0,2218,10,18.9,1,1,7.09,10,132,173.2905,120.6345,254
"2024-08-22 01:15:00",593,57,24,8,21,23,1,33,14,51.5,0,45.5,3,2218,10,18.9,1,1,7.09,10,132,210.4242,129.7857,254
"2024-08-22 01:30:00",594,58,24,8,21,23,16,51,14,41.2,0,51,3.9,2218,10,18.9,1,1,7.09,10,132,247.5579,140.8707,254
"2024-08-22 01:45:00",595,59,24,8,21,23,31,33,14,36.4,0,57.6,3,2218,10,18.9,1,1,7.09,10,132,148.5347,114.0141,254
"2024-08-22 02:00:00",596,960,24,8,21,23,46,33,14,39.4,0,60.6,0,2218,10,18.9,1,1,7.09,10,132,161.1984,117.592,254
"2024-08-22 02:15:00",597,61,24,8,22,0,1,33,14,27.3,0,54.6,9.1,2201,11,18.9,1,1,7.09,10,132,86.79916,107.0513,254
"2024-08-22 02:30:00",598,62,24,8,22,0,16,24,14,29.2,0,66.7,4.2,2218,10,18.9,1,1,7.09,10,132,86.79916,94.94406,254
"2024-08-22 02:45:00",599,63,24,8,22,0,31,32,14,46.9,0,53.1,0,2218,10,18.9,1,1,7.09,10,132,185.9982,123.9988,254
"2024-08-22 03:00:00",600,64,24,8,22,0,46,30,14,36.7,0,53.3,0,2218,10,18.9,1,1,7.09,10,132,136.6414,110.9056,254
"2024-08-22 03:15:00",601,65,24,8,22,1,1,20,14,45,5,50,0,2236,10,18.6,1,1,7.09,10,132,111.7975,103.4072,254
"2024-08-22 03:30:00",602,66,24,8,22,1,16,20,14,50,0,35,0,2218,10,18.6,1,1,7.09,10,132,124.2194,107.2417,254
"2024-08-22 03:45:00",603,67,24,8,22,1,31,26,14,42.3,0,50,3.9,2218,10,18.6,1,1,7.09,10,132,124.2194,110.9056,254
"2024-08-22 04:00:00",604,68,24,8,22,1,46,21,14,38.1,0,57.2,4.8,2218,10,18.6,1,1,7.09,0,132,99.55268,99.55268,254
"2024-08-22 04:15:00",605,969,24,8,22,2,1,18,14,38.9,0,50,0,2218,10,18.6,1,1,7.09,10,132,87.1086,95.28255,254
"2024-08-22 04:30:00",606,70,24,8,22,2,16,24,14,41.7,8.3,45.8,0,2218,10,18.3,1,1,7.09,10,132,124.4409,107.4329,254
"2024-08-22 04:45:00",607,71,24,8,22,2,31,17,14,23.5,0,58.8,5.9,2218,10,18.3,1,1,7.09,10,132,49.77634,80.53982,254
"2024-08-22 05:00:00",608,972,24,8,22,2,46,13,14,38.5,7.7,53.9,0,2218,10,18.3,1,1,7.09,10,132,62.33154,86.0048,254
"2024-08-22 05:15:00",609,73,24,8,22,3,1,19,14,42.1,0,52.6,5.3,2201,11,18,1,1,7.12,10,132,99.73046,99.73046,254
"2024-08-22 05:30:00",610,74,24,8,22,3,16,14,14,50,0,42.9,0,2218,10,18,1,1,7.09,10,132,87.26415,95.45269,254
"2024-08-22 05:45:00",611,975,24,8,22,3,31,13,14,38.5,7.7,46.2,0,2218,10,18,1,1,7.09,10,132,62.33154,86.0048,254
"2024-08-22 06:00:00",612,76,24,8,22,3,46,10,13,50,0,40,10,2218,10,17.7,1,1,7.12,10,132,62.44305,86.15866,254
"2024-08-22 06:15:00",613,77,24,8,22,4,1,11,13,54.6,0,45.5,0,2218,10,17.7,1,1,7.09,10,132,74.93165,91.06073,254
"2024-08-22 06:30:00",614,78,24,8,22,4,16,14,13,21.4,0,71.4,0,2218,10,17.7,1,1,7.12,0,132,37.46583,74.93165,254
"2024-08-22 06:45:00",615,79,24,8,22,4,31,19,13,36.9,0,63.2,0,2218,10,18,1,1,7.09,10,132,87.57694,95.79481,254
"2024-08-22 07:00:00",616,980,24,8,22,4,46,4,13,25,0,75,0,2218,10,18.6,1,1,7.09,0,132,12.51099,60.4084,254
"2024-08-22 07:15:00",617,81,24,8,22,5,1,12,13,25,8.3,33.3,16.7,2201,11,19.2,1,1,7.09,10,132,25.02198,75.06593,254
"2024-08-22 07:30:00",618,82,24,8,22,5,16,17,13,47.1,0,47.1,0,2218,10,19.9,2,1,7.09,10,132,100.0879,100.0879,254
"2024-08-22 07:45:00",619,983,24,8,22,5,31,6,13,66.7,0,33.3,0,2218,10,20.8,2,1,7.09,10,132,50.13381,81.11819,254
"2024-08-22 08:00:00",620,84,24,8,22,5,46,12,13,50,0,33.3,0,2218,10,21.7,2,1,7.06,10,132,75.20071,91.38769,254
"2024-08-22 08:15:00",621,985,24,8,22,6,1,8,13,37.5,0,37.5,0,2218,10,22.6,2,1,7.09,10,132,37.60035,75.20071,254
"2024-08-22 08:30:00",622,986,24,8,22,6,16,29,13,69,0,27.6,3.5,2218,10,23.5,2,1,7.06,10,132,250.669,139.9379,254
"2024-08-22 08:45:00",623,87,24,8,22,6,31,38,13,86.9,0,5.3,0,2236,10,24.4,2,1,7.06,10,132,414.3478,171.5388,254
"2024-08-22 09:00:00",624,88,24,8,22,6,46,52,13,75,0,25,0,2236,11,25,2,1,7.06,0,132,489.6837,183.9342,254
"2024-08-22 09:15:00",625,89,24,8,22,7,1,63,13,71.4,3.2,22.2,1.6,2218,10,25.9,2,1,7.06,10,132,566.0378,195.7819,254
"2024-08-22 09:30:00",626,90,24,8,22,7,16,84,13,72.6,1.2,21.4,1.2,2218,10,26.9,2,2,7.06,0,132,767.2956,223.2455,254
"2024-08-22 09:45:00",627,991,24,8,22,7,31,110,13,59.1,0.9,37.3,0,2236,10,27.8,2,2,7.06,10,132,817.61,229.5355,254
"2024-08-22 10:00:00",628,2,24,8,22,7,46,114,13,55.3,0.9,41.2,0.9,2218,10,28.4,3,2,7.06,0,132,793.8834,226.8238,254
"2024-08-22 10:15:00",629,93,24,8,22,8,1,102,13,53.9,0,42.2,0,2236,10,29,3,2,7.03,10,132,693.0728,213.802,254
"2024-08-22 10:30:00",630,4,24,8,22,8,16,109,13,52.3,0,45.9,0,2218,10,29.6,3,2,7.03,10,132,718.2753,217.1403,254
"2024-08-22 10:45:00",631,5,24,8,22,8,31,110,13,44.6,0.9,54.6,0,2218,10,30.5,3,2,7,10,132,617.4647,203.4122,254
"2024-08-22 11:00:00",632,96,24,8,22,8,46,93,13,37.6,1.1,55.9,3.2,2218,10,30.8,3,2,7.03,10,132,429.2197,178.8271,254
"2024-08-22 11:15:00",633,97,24,8,22,9,1,98,13,35.7,4.1,57.2,2.1,2218,11,31.4,3,2,7.03,10,132,429.2197,178.8271,254
"2024-08-22 11:30:00",634,98,24,8,22,9,16,95,13,43.2,2.1,53.7,1.1,2218,10,32,3,2,7.03,10,132,504.9644,188.8754,254
"2024-08-22 11:45:00",635,99,24,8,22,9,31,79,13,30.4,3.8,62,0,2201,11,32.7,3,2,7,10,132,302.9786,151.4893,254
"2024-08-22 12:00:00",636,-2147483648,-2147483648,-2147483648,-2147483648,-2147483648,-2147483648,"NAN",-2147483648,"NAN","NAN","NAN","NAN","NAN","NAN","NAN","NAN","NAN","NAN","NAN",-2147483648,"NAN","NAN",-2147483648
"2024-08-22 12:15:00",637,-2147483648,-2147483648,-2147483648,-2147483648,-2147483648,-2147483648,"NAN",-2147483648,"NAN","NAN","NAN","NAN","NAN","NAN","NAN","NAN","NAN","NAN","NAN",-2147483648,"NAN","NAN",-2147483648
"2024-08-22 12:30:00",638,-2147483648,-2147483648,-2147483648,-2147483648,-2147483648,-2147483648,"NAN",-2147483648,"NAN","NAN","NAN","NAN","NAN","NAN","NAN","NAN","NAN","NAN","NAN",-2147483648,"NAN","NAN",-2147483648
"2024-08-22 12:45:00",639,-2147483648,-2147483648,-2147483648,-2147483648,-2147483648,-2147483648,"NAN",-2147483648,"NAN","NAN","NAN","NAN","NAN","NAN","NAN","NAN","NAN","NAN","NAN",-2147483648,"NAN","NAN",-2147483648
"2024-08-22 13:00:00",640,-2147483648,-2147483648,-2147483648,-2147483648,-2147483648,-2147483648,"NAN",-2147483648,"NAN","NAN","NAN","NAN","NAN","NAN","NAN","NAN","NAN","NAN","NAN",-2147483648,"NAN","NAN",-2147483648
"2024-08-22 13:15:00",641,-2147483648,-2147483648,-2147483648,-2147483648,-2147483648,-2147483648,"NAN",-2147483648,"NAN","NAN","NAN","NAN","NAN","NAN","NAN","NAN","NAN","NAN","NAN",-2147483648,"NAN","NAN",-2147483648
"2024-08-22 13:30:00",642,-2147483648,-2147483648,-2147483648,-2147483648,-2147483648,-2147483648,"NAN",-2147483648,"NAN","NAN","NAN","NAN","NAN","NAN","NAN","NAN","NAN","NAN","NAN",-2147483648,"NAN","NAN",-2147483648
"2024-08-22 13:45:00",643,-2147483648,-2147483648,-2147483648,-2147483648,-2147483648,-2147483648,"NAN",-2147483648,"NAN","NAN","NAN","NAN","NAN","NAN","NAN","NAN","NAN","NAN","NAN",-2147483648,"NAN","NAN",-2147483648
"2024-08-22 14:00:00",644,-2147483648,-2147483648,-2147483648,-2147483648,-2147483648,-2147483648,"NAN",-2147483648,"NAN","NAN","NAN","NAN","NAN","NAN","NAN","NAN","NAN","NAN","NAN",-2147483648,"NAN","NAN",-2147483648
"2024-08-22 14:15:00",645,-2147483648,-2147483648,-2147483648,-2147483648,-2147483648,-2147483648,"NAN",-2147483648,"NAN","NAN","NAN","NAN","NAN","NAN","NAN","NAN","NAN","NAN","NAN",-2147483648,"NAN","NAN",-2147483648
"2024-08-22 14:30:00",646,-2147483648,-2147483648,-2147483648,-2147483648,-2147483648,-2147483648,"NAN",-2147483648,"NAN","NAN","NAN","NAN","NAN","NAN","NAN","NAN","NAN","NAN","NAN",-2147483648,"NAN","NAN",-2147483648
"2024-08-22 14:45:00",647,-2147483648,-2147483648,-2147483648,-2147483648,-2147483648,-2147483648,"NAN",-2147483648,"NAN","NAN","NAN","NAN","NAN","NAN","NAN","NAN","NAN","NAN","NAN",-2147483648,"NAN","NAN",-2147483648
"2024-08-22 15:00:00",648,-2147483648,-2147483648,-2147483648,-2147483648,-2147483648,-2147483648,"NAN",-2147483648,"NAN","NAN","NAN","NAN","NAN","NAN","NAN","NAN","NAN","NAN","NAN",-2147483648,"NAN","NAN",-2147483648
"2024-08-22 15:15:00",649,-2147483648,-2147483648,-2147483648,-2147483648,-2147483648,-2147483648,"NAN",-2147483648,"NAN","NAN","NAN","NAN","NAN","NAN","NAN","NAN","NAN","NAN","NAN",-2147483648,"NAN","NAN",-2147483648
"2024-08-22 15:30:00",650,-2147483648,-2147483648,-2147483648,-2147483648,-2147483648,-2147483648,"NAN",-2147483648,"NAN","NAN","NAN","NAN","NAN","NAN","NAN","NAN","NAN","NAN","NAN",-2147483648,"NAN","NAN",-2147483648
"2024-08-22 15:45:00",651,-2147483648,-2147483648,-2147483648,-2147483648,-2147483648,-2147483648,"NAN",-2147483648,"NAN","NAN","NAN","NAN","NAN","NAN","NAN","NAN","NAN","NAN","NAN",-2147483648,"NAN","NAN",-2147483648
"2024-08-22 16:00:00",652,-2147483648,-2147483648,-2147483648,-2147483648,-2147483648,-2147483648,"NAN",-2147483648,"NAN","NAN","NAN","NAN","NAN","NAN","NAN","NAN","NAN","NAN","NAN",-2147483648,"NAN","NAN",-2147483648
"2024-08-22 16:15:00",653,-2147483648,-2147483648,-2147483648,-2147483648,-2147483648,-2147483648,"NAN",-2147483648,"NAN","NAN","NAN","NAN","NAN","NAN","NAN","NAN","NAN","NAN","NAN",-2147483648,"NAN","NAN",-2147483648
"2024-08-22 16:30:00",654,-2147483648,-2147483648,-2147483648,-2147483648,-2147483648,-2147483648,"NAN",-2147483648,"NAN","NAN","NAN","NAN","NAN","NAN","NAN","NAN","NAN","NAN","NAN",-2147483648,"NAN","NAN",-2147483648
"2024-08-22 16:45:00",655,-2147483648,-2147483648,-2147483648,-2147483648,-2147483648,-2147483648,"NAN",-2147483648,"NAN","NAN","NAN","NAN","NAN","NAN","NAN","NAN","NAN","NAN","NAN",-2147483648,"NAN","NAN",-2147483648
"2024-08-22 17:00:00",656,-2147483648,-2147483648,-2147483648,-2147483648,-2147483648,-2147483648,"NAN",-2147483648,"NAN","NAN","NAN","NAN","NAN","NAN","NAN","NAN","NAN","NAN","NAN",-2147483648,"NAN","NAN",-2147483648
"2024-08-22 17:15:00",657,-2147483648,-2147483648,-2147483648,-2147483648,-2147483648,-2147483648,"NAN",-2147483648,"NAN","NAN","NAN","NAN","NAN","NAN","NAN","NAN","NAN","NAN","NAN",-2147483648,"NAN","NAN",-2147483648
"2024-08-22 17:30:00",658,-2147483648,-2147483648,-2147483648,-2147483648,-2147483648,-2147483648,"NAN",-2147483648,"NAN","NAN","NAN","NAN","NAN","NAN","NAN","NAN","NAN","NAN","NAN",-2147483648,"NAN","NAN",-2147483648
"2024-08-22 17:45:00",659,-2147483648,-2147483648,-2147483648,-2147483648,-2147483648,-2147483648,"NAN",-2147483648,"NAN","NAN","NAN","NAN","NAN","NAN","NAN","NAN","NAN","NAN","NAN",-2147483648,"NAN","NAN",-2147483648
"2024-08-22 18:00:00",660,-2147483648,-2147483648,-2147483648,-2147483648,-2147483648,-2147483648,"NAN",-2147483648,"NAN","NAN","NAN","NAN","NAN","NAN","NAN","NAN","NAN","NAN","NAN",-2147483648,"NAN","NAN",-2147483648
"2024-08-22 18:15:00",661,-2147483648,-2147483648,-2147483648,-2147483648,-2147483648,-2147483648,"NAN",-2147483648,"NAN","NAN","NAN","NAN","NAN","NAN","NAN","NAN","NAN","NAN","NAN",-2147483648,"NAN","NAN",-2147483648
"2024-08-22 18:30:00",662,-2147483648,-2147483648,-2147483648,-2147483648,-2147483648,-2147483648,"NAN",-2147483648,"NAN","NAN","NAN","NAN","NAN","NAN","NAN","NAN","NAN","NAN","NAN",-2147483648,"NAN","NAN",-2147483648
"2024-08-22 18:45:00",663,-2147483648,-2147483648,-2147483648,-2147483648,-2147483648,-2147483648,"NAN",-2147483648,"NAN","NAN","NAN","NAN","NAN","NAN","NAN","NAN","NAN","NAN","NAN",-2147483648,"NAN","NAN",-2147483648
"2024-08-22 19:00:00",664,-2147483648,-2147483648,-2147483648,-2147483648,-2147483648,-2147483648,"NAN",-2147483648,"NAN","NAN","NAN","NAN","NAN","NAN","NAN","NAN","NAN","NAN","NAN",-2147483648,"NAN","NAN",-2147483648
"2024-08-22 19:15:00",665,-2147483648,-2147483648,-2147483648,-2147483648,-2147483648,-2147483648,"NAN",-2147483648,"NAN","NAN","NAN","NAN","NAN","NAN","NAN","NAN","NAN","NAN","NAN",-2147483648,"NAN","NAN",-2147483648
"2024-08-22 19:30:00",666,-2147483648,-2147483648,-2147483648,-2147483648,-2147483648,-2147483648,"NAN",-2147483648,"NAN","NAN","NAN","NAN","NAN","NAN","NAN","NAN","NAN","NAN","NAN",-2147483648,"NAN","NAN",-2147483648
"2024-08-22 19:45:00",667,-2147483648,-2147483648,-2147483648,-2147483648,-2147483648,-2147483648,"NAN",-2147483648,"NAN","NAN","NAN","NAN","NAN","NAN","NAN","NAN","NAN","NAN","NAN",-2147483648,"NAN","NAN",-2147483648
"2024-08-22 20:00:00",668,-2147483648,-2147483648,-2147483648,-2147483648,-2147483648,-2147483648,"NAN",-2147483648,"NAN","NAN","NAN","NAN","NAN","NAN","NAN","NAN","NAN","NAN","NAN",-2147483648,"NAN","NAN",-2147483648
"2024-08-22 20:15:00",669,-2147483648,-2147483648,-2147483648,-2147483648,-2147483648,-2147483648,"NAN",-2147483648,"NAN","NAN","NAN","NAN","NAN","NAN","NAN","NAN","NAN","NAN","NAN",-2147483648,"NAN","NAN",-2147483648
"2024-08-22 20:30:00",670,-2147483648,-2147483648,-2147483648,-2147483648,-2147483648,-2147483648,"NAN",-2147483648,"NAN","NAN","NAN","NAN","NAN","NAN","NAN","NAN","NAN","NAN","NAN",-2147483648,"NAN","NAN",-2147483648
"2024-08-22 20:45:00",671,-2147483648,-2147483648,-2147483648,-2147483648,-2147483648,-2147483648,"NAN",-2147483648,"NAN","NAN","NAN","NAN","NAN","NAN","NAN","NAN","NAN","NAN","NAN",-2147483648,"NAN","NAN",-2147483648
"2024-08-22 21:00:00",672,-2147483648,-2147483648,-2147483648,-2147483648,-2147483648,-2147483648,"NAN",-2147483648,"NAN","NAN","NAN","NAN","NAN","NAN","NAN","NAN","NAN","NAN","NAN",-2147483648,"NAN","NAN",-2147483648
"2024-08-22 21:15:00",673,-2147483648,-2147483648,-2147483648,-2147483648,-2147483648,-2147483648,"NAN",-2147483648,"NAN","NAN","NAN","NAN","NAN","NAN","NAN","NAN","NAN","NAN","NAN",-2147483648,"NAN","NAN",-2147483648
"2024-08-22 21:30:00",674,-2147483648,-2147483648,-2147483648,-2147483648,-2147483648,-2147483648,"NAN",-2147483648,"NAN","NAN","NAN","NAN","NAN","NAN","NAN","NAN","NAN","NAN","NAN",-2147483648,"NAN","NAN",-2147483648
"2024-08-22 21:45:00",675,-2147483648,-2147483648,-2147483648,-2147483648,-2147483648,-2147483648,"NAN",-2147483648,"NAN","NAN","NAN","NAN","NAN","NAN","NAN","NAN","NAN","NAN","NAN",-2147483648,"NAN","NAN",-2147483648
"2024-08-22 22:00:00",676,-2147483648,-2147483648,-2147483648,-2147483648,-2147483648,-2147483648,"NAN",-2147483648,"NAN","NAN","NAN","NAN","NAN","NAN","NAN","NAN","NAN","NAN","NAN",-2147483648,"NAN","NAN",-2147483648
"2024-08-22 22:15:00",677,-2147483648,-2147483648,-2147483648,-2147483648,-2147483648,-2147483648,"NAN",-2147483648,"NAN","NAN","NAN","NAN","NAN","NAN","NAN","NAN","NAN","NAN","NAN",-2147483648,"NAN","NAN",-2147483648
"2024-08-22 22:30:00",678,-2147483648,-2147483648,-2147483648,-2147483648,-2147483648,-2147483648,"NAN",-2147483648,"NAN","NAN","NAN","NAN","NAN","NAN","NAN","NAN","NAN","NAN","NAN",-2147483648,"NAN","NAN",-2147483648
"2024-08-22 22:45:00",679,-2147483648,-2147483648,-2147483648,-2147483648,-2147483648,-2147483648,"NAN",-2147483648,"NAN","NAN","NAN","NAN","NAN","NAN","NAN","NAN","NAN","NAN","NAN",-2147483648,"NAN","NAN",-2147483648
"2024-08-22 23:00:00",680,-2147483648,-2147483648,-2147483648,-2147483648,-2147483648,-2147483648,"NAN",-2147483648,"NAN","NAN","NAN","NAN","NAN","NAN","NAN","NAN","NAN","NAN","NAN",-2147483648,"NAN","NAN",-2147483648
"2024-08-22 23:15:00",681,-2147483648,-2147483648,-2147483648,-2147483648,-2147483648,-2147483648,"NAN",-2147483648,"NAN","NAN","NAN","NAN","NAN","NAN","NAN","NAN","NAN","NAN","NAN",-2147483648,"NAN","NAN",-2147483648
"2024-08-22 23:30:00",682,-2147483648,-2147483648,-2147483648,-2147483648,-2147483648,-2147483648,"NAN",-2147483648,"NAN","NAN","NAN","NAN","NAN","NAN","NAN","NAN","NAN","NAN","NAN",-2147483648,"NAN","NAN",-2147483648
"2024-08-22 23:45:00",683,-2147483648,-2147483648,-2147483648,-2147483648,-2147483648,-2147483648,"NAN",-2147483648,"NAN","NAN","NAN","NAN","NAN","NAN","NAN","NAN","NAN","NAN","NAN",-2147483648,"NAN","NAN",-2147483648
"2024-08-23 00:00:00",684,-2147483648,-2147483648,-2147483648,-2147483648,-2147483648,-2147483648,"NAN",-2147483648,"NAN","NAN","NAN","NAN","NAN","NAN","NAN","NAN","NAN","NAN","NAN",-2147483648,"NAN","NAN",-2147483648
"2024-08-23 00:15:00",685,-2147483648,-2147483648,-2147483648,-2147483648,-2147483648,-2147483648,"NAN",-2147483648,"NAN","NAN","NAN","NAN","NAN","NAN","NAN","NAN","NAN","NAN","NAN",-2147483648,"NAN","NAN",-2147483648
"2024-08-23 00:30:00",686,-2147483648,-2147483648,-2147483648,-2147483648,-2147483648,-2147483648,"NAN",-2147483648,"NAN","NAN","NAN","NAN","NAN","NAN","NAN","NAN","NAN","NAN","NAN",-2147483648,"NAN","NAN",-2147483648
"2024-08-23 00:45:00",687,-2147483648,-2147483648,-2147483648,-2147483648,-2147483648,-2147483648,"NAN",-2147483648,"NAN","NAN","NAN","NAN","NAN","NAN","NAN","NAN","NAN","NAN","NAN",-2147483648,"NAN","NAN",-2147483648
"2024-08-23 01:00:00",688,-2147483648,-2147483648,-2147483648,-2147483648,-2147483648,-2147483648,"NAN",-2147483648,"NAN","NAN","NAN","NAN","NAN","NAN","NAN","NAN","NAN","NAN","NAN",-2147483648,"NAN","NAN",-2147483648
"2024-08-23 01:15:00",689,-2147483648,-2147483648,-2147483648,-2147483648,-2147483648,-2147483648,"NAN",-2147483648,"NAN","NAN","NAN","NAN","NAN","NAN","NAN","NAN","NAN","NAN","NAN",-2147483648,"NAN","NAN",-2147483648
"2024-08-23 01:30:00",690,-2147483648,-2147483648,-2147483648,-2147483648,-2147483648,-2147483648,"NAN",-2147483648,"NAN","NAN","NAN","NAN","NAN","NAN","NAN","NAN","NAN","NAN","NAN",-2147483648,"NAN","NAN",-2147483648
"2024-08-23 01:45:00",691,-2147483648,-2147483648,-2147483648,-2147483648,-2147483648,-2147483648,"NAN",-2147483648,"NAN","NAN","NAN","NAN","NAN","NAN","NAN","NAN","NAN","NAN","NAN",-2147483648,"NAN","NAN",-2147483648
"2024-08-23 02:00:00",692,-2147483648,-2147483648,-2147483648,-2147483648,-2147483648,-2147483648,"NAN",-2147483648,"NAN","NAN","NAN","NAN","NAN","NAN","NAN","NAN","NAN","NAN","NAN",-2147483648,"NAN","NAN",-2147483648
"2024-08-23 02:15:00",693,-2147483648,-2147483648,-2147483648,-2147483648,-2147483648,-2147483648,"NAN",-2147483648,"NAN","NAN","NAN","NAN","NAN","NAN","NAN","NAN","NAN","NAN","NAN",-2147483648,"NAN","NAN",-2147483648
"2024-08-23 02:30:00",694,-2147483648,-2147483648,-2147483648,-2147483648,-2147483648,-2147483648,"NAN",-2147483648,"NAN","NAN","NAN","NAN","NAN","NAN","NAN","NAN","NAN","NAN","NAN",-2147483648,"NAN","NAN",-2147483648
"2024-08-23 02:45:00",695,-2147483648,-2147483648,-2147483648,-2147483648,-2147483648,-2147483648,"NAN",-2147483648,"NAN","NAN","NAN","NAN","NAN","NAN","NAN","NAN","NAN","NAN","NAN",-2147483648,"NAN","NAN",-2147483648
"2024-08-23 03:00:00",696,-2147483648,-2147483648,-2147483648,-2147483648,-2147483648,-2147483648,"NAN",-2147483648,"NAN","NAN","NAN","NAN","NAN","NAN","NAN","NAN","NAN","NAN","NAN",-2147483648,"NAN","NAN",-2147483648
"2024-08-23 03:15:00",697,-2147483648,-2147483648,-2147483648,-2147483648,-2147483648,-2147483648,"NAN",-2147483648,"NAN","NAN","NAN","NAN","NAN","NAN","NAN","NAN","NAN","NAN","NAN",-2147483648,"NAN","NAN",-2147483648
"2024-08-23 03:30:00",698,-2147483648,-2147483648,-2147483648,-2147483648,-2147483648,-2147483648,"NAN",-2147483648,"NAN","NAN","NAN","NAN","NAN","NAN","NAN","NAN","NAN","NAN","NAN",-2147483648,"NAN","NAN",-2147483648
"2024-08-23 03:45:00",699,-2147483648,-2147483648,-2147483648,-2147483648,-2147483648,-2147483648,"NAN",-2147483648,"NAN","NAN","NAN","NAN","NAN","NAN","NAN","NAN","NAN","NAN","NAN",-2147483648,"NAN","NAN",-2147483648
"2024-08-23 04:00:00",700,-2147483648,-2147483648,-2147483648,-2147483648,-2147483648,-2147483648,"NAN",-2147483648,"NAN","NAN","NAN","NAN","NAN","NAN","NAN","NAN","NAN","NAN","NAN",-2147483648,"NAN","NAN",-2147483648
"2024-08-23 04:15:00",701,-2147483648,-2147483648,-2147483648,-2147483648,-2147483648,-2147483648,"NAN",-2147483648,"NAN","NAN","NAN","NAN","NAN","NAN","NAN","NAN","NAN","NAN","NAN",-2147483648,"NAN","NAN",-2147483648
"2024-08-23 04:30:00",702,-2147483648,-2147483648,-2147483648,-2147483648,-2147483648,-2147483648,"NAN",-2147483648,"NAN","NAN","NAN","NAN","NAN","NAN","NAN","NAN","NAN","NAN","NAN",-2147483648,"NAN","NAN",-2147483648
"2024-08-23 04:45:00",703,-2147483648,-2147483648,-2147483648,-2147483648,-2147483648,-2147483648,"NAN",-2147483648,"NAN","NAN","NAN","NAN","NAN","NAN","NAN","NAN","NAN","NAN","NAN",-2147483648,"NAN","NAN",-2147483648
"2024-08-23 05:00:00",704,-2147483648,-2147483648,-2147483648,-2147483648,-2147483648,-2147483648,"NAN",-2147483648,"NAN","NAN","NAN","NAN","NAN","NAN","NAN","NAN","NAN","NAN","NAN",-2147483648,"NAN","NAN",-2147483648
"2024-08-23 05:15:00",705,-2147483648,-2147483648,-2147483648,-2147483648,-2147483648,-2147483648,"NAN",-2147483648,"NAN","NAN","NAN","NAN","NAN","NAN","NAN","NAN","NAN","NAN","NAN",-2147483648,"NAN","NAN",-2147483648
"2024-08-23 05:30:00",706,-2147483648,-2147483648,-2147483648,-2147483648,-2147483648,-2147483648,"NAN",-2147483648,"NAN","NAN","NAN","NAN","NAN","NAN","NAN","NAN","NAN","NAN","NAN",-2147483648,"NAN","NAN",-2147483648
"2024-08-23 05:45:00",707,-2147483648,-2147483648,-2147483648,-2147483648,-2147483648,-2147483648,"NAN",-2147483648,"NAN","NAN","NAN","NAN","NAN","NAN","NAN","NAN","NAN","NAN","NAN",-2147483648,"NAN","NAN",-2147483648
"2024-08-23 06:00:00",708,-2147483648,-2147483648,-2147483648,-2147483648,-2147483648,-2147483648,"NAN",-2147483648,"NAN","NAN","NAN","NAN","NAN","NAN","NAN","NAN","NAN","NAN","NAN",-2147483648,"NAN","NAN",-2147483648
"2024-08-23 06:15:00",709,-2147483648,-2147483648,-2147483648,-2147483648,-2147483648,-2147483648,"NAN",-2147483648,"NAN","NAN","NAN","NAN","NAN","NAN","NAN","NAN","NAN","NAN","NAN",-2147483648,"NAN","NAN",-2147483648
"2024-08-23 06:30:00",710,-2147483648,-2147483648,-2147483648,-2147483648,-2147483648,-2147483648,"NAN",-2147483648,"NAN","NAN","NAN","NAN","NAN","NAN","NAN","NAN","NAN","NAN","NAN",-2147483648,"NAN","NAN",-2147483648
"2024-08-23 06:45:00",711,-2147483648,-2147483648,-2147483648,-2147483648,-2147483648,-2147483648,"NAN",-2147483648,"NAN","NAN","NAN","NAN","NAN","NAN","NAN","NAN","NAN","NAN","NAN",-2147483648,"NAN","NAN",-2147483648
"2024-08-23 07:00:00",712,-2147483648,-2147483648,-2147483648,-2147483648,-2147483648,-2147483648,"NAN",-2147483648,"NAN","NAN","NAN","NAN","NAN","NAN","NAN","NAN","NAN","NAN","NAN",-2147483648,"NAN","NAN",-2147483648
"2024-08-23 07:15:00",713,-2147483648,-2147483648,-2147483648,-2147483648,-2147483648,-2147483648,"NAN",-2147483648,"NAN","NAN","NAN","NAN","NAN","NAN","NAN","NAN","NAN","NAN","NAN",-2147483648,"NAN","NAN",-2147483648
"2024-08-23 07:30:00",714,-2147483648,-2147483648,-2147483648,-2147483648,-2147483648,-2147483648,"NAN",-2147483648,"NAN","NAN","NAN","NAN","NAN","NAN","NAN","NAN","NAN","NAN","NAN",-2147483648,"NAN","NAN",-2147483648
"2024-08-23 07:45:00",715,-2147483648,-2147483648,-2147483648,-2147483648,-2147483648,-2147483648,"NAN",-2147483648,"NAN","NAN","NAN","NAN","NAN","NAN","NAN","NAN","NAN","NAN","NAN",-2147483648,"NAN","NAN",-2147483648
"2024-08-23 08:00:00",716,-2147483648,-2147483648,-2147483648,-2147483648,-2147483648,-2147483648,"NAN",-2147483648,"NAN","NAN","NAN","NAN","NAN","NAN","NAN","NAN","NAN","NAN","NAN",-2147483648,"NAN","NAN",-2147483648
"2024-08-23 08:15:00",717,-2147483648,-2147483648,-2147483648,-2147483648,-2147483648,-2147483648,"NAN",-2147483648,"NAN","NAN","NAN","NAN","NAN","NAN","NAN","NAN","NAN","NAN","NAN",-2147483648,"NAN","NAN",-2147483648
"2024-09-17 13:00:00",718,-2147483648,-2147483648,-2147483648,-2147483648,-2147483648,-2147483648,"NAN",-2147483648,"NAN","NAN","NAN","NAN","NAN","NAN","NAN","NAN","NAN","NAN","NAN",-2147483648,"NAN","NAN",-2147483648
"2024-09-17 13:15:00",719,-2147483648,24,9,17,11,13,0,14,0,0,0,0,2218,8,24.7,17,2,7.03,10,132,0,49.1629,254
"2024-09-17 13:30:00",720,-2147483648,254,24,9,17,11,28,0,14.1,0,0,0,0,2218,8,25,12,2,7.06,10,132,0,49
"2024-09-19 11:00:00",721,-2147483648,-2147483648,-2147483648,-2147483648,-2147483648,-2147483648,"NAN",-2147483648,"NAN","NAN","NAN","NAN","NAN","NAN","NAN","NAN","NAN","NAN","NAN",-2147483648,"NAN","NAN",-2147483648
"2024-09-19 11:15:00",722,-2147483648,24,9,19,9,13,0,14,0,0,0,0,2218,8,27.5,49,2,6.91,10,132,0,49.1629,254
"2024-09-19 11:30:00",723,2,24,9,19,9,28,2,14,50,0,50,0,2218,8,28.4,17,2,6.94,0,132,12.3124,59.44955,254
"2024-09-19 11:45:00",724,-2147483648,254,24,9,19,9,43,1,14.1,0,100,0,0,2218,8,28.7,11,2,6.94,10,132,0,49
"2024-09-19 12:00:00",725,4,24,9,19,9,58,1,14,100,0,0,0,2218,8,29.3,9,2,6.94,10,132,12.33416,59.55457,254
"2024-09-19 12:15:00",726,5,24,9,19,10,13,3,14,100,0,0,0,2218,8,29.6,8,2,6.94,10,132,37.00247,74.00493,254
"2024-09-19 12:30:00",727,6,24,9,19,10,28,5,14,80,0,20,0,2218,8,29.9,7,2,6.97,0,132,49.33662,79.82834,254
"2024-09-19 12:45:00",728,7,24,9,19,10,43,4,14,50,0,50,0,2218,8,30.5,7,2,6.94,10,132,24.71197,67.51435,254
"2024-09-19 13:00:00",729,8,24,9,19,10,58,10,14,70,0,10,0,2218,8,30.8,6,2,6.94,0,132,86.49191,94.60797,254
"2024-09-19 13:15:00",730,9,24,9,19,11,13,13,14,76.9,0,23.1,0,2218,8,30.8,6,2,6.97,10,132,123.5599,106.6723,254
"2024-09-19 13:30:00",731,10,24,9,19,11,28,16,14,75,0,18.8,0,2218,8,30.8,6,2,6.97,10,132,148.2718,113.8123,254
"2024-09-19 13:45:00",732,11,24,9,19,11,43,19,14,47.4,0,52.6,0,2218,8,31.1,6,2,7,10,132,111.401,103.0405,254
"2024-09-19 14:00:00",733,12,24,9,19,11,58,20,14,45,0,40,0,2236,9,31.1,5,2,6.97,0,132,111.401,103.0405,254
"2024-09-19 14:15:00",734,13,24,9,19,12,13,13,14,46.2,0,46.2,0,2218,8,31.4,5,2,7,10,132,74.26737,90.25344,254
"2024-09-19 14:30:00",735,14,24,9,19,12,28,16,14,43.8,6.3,37.5,0,2201,9,31.4,5,2,7,10,132,86.64526,94.77573,254
"2024-09-19 14:45:00",736,15,24,9,19,12,43,32,14,46.9,0,46.9,0,2218,9,31.4,5,2,7,0,132,185.9982,123.9988,254
"2024-09-19 15:00:00",737,16,24,9,19,12,58,24,14,45.8,4.2,45.8,0,2218,8,31.4,5,2,7,10,132,136.3987,110.7086,254
"2024-09-19 15:15:00",738,17,24,9,19,13,13,26,14,50,0,46.2,0,2218,9,31.7,5,2,7,0,132,161.1984,117.592,254
"2024-09-19 15:30:00",739,18,24,9,19,13,28,18,14,50,0,50,0,2218,8,31.4,5,2,7.03,10,132,111.7975,103.4072,254
"2024-09-19 15:45:00",740,19,24,9,19,13,43,19,14,21.1,5.3,73.7,0,2236,9,31.4,5,2,7,0,132,49.68778,80.39651,254
"2024-09-19 16:00:00",741,20,24,9,19,13,58,18,14,27.8,0,61.1,0,2218,9,31.1,5,2,7,0,132,62.10972,85.69874,254
"2024-09-19 16:15:00",742,21,24,9,19,14,13,18,14,50,0,38.9,0,2218,8,31.1,5,2,7,10,132,111.7975,103.4072,254
"2024-09-19 16:30:00",743,22,24,9,19,14,28,20,14,40,5,50,5,2218,8,31.1,5,2,7,0,132,99.37555,99.37555,254
"2024-09-19 16:45:00",744,23,24,9,19,14,43,9,14,33.3,0,66.7,0,2218,8,31.1,5,2,7.03,10,132,37.26583,74.53167,254
"2024-09-19 17:00:00",745,24,24,9,19,14,58,15,14,40,0,40,6.7,2218,9,31.1,5,2,7.03,0,132,74.66453,90.73609,254
"2024-09-19 17:15:00",746,25,24,9,19,15,13,18,14,27.8,11.1,61.1,0,2236,9,30.8,5,2,7,0,132,62.22043,85.85149,254
"2024-09-19 17:30:00",747,26,24,9,19,15,28,20,14,40,0,55,0,2218,8,30.5,4,2,7.03,10,132,99.55268,99.55268,254
"2024-09-19 17:45:00",748,27,24,9,19,15,43,12,14,25,0,66.7,0,2218,9,30.2,4,2,7,0,132,37.33226,74.66453,254
"2024-09-19 18:00:00",749,28,24,9,19,15,59,12,14,50,0,25,0,2218,9,29.9,4,2,7,10,132,74.66453,90.73609,254
"2024-09-19 18:15:00",750,29,24,9,19,16,14,21,14,61.9,9.5,28.6,0,2218,8,29.6,4,2,7.03,10,132,161.7731,118.0112,254
"2024-09-19 18:30:00",751,30,24,9,19,16,29,24,14,70.8,0,29.2,0,2218,9,29,4,2,7.03,10,132,211.9272,130.7127,254
"2024-09-19 18:45:00",752,31,24,9,19,16,44,17,14,70.6,0,29.4,0,2218,9,28.4,4,2,7.03,10,132,149.5957,114.8284,254
"2024-09-19 19:00:00",753,32,24,9,19,16,59,24,14,54.2,4.2,37.5,0,2218,9,28.1,4,2,7.06,10,132,162.062,118.2219,254
"2024-09-19 19:15:00",754,33,24,9,19,17,14,26,14,50,7.7,34.6,0,2201,9,27.5,4,2,7.03,10,132,162.062,118.2219,254
"2024-09-19 19:30:00",755,34,24,9,19,17,29,25,14,40,4,48,0,2218,9,27.2,4,2,7.03,10,132,124.6631,107.6247,254
"2024-09-19 19:45:00",756,35,24,9,19,17,44,31,14,61.3,0,25.8,0,2218,8,26.9,4,2,7.06,10,132,236.8598,136.4347,254
"2024-09-19 20:00:00",757,36,24,9,19,17,59,26,14,46.2,0,50,3.9,2218,9,26.6,4,2,7.03,10,132,137.1294,114.8284,254
"2024-09-19 20:15:00",758,37,24,9,19,18,14,21,13,66.7,0,33.3,0,2218,9,26.3,4,2,7.06,10,132,174.8405,121.7136,254
"2024-09-19 20:30:00",759,38,24,9,19,18,29,19,13,57.9,0,36.9,0,2218,9,25.9,4,2,7.06,0,132,137.3747,111.5008,254
"2024-09-19 20:45:00",760,39,24,9,19,18,44,27,13,48.2,0,40.8,0,2218,9,25.6,3,2,7.06,10,132,162.3519,118.4334,254
"2024-09-19 21:00:00",761,40,24,9,19,18,59,29,13,31,0,62.1,0,2218,9,25.6,3,2,7.06,0,132,112.3975,103.9621,254
"2024-09-19 21:15:00",762,40,24,9,19,18,59,29,13,31,0,62.1,0,2218,9,25.6,3,2,7.06,0,132,112.3975,103.9621,254
"2024-09-19 21:30:00",763,41,24,9,19,19,14,20,13,40,0,60,0,2201,9,25.6,3,2,7.03,10,132,100.0879,100.0879,254
"2024-09-19 21:45:00",764,42,24,9,19,19,29,26,13,61.6,3.9,30.8,0,2218,9,25.3,3,2,7.06,10,132,200.8959,128.6514,254
"2024-09-19 22:00:00",765,43,24,9,19,19,44,26,13,38.5,0,61.6,0,2218,9,25.3,4,2,7.06,10,132,125.5599,108.399,254
"2024-09-19 22:15:00",766,44,24,9,19,19,59,22,13,59.1,0,40.9,0,2218,9,25,3,2,7.06,10,132,163.2279,119.0725,254
"2024-09-19 22:30:00",767,45,24,9,19,20,14,29,13,48.3,0,37.9,0,2218,9,25,3,2,7.06,10,132,176.1006,122.5908,254
"2024-09-19 22:45:00",768,46,24,9,19,20,29,28,13,53.6,3.6,42.9,0,2218,9,24.7,3,1,7.09,10,132,188.6792,125.7862,254
"2024-09-19 23:00:00",769,47,24,9,19,20,44,22,13,50,4.6,40.9,0,2218,9,25,3,1,7.06,0,132,138.3648,112.3044,254
"2024-09-19 23:15:00",770,48,24,9,19,20,59,23,13,56.5,4.4,26.1,4.4,2218,9,24.7,3,2,7.06,10,132,163.522,119.287,254
"2024-09-19 23:30:00",771,49,24,9,19,21,14,24,13,50,0,41.7,4.2,2201,9,24.4,3,1,7.06,10,132,151.2159,116.0721,254
"2024-09-19 23:45:00",772,50,24,9,19,21,29,30,13,60,0,30,3.3,2218,9,24.4,3,1,7.06,10,132,226.8238,135.0584,254
"2024-09-20 00:00:00",773,51,24,9,19,21,44,22,13,54.6,0,40.9,0,2201,9,24.4,3,1,7.06,10,132,151.2159,116.0721,254
"2024-09-20 00:15:00",774,52,24,9,19,21,59,25,13,56,0,40,0,2218,9,24.1,3,1,7.06,0,132,176.4185,122.8121,254
"2024-09-20 00:30:00",775,53,24,9,19,22,14,27,13,40.8,0,51.9,3.7,2218,9,24.1,3,1,7.09,10,132,138.8652,112.7106,254
"2024-09-20 00:45:00",776,54,24,9,19,22,29,22,13,50,0,45.5,0,2218,9,24.1,3,1,7.06,10,132,138.8652,112.7106,254
"2024-09-20 01:00:00",777,55,24,9,19,22,44,25,13,44,0,52,0,2236,9,23.8,3,1,7.09,10,132,138.8652,112.7106,254
"2024-09-20 01:15:00",778,56,24,9,19,22,59,35,13,42.9,2.9,48.6,2.9,2218,9,23.8,3,1,7.06,10,132,177.0577,126.4698,254
"2024-09-20 01:30:00",779,57,24,9,19,23,14,30,13,46.7,6.7,43.3,0,2218,9,23.8,3,1,7.06,0,132,177.0577,123.257,254
"2024-09-20 01:45:00",780,58,24,9,19,23,29,23,13,47.8,0,52.2,0,2218,9,23.8,3,1,7.09,10,132,139.1168,112.9148,254
"2024-09-20 02:00:00",781,59,24,9,19,23,44,30,13,50,6.7,40,0,2218,9,23.5,3,1,7.09,10,132,189.7047,126.4698,254
"2024-09-20 02:15:00",782,60,24,9,19,23,59,30,13,40,3.3,50,3.3,2218,9,23.5,3,1,7.06,10,132,152.0392,116.704,254
"2024-09-20 02:30:00",783,61,24,9,20,0,14,23,13,52.2,8.7,39.1,0,2218,9,23.2,3,1,7.06,0,132,152.0392,116.704,254
"2024-09-20 02:45:00",784,62,24,9,20,0,29,21,13,52.4,0,33.3,4.8,2218,9,23.2,3,1,7.09,10,132,139.3693,113.1197,254
"2024-09-20 03:00:00",785,63,24,9,20,0,44,16,13,50,12.5,25,0,2218,9,23.2,3,1,7.06,10,132,101.3594,101.3594,254
"2024-09-20 03:15:00",786,64,24,9,20,0,59,25,13,24,4,64,0,2218,9,23.2,3,1,7.09,10,132,76.1578,92.55081,254
"2024-09-20 03:30:00",787,65,24,9,20,1,14,25,13,44,4,48,4,2218,9,23.2,3,1,7.09,10,132,139.6226,113.3254,254
"2024-09-20 03:45:00",788,66,24,9,20,1,29,25,13,36,4,56,0,2218,9,23.2,3,1,7.09,10,132,114.2367,105.6633,254
"2024-09-20 04:00:00",789,67,24,9,20,1,44,13,13,61.6,7.7,30.8,0,2218,9,23.2,3,1,7.06,10,132,101.5437,101.5437,254
"2024-09-20 04:15:00",790,68,24,9,20,1,59,18,13,55.6,0,44.5,0,2218,9,23.2,3,1,7.09,0,132,127.1609,109.7812,254
"2024-09-20 04:30:00",791,69,24,9,20,2,14,17,13,35.3,0,58.8,5.9,2218,9,23.2,3,1,7.06,10,132,76.29652,92.71938,254
"2024-09-20 04:45:00",792,70,24,9,20,2,29,15,13,53.3,0,40,6.7,2218,9,23.2,3,1,7.06,10,132,101.7287,101.7287,254
"2024-09-20 05:00:00",793,71,24,9,20,2,44,15,13,53.3,6.7,40,0,2236,9,23.2,3,1,7.06,10,132,101.7287,101.7287,254
"2024-09-20 05:15:00",794,72,24,9,20,2,59,18,13,33.3,5.6,44.5,5.6,2218,9,23.2,3,1,7.06,0,132,63.69647,92.88859,254
"2024-09-20 05:30:00",795,73,24,9,20,3,14,17,13,41.2,5.9,53,0,2218,9,23.2,3,1,7.09,10,132,89.17505,97.54288,254
"2024-09-20 05:45:00",796,74,24,9,20,3,29,19,13,42.1,0,52.6,5.3,2218,9,23.2,3,1,7.06,0,132,101.9143,101.9143,254
"2024-09-20 06:00:00",797,75,24,9,20,3,44,21,13,47.6,0,47.6,0,2236,9,23.2,3,1,7.06,10,132,127.3929,109.9815,254
"2024-09-20 06:15:00",798,76,24,9,20,3,59,20,13,35,0,55,5,2218,9,23.2,3,1,7.06,10,132,89.33808,97.72124,254
"2024-09-20 06:30:00",799,77,24,9,20,4,14,19,13,42.1,5.3,42.1,0,2218,10,23.2,3,1,7.06,10,132,102.1007,102.1007,254
"2024-09-20 06:45:00",800,78,24,9,20,4,29,9,13,55.6,0,33.3,0,2201,9,23.2,3,1,7.06,10,132,63.81292,88.04879,254
"2024-09-20 07:00:00",801,79,24,9,20,4,44,19,13,63.2,0,31.6,0,2218,9,23.2,3,1,7.06,10,132,153.151,117.5575,254
"2024-09-20 07:15:00",802,80,24,9,20,4,59,26,13,50,0,38.5,0,2218,9,23.2,3,1,7.09,10,132,166.2174,121.2533,254
"2024-09-20 07:30:00",803,81,24,9,20,5,14,30,13,60,0,36.7,0,2236,9,23.5,3,1,7.06,10,132,230.1472,137.0373,254
"2024-09-20 07:45:00",804,82,24,9,20,5,29,26,13,65.4,0,23.1,0,2218,9,23.8,3,1,7.06,10,132,217.3613,134.0644,254
"2024-09-20 08:00:00",805,83,24,9,20,5,44,33,13,48.5,0,45.5,3,2236,9,23.8,3,1,7.06,10,132,204.9507,131.248,254
"2024-09-20 08:15:00",806,84,24,9,20,5,59,25,13,56,4,32,0,2236,9,24.1,3,1,7.06,10,132,179.3318,124.8401,254
"2024-09-20 08:30:00",807,85,24,9,20,6,14,33,13,42.4,3,51.5,0,2218,9,24.4,3,1,7.09,10,132,179.3318,124.8401,254
"2024-09-20 08:45:00",808,86,24,9,20,6,29,32,13,50,0,46.9,0,2218,9,24.7,3,2,7.06,10,132,204.9507,131.248,254
"2024-09-20 09:00:00",809,87,24,9,20,6,44,37,13,46,0,48.7,2.7,2218,9,25,3,2,7.06,10,132,218.1604,134.5572,254
"2024-09-20 09:15:00",810,88,24,9,20,6,59,36,13,55.6,0,36.1,2.8,2218,9,25.3,4,2,7.06,10,132,256.6593,143.282,254
"2024-09-20 09:30:00",811,89,24,9,20,7,14,25,13,56,0,40,0,2218,9,26.3,3,2,7.06,10,132,179.6615,125.0696,254
"2024-09-20 09:45:00",812,90,24,9,20,7,30,43,13,48.8,2.3,44.2,2.3,2218,9,27.2,4,2,7.03,10,132,269.9886,146.3187,254
"2024-09-20 10:00:00",813,91,24,9,20,7,45,34,13,35.3,0,58.8,0,2218,9,28.1,4,2,7.06,10,132,154.2792,118.4234,254
"2024-09-20 10:15:00",814,92,24,9,20,8,0,37,13,48.7,0,51.4,0,2218,9,28.7,4,2,7.06,10,132,231.4187,137.7944,254
"2024-09-20 10:30:00",815,93,24,9,20,8,15,28,13,46.4,3.6,46.4,0,2218,9,29.3,4,2,7.06,0,132,167.1358,121.9232,254
"2024-09-20 10:45:00",816,94,24,9,20,8,30,28,13,32.2,0,57.2,0,2218,9,29.9,4,2,7.06,10,132,115.7094,107.0254,254
"2024-09-20 11:00:00",817,95,24,9,20,8,45,34,13,44.1,3,53,0,2201,10,29.9,4,2,7.03,0,132,193.2048,128.8032,254
"2024-09-20 11:15:00",818,96,24,9,20,9,0,29,13,55.2,0,44.8,0,2218,9,30.2,4,2,7.06,10,132,206.0851,131.9745,254
"2024-09-20 11:30:00",819,97,24,9,20,9,15,29,13,48.3,0,51.7,0,2218,9,30.5,4,2,7.03,10,132,180.3245,125.5311,254
"2024-09-20 11:45:00",820,98,24,9,20,9,30,33,13,45.5,0,54.6,0,2201,10,30.5,4,2,7.03,10,132,193.5619,129.0413,254
"2024-09-20 12:00:00",821,99,24,9,20,9,45,29,13,34.5,0,62.1,0,2201,10,30.8,4,2,7.03,10,132,129.0413,111.4045,254
"2024-09-20 12:15:00",822,100,24,9,20,10,0,22,13,31.8,0,68.2,0,2236,9,31.1,4,2,7.03,10,132,90.32889,98.805,254
"2024-09-20 12:30:00",823,101,24,9,20,10,15,31,14,58.1,3.2,38.7,0,2201,10,31.4,4,2,7.03,0,132,222.0148,132.195,254
"2024-09-20 12:45:00",824,102,24,9,20,10,30,34,14,38.2,0,55.9,0,2218,9,31.7,4,2,7,10,132,160.344,116.9687,254
"2024-09-20 13:00:00",825,3,24,9,20,10,45,39,14,35.9,2.6,56.4,0,2236,10,31.7,4,2,7.03,10,132,172.6782,120.2083,254
"2024-09-20 13:15:00",826,4,24,9,20,11,0,36,14,41.7,0,55.6,0,2236,9,31.7,4,2,7.03,10,132,185.0123,123.3416,254
"2024-09-20 13:30:00",827,5,24,9,20,11,15,35,14,62.9,5.7,28.6,2.9,2218,9,31.7,4,2,7.03,10,132,259.4757,143.2264,254
"2024-09-20 13:45:00",828,6,24,9,20,11,30,27,14,37,0,59.3,0,2218,10,31.7,4,2,7,0,132,123.5599,106.6723,254
"2024-09-20 14:00:00",829,7,24,9,20,11,45,41,14,53.7,0,46.4,0,2218,9,31.7,4,2,7.03,10,132,271.8317,143.2264,254
"2024-09-20 14:15:00",830,8,24,9,20,12,0,30,14,50,0,43.3,6.7,2218,9,31.4,4,2,7.03,10,132,172.9838,123.5599,254
"2024-09-20 14:30:00",831,109,24,9,20,12,15,28,14,32.2,3.6,57.2,0,2236,10,31.4,4,2,7.03,10,132,111.401,103.0405,254
"2024-09-20 14:45:00",832,10,24,9,20,12,30,36,14,50,2.8,41.7,0,2218,9,31.1,4,2,7.03,0,132,222.8021,132.6638,254
"2024-09-20 15:00:00",833,111,24,9,20,12,45,25,14,36,4,56,0,2218,9,31.1,4,2,7.03,10,132,111.401,103.0405,254
"2024-09-20 15:15:00",834,12,24,9,20,13,0,19,14,42.1,0,52.6,5.3,2218,9,30.8,4,2,7,10,132,99.02316,99.02316,254
"2024-09-20 15:30:00",835,113,24,9,20,13,15,27,14,63,3.7,33.3,0,2218,9,30.8,4,2,7,0,132,210.798,130.0162,254
"2024-09-20 15:45:00",836,14,24,9,20,13,30,33,14,45.5,3,45.5,0,2218,10,30.8,4,2,7.03,10,132,185.9982,123.9988,254
"2024-09-20 16:00:00",837,15,24,9,20,13,45,30,14,46.7,0,46.7,0,2236,10,30.8,4,2,7.03,10,132,173.5983,120.8488,254
"2024-09-20 16:15:00",838,16,24,9,20,14,0,39,14,38.5,2.6,53.9,0,2218,9,30.5,4,2,7.03,0,132,186.3292,124.2194,254
"2024-09-20 16:30:00",839,17,24,9,20,14,15,24,14,62.5,0,33.3,0,2236,10,30.5,4,2,7.03,10,132,186.3292,124.2194,254
"2024-09-20 16:45:00",840,18,24,9,20,14,30,23,14,43.5,0,47.8,4.4,2201,10,30.2,4,2,7.03,10,132,111.7975,107.2417,254
"2024-09-20 17:00:00",841,19,24,9,20,14,45,24,14,45.8,4.2,45.8,0,2218,9,30.2,4,2,7.06,0,132,136.6414,110.9056,254
"2024-09-20 17:15:00",842,20,24,9,20,15,0,24,14,45.8,0,41.7,4.2,2236,10,29.9,4,2,7.03,10,132,136.6414,110.9056,254
"2024-09-20 17:30:00",843,21,24,9,20,15,15,20,14,70,0,30,0,2218,10,29.6,3,2,7.03,0,132,174.2172,121.2796,254
"2024-09-20 17:45:00",844,22,24,9,20,15,30,28,14,42.9,0,53.6,0,2218,9,29.3,4,2,7.03,10,132,149.3291,114.6238,254
"2024-09-20 18:00:00",845,23,24,9,20,15,45,17,14,29.4,0,70.6,0,2201,10,29,3,2,7.03,10,132,62.22043,85.85149,254
"2024-09-20 18:15:00",846,24,24,9,20,16,0,24,14,41.7,4.2,45.8,0,2201,10,28.4,3,2,7.03,10,132,124.4409,107.4329,254
"2024-09-20 18:30:00",847,25,24,9,20,16,15,32,14,62.5,0,31.3,0,2218,10,28.1,3,2,7.06,10,132,249.3262,139.1882,254
"2024-09-20 18:45:00",848,26,24,9,20,16,30,16,14,37.5,6.3,50,6.3,2201,10,27.8,3,2,7.06,10,132,74.79785,90.89809,254
"2024-09-20 19:00:00",849,27,24,9,20,16,45,17,14,47.1,5.9,41.2,0,2218,9,27.2,3,2,7.06,10,132,99.73046,99.73046,254
"2024-09-20 19:15:00",850,28,24,9,20,17,0,19,14,36.9,5.3,57.9,0,2218,9,26.9,3,2,7.06,10,132,87.26415,95.45269,254
"2024-09-20 19:30:00",851,29,24,9,20,17,15,21,13,47.6,0,52.4,0,2201,10,26.6,3,2,7.06,0,132,124.8861,107.8173,254
"2024-09-20 19:45:00",852,30,24,9,20,17,30,27,13,55.6,7.4,25.9,3.7,2218,9,26.3,3,2,7.06,10,132,174.8405,124.8861,254
"2024-09-20 20:00:00",853,31,24,9,20,17,45,17,13,53,5.9,41.2,0,2218,9,26.3,3,2,7.06,10,132,112.3975,103.9621,254
"2024-09-20 20:15:00",854,32,24,9,20,18,0,22,13,59.1,0,36.4,4.6,2218,9,25.9,3,2,7.06,10,132,162.6429,118.6457,254
"2024-09-20 20:30:00",855,33,24,9,20,18,15,24,13,58.3,0,37.5,0,2236,10,25.6,3,2,7.06,10,132,175.1539,121.9317,254
"2024-09-20 20:45:00",856,34,24,9,20,18,30,24,13,33.3,4.2,54.2,0,2236,10,25.6,3,2,7.06,10,132,100.0879,100.0879,254
"2024-09-20 21:00:00",857,35,24,9,20,18,45,21,13,42.9,0,52.4,0,2218,9,25.3,3,2,7.03,10,132,112.5989,104.1484,254
"2024-09-20 21:15:00",858,36,24,9,20,19,0,22,13,54.6,9.1,22.7,0,2218,10,25.3,3,2,7.03,10,132,150.4014,115.4469,254
"2024-09-20 21:30:00",859,137,24,9,20,19,15,23,13,47.8,0,43.5,0,2236,10,25,3,2,7.06,10,132,137.868,111.9012,254
"2024-09-20 21:45:00",860,38,24,9,20,19,30,24,13,54.2,0,41.7,0,2218,10,25,3,2,7.06,10,132,162.9349,118.8587,254
"2024-09-20 22:00:00",861,39,24,9,20,19,45,30,13,50,0,50,0,2218,9,25,3,1,7.03,10,132,188.0018,125.3345,254
"2024-09-20 22:15:00",862,40,24,9,20,20,0,38,13,60.5,0,36.9,0,2218,9,24.7,3,1,7.06,10,132,288.7879,148.1351,254
"2024-09-20 22:30:00",863,41,24,9,20,20,15,31,13,45.2,0,45.2,0,2236,10,24.7,3,1,7.06,10,132,175.7839,122.3703,254
"2024-09-20 22:45:00",864,42,24,9,20,20,30,31,13,48.4,0,35.5,3.2,2201,10,24.7,3,1,7.06,10,132,188.3399,125.5599,254
"2024-09-20 23:00:00",865,43,24,9,20,20,45,30,13,46.7,3.3,43.3,3.3,2218,9,24.7,3,1,7.06,10,132,176.1006,122.5908,254
"2024-09-20 23:15:00",866,44,24,9,20,21,0,42,13,38.1,0,61.9,0,2218,10,24.7,3,1,7.06,10,132,201.2579,128.8832,254
"2024-09-20 23:30:00",867,45,24,9,20,21,15,25,13,60,0,36,0,2236,10,24.4,3,1,7.06,10,132,188.6792,125.7862,254
"2024-09-20 23:45:00",868,146,24,9,20,21,30,39,13,53.9,0,43.6,2.6,2218,10,24.4,3,1,7.06,10,132,264.151,143.1551,254
"2024-09-21 00:00:00",869,147,24,9,20,21,45,21,13,57.2,0,33.3,9.5,2201,10,24.4,3,1,7.06,10,132,138.3648,119.287,254
"2024-09-21 00:15:00",870,48,24,9,20,22,0,35,13,60,0,40,0,2218,9,24.4,3,1,7.06,10,132,264.6278,143.4135,254
"2024-09-21 00:30:00",871,49,24,9,20,22,15,33,13,36.4,0,60.6,0,2218,10,24.4,3,1,7.09,10,132,151.2159,116.0721,254
"2024-09-21 00:45:00",872,50,24,9,20,22,30,28,13,32.2,0,64.3,0,2218,9,24.1,3,1,7.06,10,132,113.4119,104.9004,254
"2024-09-21 01:00:00",873,51,24,9,20,22,45,29,13,55.2,6.9,34.5,0,2236,10,24.1,3,1,7.06,10,132,201.9857,129.3493,254
"2024-09-21 01:15:00",874,52,24,9,20,23,0,37,13,37.9,8.1,46,5.4,2236,10,24.1,3,1,7.06,10,132,164.1134,126.2411,254
"2024-09-21 01:30:00",875,53,24,9,20,23,15,33,13,48.5,3,30.3,6.1,2218,10,23.8,3,1,7.06,10,132,189.3616,129.3493,254
"2024-09-21 01:45:00",876,54,24,9,20,23,30,36,13,55.6,2.8,38.9,0,2218,9,23.8,3,1,7.06,10,132,252.4822,140.9501,254
"2024-09-21 02:00:00",877,55,24,9,20,23,45,28,13,32.2,3.6,60.7,3.6,2218,9,23.8,3,1,7.06,10,132,113.8228,105.2805,254
"2024-09-21 02:15:00",878,56,24,9,21,0,0,33,13,45.5,0,39.4,6.1,2218,10,23.5,3,1,7.06,0,132,177.0577,126.4698,254
"2024-09-21 02:30:00",879,57,24,9,21,0,16,28,13,57.2,0,39.3,3.6,2218,10,23.5,3,1,7.06,10,132,202.3517,129.5836,254
"2024-09-21 02:45:00",880,158,24,9,21,0,31,31,13,45.2,6.5,41.9,3.2,2218,9,23.2,3,1,7.06,10,132,177.0577,123.257,254
"2024-09-21 03:00:00",881,59,24,9,21,0,46,27,13,33.3,0,66.7,0,2218,9,23.2,3,1,7.06,10,132,114.0294,105.4716,254
"2024-09-21 03:15:00",882,60,24,9,21,1,1,27,13,48.2,0,40.8,0,2201,9,23.2,3,1,7.06,10,132,164.7091,120.1529,254
"2024-09-21 03:30:00",883,161,24,9,21,1,16,28,13,42.9,0,53.6,0,2218,10,22.9,3,1,7.09,10,132,152.0392,116.704,254
"2024-09-21 03:45:00",884,62,24,9,21,1,31,30,13,33.3,3.3,56.7,3.3,2218,9,22.9,3,1,7.06,0,132,126.6993,109.3827,254
"2024-09-21 04:00:00",885,63,24,9,21,1,46,20,13,40,0,40,5,2218,9,22.6,3,1,7.06,10,132,101.5437,101.5437,254
"2024-09-21 04:15:00",886,64,24,9,21,2,1,23,13,34.8,4.4,52.2,0,2218,9,22.6,3,1,7.09,10,132,101.5437,101.5437,254
"2024-09-21 04:30:00",887,65,24,9,21,2,16,21,13,61.9,4.8,28.6,0,2218,9,22.3,3,1,7.09,10,132,165.0086,120.3714,254
"2024-09-21 04:45:00",888,66,24,9,21,2,31,23,13,52.2,4.4,26.1,8.7,2218,10,22.3,3,1,7.09,0,132,139.6226,120.3714,254
"2024-09-21 05:00:00",889,67,24,9,21,2,46,20,13,30,0,65,5,2218,10,22.3,3,1,7.06,0,132,76.29652,92.71938,254
"2024-09-21 05:15:00",890,68,24,9,21,3,1,18,13,38.9,5.6,50,0,2218,10,22.3,3,1,7.09,10,132,89.01261,97.36523,254
"2024-09-21 05:30:00",891,69,24,9,21,3,16,19,13,52.6,0,47.4,0,2218,9,22.3,2,1,7.06,10,132,127.1609,109.7812,254
"2024-09-21 05:45:00",892,170,24,9,21,3,31,28,13,39.3,0,57.2,0,2201,10,22.3,3,1,7.06,10,132,140.1322,113.739,254
"2024-09-21 06:00:00",893,71,24,9,21,3,46,11,13,81.8,0,9.1,0,2218,10,22,3,1,7.06,10,132,114.6536,106.0489,254
"2024-09-21 06:15:00",894,72,24,9,21,4,1,25,13,40,0,60,0,2218,9,22.3,3,1,7.09,0,132,127.3929,109.9815,254
"2024-09-21 06:30:00",895,73,24,9,21,4,16,21,13,47.6,4.8,38.1,4.8,2201,10,22.3,3,1,7.06,10,132,127.3929,109.9815,254
"2024-09-21 06:45:00",896,74,24,9,21,4,31,14,13,50,0,42.9,7.2,2218,9,22.3,3,1,7.06,10,132,76.43576,97.54288,254
"2024-09-21 07:00:00",897,75,24,9,21,4,46,22,13,45.5,4.6,45.5,0,2218,10,22.3,3,1,7.06,10,132,127.6258,110.1826,254
"2024-09-21 07:15:00",898,176,24,9,21,5,1,23,13,52.2,0,43.5,4.4,2218,9,22.3,3,1,7.09,10,132,153.151,117.5575,254
"2024-09-21 07:30:00",899,77,24,9,21,5,16,16,13,25,6.3,68.8,0,2218,10,22.6,3,1,7.06,10,132,51.05033,82.60118,254
"2024-09-21 07:45:00",900,78,24,9,21,5,31,13,13,46.2,0,53.9,0,2201,10,23.2,3,1,7.09,10,132,76.71574,93.22882,254
"2024-09-21 08:00:00",901,79,24,9,21,5,46,26,13,46.2,3.9,38.5,7.7,2218,10,23.8,3,1,7.09,10,132,140.6455,117.7728,254
"2024-09-21 08:15:00",902,80,24,9,21,6,1,17,13,47.1,5.9,47.1,0,2218,9,24.1,3,1,7.06,10,132,102.2877,102.2877,254
"2024-09-21 08:30:00",903,81,24,9,21,6,16,16,13,43.8,6.3,37.5,0,2218,10,25,3,2,7.06,10,132,89.50171,97.90021,254
"2024-09-21 08:45:00",904,82,24,9,21,6,31,26,13,34.6,3.9,53.9,3.9,2218,9,25.9,3,2,7.06,10,132,115.2848,106.6327,254
"2024-09-21 09:00:00",905,83,24,9,21,6,46,17,13,64.7,0,29.4,0,2201,10,26.9,3,2,7.06,10,132,140.9036,114.3651,254
"2024-09-21 09:15:00",906,184,24,9,21,7,1,28,13,42.9,3.6,53.6,0,2236,10,27.8,3,2,7.03,10,132,153.713,117.9888,254
"2024-09-21 09:30:00",907,85,24,9,21,7,16,48,13,29.2,0,14.6,0,2218,9,28.7,3,2,7.03,0,132,179.6615,125.0696,254
"2024-09-21 09:45:00",908,186,24,9,21,7,31,23,13,56.5,4.4,39.1,0,2218,10,29.6,3,2,7.06,10,132,166.8285,121.699,254
"2024-09-21 10:00:00",909,87,24,9,21,7,46,17,13,58.8,0,41.2,0,2201,10,30.2,4,2,7.03,10,132,128.3297,110.7902,254
"2024-09-21 10:15:00",910,88,24,9,21,8,1,27,13,44.5,7.4,44.5,0,2218,10,30.8,3,2,7.03,10,132,153.9956,118.2057,254
"2024-09-21 10:30:00",911,189,24,9,21,8,16,29,13,34.5,3.5,51.7,0,2218,9,31.1,3,2,7.03,10,132,128.566,110.9942,254
"2024-09-21 10:45:00",912,90,24,9,21,8,31,23,13,43.5,4.4,43.5,4.4,2218,10,31.4,4,2,7.03,10,132,115.7094,110.9942,254
"2024-09-21 11:00:00",913,191,24,9,21,8,46,24,13,62.5,0,33.3,0,2218,10,31.4,4,2,7.03,10,132,192.849,128.566,254
"2024-09-21 11:15:00",914,92,24,9,21,9,1,15,13,46.7,0,53.3,0,2218,10,31.4,4,2,7.03,10,132,89.99618,98.44108,254
"2024-09-21 11:30:00",915,93,24,9,21,9,16,32,13,40.6,3.1,56.3,0,2218,10,31.4,4,2,7.03,0,132,167.4441,122.1481,254
"2024-09-21 11:45:00",916,94,24,9,21,9,31,28,13,46.4,3.6,46.4,0,2236,10,31.4,4,2,7.03,10,132,167.4441,122.1481,254
"2024-09-21 12:00:00",917,95,24,9,21,9,46,27,13,33.3,3.7,59.3,0,2218,10,31.4,4,2,7.03,10,132,115.9229,107.2229,254
"2024-09-21 12:15:00",918,96,24,9,21,10,1,28,13,42.9,10.7,39.3,0,2218,9,31.1,4,2,7.03,0,132,154.5638,118.6419,254
"2024-09-21 12:30:00",919,197,24,9,21,10,16,26,13,26.9,3.9,57.7,3.9,2218,10,31.1,4,2,7.03,10,132,90.32889,98.805,254
"2024-09-21 12:45:00",920,198,24,9,21,10,31,27,13,33.3,3.7,59.3,3.7,2218,10,31.4,4,2,7.03,10,132,103.233,107.4211,254
"2024-09-21 13:00:00",921,199,24,9,21,10,46,26,13,61.6,0,38.5,0,2218,10,31.1,3,2,7.03,10,132,206.466,132.2184,254
"2024-09-21 13:15:00",922,0,24,9,21,11,1,22,14,36.4,4.6,54.6,4.6,2218,9,31.1,3,2,7.03,10,132,98.49921,98.49921,254
"2024-09-21 13:30:00",923,1,24,9,21,11,16,30,14,56.7,3.3,36.7,3.3,2218,10,31.1,4,2,7.03,0,132,209.6806,129.3271,254
"2024-09-21 13:45:00",924,2,24,9,21,11,31,21,14,52.4,4.8,38.1,0,2201,10,31.4,3,2,7.03,0,132,135.6757,110.1218,254
"2024-09-21 14:00:00",925,203,24,9,21,11,46,39,14,48.7,2.6,43.6,0,2201,10,31.1,4,2,7.03,10,132,234.349,134.9884,254
"2024-09-21 14:15:00",926,4,24,9,21,12,1,24,14,50,4.2,37.5,0,2218,10,30.8,3,2,7.03,10,132,148.2718,113.8123,254
"2024-09-21 14:30:00",927,5,24,9,21,12,16,26,14,34.6,0,61.6,0,2218,10,30.8,3,2,7.03,10,132,111.2039,102.8581,254
"2024-09-21 14:45:00",928,6,24,9,21,12,31,27,14,48.2,0,51.9,0,2218,10,30.5,3,2,7.03,10,132,160.6278,117.1757,254
"2024-09-21 15:00:00",929,207,24,9,21,12,46,31,14,51.6,3.2,41.9,3.2,2201,10,30.2,3,2,7.03,10,132,197.6958,126.602,254
"2024-09-21 15:15:00",930,208,24,9,21,13,1,35,14,54.3,2.9,40,0,2218,10,30.2,3,2,7.03,0,132,235.18,135.4671,254
"2024-09-21 15:30:00",931,9,24,9,21,13,16,23,14,34.8,0,60.9,0,2218,10,29.9,3,2,7.03,10,132,99.02316,99.02316,254
"2024-09-21 15:45:00",932,210,24,9,21,13,31,28,14,39.3,3.6,46.4,10.7,2218,10,29.9,3,2,7.03,10,132,111.401,114.0141,254
"2024-09-21 16:00:00",933,11,24,9,21,13,46,29,14,55.2,0,44.8,0,2218,10,29.9,3,2,7.03,10,132,198.0463,126.8265,254
"2024-09-21 16:15:00",934,12,24,9,21,14,1,26,14,34.6,0,61.6,3.9,2236,10,29.6,3,2,7.06,10,132,111.5989,103.2235,254
"2024-09-21 16:30:00",935,13,24,9,21,14,16,26,14,61.6,0,38.5,0,2218,9,29.6,3,2,7.06,10,132,198.3981,127.0518,254
"2024-09-21 16:45:00",936,14,24,9,21,14,31,24,14,50,4.2,45.8,0,2218,10,29.6,3,2,7.03,10,132,148.7985,114.2166,254
"2024-09-21 17:00:00",937,215,24,9,21,14,46,24,14,50,0,37.5,12.5,2218,10,29.3,4,2,7.06,10,132,136.3987,117.592,254
"2024-09-21 17:15:00",938,16,24,9,21,15,1,24,14,50,0,45.8,4.2,2218,10,29.3,3,2,7.06,10,132,149.0633,114.4198,254
"2024-09-21 17:30:00",939,17,24,9,21,15,16,24,14,45.8,8.3,41.7,0,2218,10,29,3,2,7.06,10,132,136.6414,110.9056,254
"2024-09-21 17:45:00",940,218,24,9,21,15,31,38,14,44.7,0,44.7,2.6,2218,10,28.7,3,2,7.03,10,132,211.173,130.2476,254
"2024-09-21 18:00:00",941,19,24,9,21,15,46,26,14,42.3,3.9,50,0,2236,10,28.4,3,2,7.03,10,132,136.6414,110.9056,254
"2024-09-21 18:15:00",942,20,24,9,21,16,1,26,14,53.9,0,34.6,3.9,2218,10,27.8,3,2,7.06,10,132,174.2172,121.2796,254
"2024-09-21 18:30:00",943,21,24,9,21,16,16,24,14,16.7,0,79.2,0,2201,10,27.8,3,2,7.03,10,132,49.77634,80.53982,254
"2024-09-21 18:45:00",944,222,24,9,21,16,31,25,14,28,0,68,0,2218,10,27.5,3,2,7.06,10,132,87.1086,95.28255,254
"2024-09-21 19:00:00",945,23,24,9,21,16,47,17,14,53,0,41.2,0,2218,10,27.2,3,2,7.03,10,132,111.9968,103.5915,254
"2024-09-21 19:15:00",946,24,24,9,21,17,2,25,14,44,4,44,4,2201,10,26.9,3,2,7.03,10,132,137.1294,111.3017,254
"2024-09-21 19:30:00",947,25,24,9,21,17,17,29,14,41.4,0,55.2,0,2218,9,26.6,3,2,7.06,10,132,149.5957,114.8284,254
"2024-09-21 19:45:00",948,26,24,9,21,17,32,15,14,60,0,40,0,2218,10,26.6,3,2,7.06,10,132,112.1968,103.7765,254
"2024-09-21 20:00:00",949,27,24,9,21,17,47,20,13,50,0,45,0,2218,10,26.3,3,2,7.03,0,132,124.8861,107.8173,254
"2024-09-21 20:15:00",950,28,24,9,21,18,2,17,13,47.1,0,41.2,5.9,2236,10,26.3,3,2,7.03,0,132,99.90887,99.90887,254
"2024-09-21 20:30:00",951,29,24,9,21,18,17,24,13,37.5,4.2,54.2,0,2218,10,26.3,3,2,7.03,10,132,112.3975,103.9621,254
"2024-09-21 20:45:00",952,30,24,9,21,18,32,16,13,43.8,6.3,50,0,2218,9,26.3,3,2,7.06,10,132,87.42026,95.62344,254
"2024-09-21 21:00:00",953,31,24,9,21,18,47,21,13,61.9,4.8,28.6,0,2218,10,25.9,3,2,7.03,0,132,162.6429,118.6457,254
"2024-09-21 21:15:00",954,32,24,9,21,19,2,17,13,41.2,0,53,0,2218,10,25.9,3,2,7.06,10,132,87.57694,95.79481,254
"2024-09-21 21:30:00",955,33,24,9,21,19,17,16,13,50,0,31.3,0,2218,10,25.9,3,2,7.06,10,132,100.0879,100.0879,254
"2024-09-21 21:45:00",956,34,24,9,21,19,32,16,13,62.5,0,31.3,6.3,2218,10,25.9,3,2,7.03,10,132,125.1099,108.0105,254
"2024-09-21 22:00:00",957,35,24,9,21,19,47,22,13,31.8,18.2,40.9,0,2201,10,25.9,3,2,7.03,10,132,87.73416,95.96682,254
"2024-09-21 22:15:00",958,36,24,9,21,20,2,20,13,50,0,45,0,2218,10,25.9,3,2,7.03,10,132,125.3345,108.2044,254
"2024-09-21 22:30:00",959,37,24,9,21,20,17,24,13,58.3,0,41.7,0,2218,10,25.9,3,2,7.06,10,132,175.4683,122.1506,254
"2024-09-21 22:45:00",960,38,24,9,21,20,32,18,13,38.9,0,55.6,0,2218,9,25.6,3,2,7.06,10,132,87.73416,95.96682,254
"2024-09-21 23:00:00",961,239,24,9,21,20,47,23,13,39.1,4.4,43.5,0,2218,10,25.6,3,2,7.03,0,132,113.004,104.5231,254
"2024-09-21 23:15:00",962,240,24,9,21,21,2,20,13,35,0,50,10,2218,10,25.6,3,2,7.06,10,132,75.33597,100.448,254
"2024-09-21 23:30:00",963,241,24,9,21,21,17,17,13,53,11.8,29.4,5.9,2218,10,25.6,3,2,7.06,10,132,113.004,104.5231,254
"2024-09-21 23:45:00",964,42,24,9,21,21,32,33,13,45.5,3,45.5,3,2218,9,25.6,3,2,7.06,10,132,188.6792,125.7862,254
"2024-09-22 00:00:00",965,43,24,9,21,21,47,20,13,50,5,40,0,2218,10,25.6,3,2,7.06,10,132,125.7862,108.5943,254
"2024-09-22 00:15:00",966,44,24,9,21,22,2,17,13,53,0,41.2,0,2218,10,25.6,3,2,7.06,10,132,113.2075,104.7114,254
"2024-09-22 00:30:00",967,45,24,9,21,22,17,24,13,50,0,50,0,2218,10,25.6,3,2,7.03,10,132,150.9434,115.8629,254
"2024-09-22 00:45:00",968,46,24,9,21,22,32,28,13,57.2,0,39.3,3.6,2218,10,25.6,3,2,7.03,10,132,201.6212,129.1158,254
"2024-09-22 01:00:00",969,47,24,9,21,22,47,25,13,56,0,36,0,2218,10,25.6,3,2,7.06,10,132,176.4185,122.8121,254
"2024-09-22 01:15:00",970,48,24,9,21,23,2,21,13,33.3,0,66.7,0,2218,10,25.3,3,2,7.06,10,132,88.20925,96.48649,254
"2024-09-22 01:30:00",971,49,24,9,21,23,17,22,13,40.9,0,50,4.6,2236,10,25.3,3,2,7.06,10,132,100.8106,104.9004,254
"2024-09-22 01:45:00",972,50,24,9,21,23,32,33,13,51.5,0,42.4,0,2218,10,25.3,3,2,7.06,10,132,214.6099,132.3673,254
"2024-09-22 02:00:00",973,51,24,9,21,23,47,20,13,40,0,40,0,2218,10,25,3,2,7.06,10,132,100.9929,100.9929,254
"2024-09-22 02:15:00",974,252,24,9,22,0,2,26,13,38.5,3.9,50,3.9,2236,10,25,3,1,7.06,0,132,113.617,108.9871,254
"2024-09-22 02:30:00",975,53,24,9,22,0,17,33,13,33.3,0,60.6,3,2236,10,25,3,2,7.06,10,132,138.8652,112.7106,254
"2024-09-22 02:45:00",976,54,24,9,22,0,32,18,13,55.6,0,38.9,5.6,2218,9,25,3,1,7.06,10,132,113.8228,109.1845,254
"2024-09-22 03:00:00",977,55,24,9,22,0,47,20,13,60,5,35,0,2218,10,24.7,3,1,7.09,10,132,151.7638,116.4926,254
"2024-09-22 03:15:00",978,56,24,9,22,1,2,20,13,65,5,25,5,2218,9,24.7,3,2,7.06,10,132,164.4107,119.9353,254
"2024-09-22 03:30:00",979,257,24,9,22,1,17,26,13,53.9,0,46.2,0,2218,10,24.7,3,1,7.06,10,132,177.0577,123.257,254
"2024-09-22 03:45:00",980,258,24,9,22,1,32,16,13,18.8,0,75,0,2218,10,24.4,3,1,7.06,10,132,38.0098,76.01959,254
"2024-09-22 04:00:00",981,59,24,9,22,1,47,22,13,50,9.1,31.8,0,2236,10,24.4,3,1,7.06,10,132,139.3693,113.1197,254
"2024-09-22 04:15:00",982,60,24,9,22,2,2,20,13,40,5,45,5,2218,10,24.4,3,1,7.06,10,132,101.3594,101.3594,254
"2024-09-22 04:30:00",983,61,24,9,22,2,17,25,13,68,0,32,0,2201,9,24.1,3,1,7.06,0,132,215.3888,132.8478,254
"2024-09-22 04:45:00",984,62,24,9,22,2,32,23,13,34.8,4.4,56.5,4.4,2218,10,24.1,3,1,7.09,10,132,88.85077,101.5437,254
"2024-09-22 05:00:00",985,63,24,9,22,2,47,18,13,55.6,0,33.3,5.6,2218,10,24.1,3,1,7.06,10,132,114.2367,109.5816,254
"2024-09-22 05:15:00",986,64,24,9,22,3,2,24,13,37.5,4.2,58.3,0,2236,10,23.8,3,1,7.06,10,132,114.2367,105.6633,254
"2024-09-22 05:30:00",987,65,24,9,22,3,17,19,13,63.2,0,31.6,5.3,2218,10,23.8,3,1,7.09,10,132,139.6226,116.9162,254
"2024-09-22 05:45:00",988,66,24,9,22,3,32,26,13,26.9,3.9,65.4,0,2218,10,23.8,3,1,7.06,10,132,89.01261,97.36523,254
"2024-09-22 06:00:00",989,67,24,9,22,3,47,23,13,39.1,0,52.2,0,2201,10,23.8,3,1,7.09,0,132,114.4448,105.8558,254
"2024-09-22 06:15:00",990,268,24,9,22,4,2,25,13,48,0,44,0,2218,10,23.8,3,1,7.06,10,132,152.593,117.1292,254
"2024-09-22 06:30:00",991,69,24,9,22,4,17,19,13,36.9,5.3,52.6,5.3,2218,10,23.8,3,1,7.06,10,132,89.01261,97.36523,254
"2024-09-22 06:45:00",992,70,24,9,22,4,32,18,13,55.6,11.1,33.3,0,2218,10,23.8,3,1,7.06,0,132,127.3929,109.9815,254
"2024-09-22 07:00:00",993,71,24,9,22,4,47,19,13,42.1,0,57.9,0,2218,10,24.1,3,1,7.09,10,132,101.9143,101.9143,254
"2024-09-22 07:15:00",994,72,24,9,22,5,2,24,13,29.2,0,62.5,8.3,2218,10,24.1,3,1,7.06,10,132,76.43576,101.9143,254
"2024-09-22 07:30:00",995,73,24,9,22,5,17,17,13,23.5,17.7,58.8,0,2218,10,24.1,2,1,7.06,0,132,50.95717,82.45043,254
"2024-09-22 07:45:00",996,274,24,9,22,5,32,9,13,33.3,11.1,44.5,0,2218,10,24.4,3,1,7.06,0,132,38.28775,76.5755,254
"2024-09-22 08:00:00",997,75,24,9,22,5,47,25,13,32,4,52,8,2218,10,24.4,3,1,7.06,0,132,89.33808,106.2428,254
"2024-09-22 08:15:00",998,76,24,9,22,6,2,16,13,56.3,0,37.5,6.3,2218,10,24.4,3,1,7.06,0,132,114.8632,106.2428,254
"2024-09-22 08:30:00",999,77,24,9,22,6,17,15,13,53.3,0,40,6.7,2218,10,24.7,3,1,7.06,10,132,102.2877,102.2877,254
"2024-09-22 08:45:00",1000,78,24,9,22,6,32,27,13,37,0,63,0,2218,10,24.7,3,2,7.06,10,132,127.8596,110.3844,254
"2024-09-22 09:00:00",1001,79,24,9,22,6,47,18,13,33.3,0,66.7,0,2218,10,24.7,3,1,7.03,10,132,76.71574,93.22882,254
"2024-09-22 09:15:00",1002,80,24,9,22,7,2,17,13,58.8,0,35.3,0,2218,10,25,3,2,7.06,10,132,127.8596,110.3844,254
"2024-09-22 09:30:00",1003,81,24,9,22,7,17,15,13,20,0,60,6.7,2201,10,25,3,1,7.06,0,132,38.42825,76.85649,254
"2024-09-22 09:45:00",1004,254,24,9,22,7,32,10,13,10,10,60,20,2201,9,25,3,1,7.06,0,132,0,69.99195,254
"2024-09-22 10:00:00",1005,83,24,9,22,7,47,16,13,43.8,0,56.3,0,2218,10,25,3,2,7.06,0,132,89.66591,98.07983,254
"2024-09-22 10:15:00",1006,84,24,9,22,8,2,16,13,31.3,12.5,37.5,0,2236,11,25.3,3,2,7.06,10,132,64.04709,88.37188,254
"2024-09-22 10:30:00",1007,85,24,9,22,8,17,18,13,66.7,0,22.2,5.6,2218,10,25.3,3,2,7.09,0,132,153.9956,118.2057,254
"2024-09-22 10:45:00",1008,86,24,9,22,8,32,17,13,41.2,5.9,35.3,0,2218,10,25.6,3,2,7.06,0,132,89.83074,98.26013,254
"2024-09-22 11:00:00",1009,87,24,9,22,8,47,16,13,37.5,6.3,43.8,6.3,2218,10,25.6,3,2,7.06,10,132,76.99778,93.57159,254
"2024-09-22 11:15:00",1010,88,24,9,22,9,2,15,13,46.7,6.7,40,0,2218,10,25.3,3,2,7.06,10,132,89.83074,98.26013,254
"2024-09-22 11:30:00",1011,289,24,9,22,9,17,18,13,55.6,5.6,33.3,0,2218,10,25.3,3,2,7.06,10,132,128.566,110.9942,254
"2024-09-22 11:45:00",1012,90,24,9,22,9,33,21,13,42.9,0,57.2,0,2218,10,25,3,1,7.06,10,132,115.7094,107.0254,254
"2024-09-22 12:00:00",1013,91,24,9,22,9,48,19,13,63.2,0,26.3,5.3,2218,10,25,3,1,7.06,10,132,141.4226,118.4234,254
"2024-09-22 12:15:00",1014,292,24,9,22,10,3,20,13,50,0,35,5,2236,10,25,3,2,7.06,0,132,128.566,110.9942,254
"2024-09-22 12:30:00",1015,293,24,9,22,10,18,18,13,55.6,0,38.9,0,2218,10,25,3,2,7.06,0,132,128.8032,111.199,254
"2024-09-22 12:45:00",1016,94,24,9,22,10,33,13,13,38.5,0,61.6,0,2201,10,25.3,3,2,7.06,10,132,64.40159,88.86105,254
"2024-09-22 13:00:00",1017,95,24,9,22,10,48,20,13,30,0,65,5,2218,10,25.3,3,2,7.03,10,132,77.28192,93.91688,254
"2024-09-22 13:15:00",1018,96,24,9,22,11,3,26,13,46.2,0,50,0,2236,10,25.3,3,2,7.06,10,132,154.8495,118.8612,254
"2024-09-22 13:30:00",1019,97,24,9,22,11,18,16,13,68.8,0,12.5,6.3,2218,10,25.3,3,2,7.06,10,132,141.9454,115.2107,254
"2024-09-22 13:45:00",1020,298,24,9,22,11,33,18,13,38.9,0,61.1,0,2218,10,25.3,3,1,7.03,10,132,90.32889,98.805,254
"2024-09-22 14:00:00",1021,99,24,9,22,11,48,12,14,66.7,0,33.3,0,2236,10,25.6,3,2,7.06,10,132,98.49921,98.49921,254
"2024-09-22 14:15:00",1022,0,24,9,22,12,3,15,14,40,0,46.7,0,2218,10,25.6,3,2,7.06,10,132,74.00493,89.93452,254
"2024-09-22 14:30:00",1023,1,24,9,22,12,18,18,14,44.5,0,44.5,0,2218,10,25.6,3,2,7.06,0,132,98.67324,98.67324,254
"2024-09-22 14:45:00",1024,2,24,9,22,12,33,15,14,73.3,0,20,0,2218,10,25.6,3,2,7.06,0,132,135.6757,110.1218,254
"2024-09-22 15:00:00",1025,3,24,9,22,12,48,20,14,40,5,35,10,2218,10,25.9,3,2,7.06,10,132,86.49191,102.8581,254
"2024-09-22 15:15:00",1026,4,24,9,22,13,3,30,14,50,0,46.7,0,2201,10,25.9,3,2,7.06,10,132,185.3398,123.5599,254
"2024-09-22 15:30:00",1027,5,24,9,22,13,18,24,14,54.2,0,45.8,0,2218,10,26.3,3,2,7.03,10,132,160.6278,117.1757,254
"2024-09-22 15:45:00",1028,306,24,9,22,13,33,26,14,53.9,7.7,38.5,0,2218,10,26.3,3,2,7.03,10,132,172.9838,120.421,254
"2024-09-22 16:00:00",1029,7,24,9,22,13,48,33,14,39.4,0,51.5,6.1,2218,10,26.3,3,2,7.03,10,132,148.5347,117.3835,254
"2024-09-22 16:15:00",1030,8,24,9,22,14,3,31,14,35.5,6.5,58.1,0,2236,10,25.9,3,2,7.06,10,132,136.1569,110.5124,254
"2024-09-22 16:30:00",1031,9,24,9,22,14,18,26,14,50,3.9,42.3,3.9,2218,10,25.9,3,2,7.03,10,132,148.5347,117.3835,254
"2024-09-22 16:45:00",1032,10,24,9,22,14,33,19,14,36.9,5.3,57.9,0,2218,10,25.6,3,2,7.06,10,132,86.64526,94.77573,254
"2024-09-22 17:00:00",1033,11,24,9,22,14,48,27,14,55.6,0,37,3.7,2218,10,25.6,3,2,7.06,10,132,173.5983,123.9988,254
"2024-09-22 17:15:00",1034,312,24,9,22,15,3,30,14,43.3,0,46.7,0,2218,10,25.3,3,2,7.06,10,132,161.1984,117.592,254
"2024-09-22 17:30:00",1035,13,24,9,22,15,18,29,14,31,3.5,55.2,0,2218,10,25.3,3,2,7.06,10,132,111.5989,103.2235,254
"2024-09-22 17:45:00",1036,314,24,9,22,15,33,24,14,54.2,4.2,37.5,0,2218,10,25,3,2,7.06,10,132,161.1984,117.592,254
"2024-09-22 18:00:00",1037,15,24,9,22,15,48,25,14,44,4,48,0,2218,10,25,3,2,7.09,10,132,136.6414,110.9056,254
"2024-09-22 18:15:00",1038,16,24,9,22,16,3,26,14,42.3,7.7,34.6,0,2218,10,25,3,1,7.09,10,132,136.6414,110.9056,254
"2024-09-22 18:30:00",1039,17,24,9,22,16,18,18,14,50,0,44.5,5.6,2236,10,24.7,3,1,7.09,10,132,111.7975,103.4072,254
"2024-09-22 18:45:00",1040,18,24,9,22,16,33,27,14,33.3,7.4,44.5,3.7,2218,11,24.4,3,1,7.09,10,132,99.55268,103.5915,254
"2024-09-22 19:00:00",1041,19,24,9,22,16,48,22,14,63.6,0,27.3,4.6,2218,10,24.4,3,1,7.06,10,132,161.7731,121.2796,254
"2024-09-22 19:15:00",1042,20,24,9,22,17,3,15,14,33.3,6.7,53.3,0,2218,10,24.1,3,1,7.06,0,132,62.22043,85.85149,254
"2024-09-22 19:30:00",1043,21,24,9,22,17,18,18,14,50,11.1,38.9,0,2218,10,23.8,3,1,7.09,10,132,111.9968,103.5915,254
"2024-09-22 19:45:00",1044,22,24,9,22,17,33,23,14,52.2,0,39.1,4.4,2218,10,23.8,2,1,7.06,10,132,149.5957,114.8284,254
"2024-09-22 20:00:00",1045,23,24,9,22,17,48,27,14,44.5,3.7,48.2,0,2218,10,23.5,2,1,7.09,0,132,149.5957,114.8284,254
"2024-09-22 20:15:00",1046,24,24,9,22,18,3,27,14,33.3,0,55.6,3.7,2218,10,23.2,2,1,7.09,10,132,99.73046,103.7765,254
"2024-09-22 20:30:00",1047,25,24,9,22,18,18,23,14,47.8,4.4,26.1,17.4,2218,10,23.2,2,1,7.09,10,132,112.1968,114.8284,254
"2024-09-22 20:45:00",1048,26,24,9,22,18,33,21,13,42.9,4.8,33.3,4.8,2236,8,23.2,3,1,7.09,10,132,99.90887,103.9621,254
"2024-09-22 21:00:00",1049,27,24,9,22,18,48,26,13,38.5,3.9,53.9,0,2218,10,23.2,2,1,7.06,10,132,124.8861,107.8173,254
"2024-09-22 21:15:00",1050,28,24,9,22,19,3,14,13,42.9,0,50,7.2,2236,10,22.9,2,1,7.06,10,132,62.44305,91.06073,254
"2024-09-22 21:30:00",1051,29,24,9,22,19,18,15,13,40,0,60,0,2236,11,22.9,3,1,7.06,10,132,74.93165,91.06073,254
"2024-09-22 21:45:00",1052,30,24,9,22,19,33,21,13,42.9,0,52.4,4.8,2218,10,22.9,3,1,7.09,10,132,100.0879,104.1484,254
"2024-09-22 22:00:00",1053,31,24,9,22,19,48,16,13,56.3,6.3,37.5,0,2218,10,22.6,2,1,7.06,10,132,112.5989,104.1484,254
"2024-09-22 22:15:00",1054,332,24,9,22,20,3,18,13,66.7,0,33.3,0,2218,10,22.6,2,1,7.09,10,132,150.1319,115.24,254
"2024-09-22 22:30:00",1055,33,24,9,22,20,18,26,13,53.9,3.9,34.6,3.9,2218,10,22.6,2,1,7.09,10,132,175.1539,121.9317,254
"2024-09-22 22:45:00",1056,34,24,9,22,20,33,27,13,37,7.4,48.2,3.7,2218,10,22.3,2,1,7.09,10,132,112.8011,108.2044,254
"2024-09-22 23:00:00",1057,35,24,9,22,20,48,20,13,20,5,65,0,2218,10,22.6,2,1,7.09,10,132,50.13381,81.11819,254
"2024-09-22 23:15:00",1058,36,24,9,22,21,3,12,13,58.3,0,41.7,0,2218,10,22.3,2,1,7.09,10,132,87.73416,95.96682,254
"2024-09-22 23:30:00",1059,37,24,9,22,21,18,30,13,43.3,3.3,43.3,0,2218,10,22.3,2,1,7.06,10,132,162.9349,118.8587,254
"2024-09-22 23:45:00",1060,338,24,9,22,21,33,16,13,50,6.3,31.3,6.3,2218,10,22.3,2,1,7.06,10,132,100.448,100.448,254
"2024-09-23 00:00:00",1061,39,24,9,22,21,48,24,13,50,0,45.8,0,2218,10,22.3,2,1,7.09,10,132,150.6719,115.6545,254
"2024-09-23 00:15:00",1062,40,24,9,22,22,3,26,13,61.6,0,38.5,0,2218,10,22.3,2,1,7.09,10,132,200.8959,128.6514,254
"2024-09-23 00:30:00",1063,41,24,9,22,22,18,30,13,46.7,0,50,0,2218,10,22.3,2,1,7.09,10,132,176.1006,122.5908,254
"2024-09-23 00:45:00",1064,42,24,9,22,22,33,22,13,54.6,0,27.3,0,2218,10,22.3,2,1,7.09,0,132,150.9434,115.8629,254
"2024-09-23 01:00:00",1065,43,24,9,22,22,48,31,13,48.4,0,41.9,0,2218,10,22.3,2,1,7.06,0,132,188.6792,125.7862,254
"2024-09-23 01:15:00",1066,44,24,9,22,23,3,19,13,47.4,10.5,36.9,0,2218,10,22.3,2,1,7.06,10,132,113.2075,104.7114,254
"2024-09-23 01:30:00",1067,45,24,9,22,23,18,22,13,45.5,4.6,45.5,0,2218,10,22.3,2,1,7.09,0,132,126.0132,108.7904,254
"2024-09-23 01:45:00",1068,46,24,9,22,23,33,18,13,55.6,5.6,38.9,0,2218,10,22,2,1,7.06,10,132,126.0132,108.7904,254
"2024-09-23 02:00:00",1069,47,24,9,22,23,48,27,13,55.6,0,40.8,0,2236,10,22,2,1,7.09,10,132,189.0198,126.0132,254
"2024-09-23 02:15:00",1070,48,24,9,23,0,3,16,13,43.8,18.8,37.5,0,2218,10,22,2,1,7.06,0,132,88.20925,96.48649,254
"2024-09-23 02:30:00",1071,49,24,9,23,0,18,14,13,42.9,0,50,0,2218,10,22,2,1,7.09,10,132,75.60793,91.88257,254
"2024-09-23 02:45:00",1072,50,24,9,23,0,33,13,13,76.9,0,23.1,0,2218,10,22,2,1,7.09,10,132,126.2411,108.9871,254
"2024-09-23 03:00:00",1073,51,24,9,23,0,48,17,13,23.5,0,76.5,0,2236,10,22,2,1,7.06,10,132,50.49643,81.70495,254
"2024-09-23 03:15:00",1074,52,24,9,23,1,3,21,13,76.2,0,19.1,0,2236,10,21.7,2,1,7.06,10,132,201.9857,129.3493,254
"2024-09-23 03:30:00",1075,53,24,9,23,1,18,17,13,23.5,0,70.6,5.9,2218,10,22,2,1,7.06,10,132,50.58792,81.85296,254
"2024-09-23 03:45:00",1076,54,24,9,23,1,33,31,13,58.1,0,29,0,2218,10,21.7,2,1,7.06,10,132,227.6456,135.5478,254
"2024-09-23 04:00:00",1077,55,24,9,23,1,48,29,13,44.8,6.9,44.8,0,2201,10,21.7,2,1,7.09,10,132,164.4107,119.9353,254
"2024-09-23 04:15:00",1078,356,24,9,23,2,4,18,13,33.3,0,44.5,5.6,2218,10,21.7,2,1,7.06,10,132,63.2349,92.21547,254
"2024-09-23 04:30:00",1079,357,24,9,23,2,19,24,13,50,0,41.7,8.3,2236,10,21.7,2,1,7.06,10,132,139.3693,116.704,254
"2024-09-23 04:45:00",1080,58,24,9,23,2,34,26,13,61.6,0,38.5,0,2218,10,21.7,2,1,7.09,0,132,202.7189,129.8188,254
"2024-09-23 05:00:00",1081,59,24,9,23,2,49,21,13,23.8,0,76.2,0,2201,11,21.4,2,1,7.06,0,132,63.34967,87.40958,254
"2024-09-23 05:15:00",1082,60,24,9,23,3,4,25,13,40,4,44,8,2218,10,21.4,2,1,7.06,0,132,114.0294,113.1197,254
"2024-09-23 05:30:00",1083,61,24,9,23,3,19,14,13,42.9,7.2,28.6,14.3,2218,10,21.4,2,1,7.09,10,132,63.46484,92.55081,254
"2024-09-23 05:45:00",1084,62,24,9,23,3,34,22,13,63.6,0,31.8,0,2218,10,21.1,2,1,7.09,10,132,177.7015,123.7052,254
"2024-09-23 06:00:00",1085,63,24,9,23,3,49,26,13,42.3,0,53.9,0,2218,10,21.1,2,1,7.09,0,132,139.6226,113.3254,254
"2024-09-23 06:15:00",1086,64,24,9,23,4,4,14,13,14.3,7.2,64.3,7.2,2218,10,21.1,2,1,7.09,0,132,12.69297,69.35566,254
"2024-09-23 06:30:00",1087,365,24,9,23,4,19,15,13,40,0,60,0,2236,10,20.8,2,1,7.09,10,132,76.1578,92.55081,254
"2024-09-23 06:45:00",1088,66,24,9,23,4,34,19,13,42.1,0,52.6,5.3,2218,10,21.1,2,1,7.06,10,132,101.7287,101.7287,254
"2024-09-23 07:00:00",1089,367,24,9,23,4,49,16,13,68.8,6.3,25,0,2218,10,21.1,2,1,7.09,10,132,139.877,113.5318,254
"2024-09-23 07:15:00",1090,68,24,9,23,5,4,23,13,34.8,0,65.2,0,2218,10,22,2,1,7.09,10,132,101.7287,101.7287,254
"2024-09-23 07:30:00",1091,69,24,9,23,5,19,15,13,26.7,0,60,13.3,2218,10,22.6,2,1,7.06,0,132,38.14826,87.72803,254
"2024-09-23 07:45:00",1092,70,24,9,23,5,34,18,13,38.9,0,55.6,0,2218,10,23.5,2,1,7.06,10,132,89.01261,97.36523,254
"2024-09-23 08:00:00",1093,71,24,9,23,5,49,11,13,36.4,0,63.6,0,2218,10,24.4,3,1,7.06,10,132,50.86436,82.30026,254
"2024-09-23 08:15:00",1094,372,24,9,23,6,4,24,13,45.8,0,50,4.2,2218,10,25.3,3,2,7.06,10,132,140.1322,113.739,254
"2024-09-23 08:30:00",1095,73,24,9,23,6,19,20,13,50,0,45,0,2218,10,25.9,3,2,7.06,10,132,127.3929,109.9815,254
"2024-09-23 08:45:00",1096,74,24,9,23,6,34,19,13,36.9,0,47.4,10.5,2218,10,26.6,3,2,7.06,10,132,76.43576,101.9143,254
"2024-09-23 09:00:00",1097,75,24,9,23,6,49,18,13,27.8,5.6,55.6,0,2218,10,26.9,3,2,7.06,10,132,63.69647,87.88809,254
"2024-09-23 09:15:00",1098,76,24,9,23,7,4,17,13,47.1,5.9,35.3,5.9,2236,10,27.2,3,2,7.06,0,132,101.9143,101.9143,254
"2024-09-23 09:30:00",1099,77,24,9,23,7,19,17,13,35.3,0,53,5.9,2218,10,27.5,3,2,7.06,10,132,76.43576,92.88859,254
"2024-09-23 09:45:00",1100,78,24,9,23,7,34,12,13,41.7,0,41.7,16.7,2218,10,27.8,3,2,7.06,10,132,50.95717,87.88809,254
"2024-09-23 10:00:00",1101,79,24,9,23,7,49,21,13,52.4,4.8,42.9,0,2218,10,28.1,3,2,7.06,0,132,140.3884,113.9469,254
"2024-09-23 10:30:00",1102,81,24,9,23,8,19,16,13,62.5,0,37.5,0,2218,10,27.8,3,2,7.06,10,132,126.0132,108.7904,254
"2024-09-23 10:45:00",1103,82,24,9,23,8,34,15,14,66.7,0,33.3,0,2218,10,26.9,3,2,7.06,10,132,124.6631,107.6247,254
"2024-09-23 11:00:00",1104,83,24,9,23,8,49,15,13,53.3,0,33.3,13.3,2218,10,27.2,3,2,7.06,10,132,89.33808,102.1007,254
"2024-09-23 11:15:00",1105,84,24,9,23,9,4,29,13,51.7,10.4,31,3.5,2218,10,27.5,3,2,7.03,10,132,191.7894,127.8596,254
"2024-09-23 11:30:00",1106,85,24,9,23,9,19,20,13,50,5,40,0,2218,10,28.1,3,2,7.03,10,132,128.3297,110.7902,254
"2024-09-23 11:45:00",1107,86,24,9,23,9,34,28,13,60.7,0,35.7,0,2218,10,28.4,3,2,7.06,10,132,218.1604,134.5572,254
"2024-09-23 12:00:00",1108,87,24,9,23,9,49,19,13,52.6,0,42.1,5.3,2218,10,28.7,3,2,7.03,0,132,128.3297,110.7902,254
"2024-09-23 12:15:00",1109,88,24,9,23,10,4,25,13,52,0,40,0,2218,10,29,3,2,7.03,10,132,167.1358,121.9232,254
"2024-09-23 12:30:00",1110,89,24,9,23,10,19,32,13,37.5,6.3,53.1,0,2201,11,29,3,2,7.06,10,132,154.2792,118.4234,254
"2024-09-23 12:45:00",1111,90,24,9,23,10,34,20,13,65,0,30,0,2218,10,29,3,2,7.03,10,132,167.1358,121.9232,254
"2024-09-23 13:00:00",1112,91,24,9,23,10,49,22,13,59.1,4.6,31.8,0,2236,10,28.4,3,2,7.06,10,132,167.4441,122.1481,254
"2024-09-23 13:15:00",1113,92,24,9,23,11,4,24,13,37.5,0,62.5,0,2218,10,28.1,3,2,7.03,10,132,115.9229,107.2229,254
"2024-09-23 13:30:00",1114,93,24,9,23,11,19,15,13,26.7,0,60,6.7,2236,10,27.8,3,2,7.03,10,132,51.52127,83.36318,254
"2024-09-23 13:45:00",1115,94,24,9,23,11,34,30,13,40,3.3,53.3,0,2218,10,27.5,3,2,7.06,10,132,154.5638,118.6419,254
"2024-09-23 14:00:00",1116,95,24,9,23,11,49,28,13,42.9,3.6,50,0,2236,10,27.5,3,2,7.03,0,132,154.8495,118.8612,254
"2024-09-23 14:15:00",1117,96,24,9,23,12,4,20,13,50,5,45,0,2218,10,27.5,3,2,7.06,10,132,129.0413,111.4045,254
"2024-09-23 14:30:00",1118,397,24,9,23,12,19,23,13,34.8,0,60.9,4.4,2218,10,27.5,3,2,7.03,10,132,90.32889,103.233,254
"2024-09-23 14:45:00",1119,98,24,9,23,12,34,26,14,34.6,0,50,3.9,2218,10,27.5,3,2,7.03,10,132,111.0074,102.6764,254
"2024-09-23 15:00:00",1120,99,24,9,23,12,49,26,14,50,0,38.5,3.9,2218,10,27.2,3,2,7.03,10,132,148.0099,116.9687,254
"2024-09-23 15:15:00",1121,0,24,9,23,13,4,33,14,42.4,3,51.5,0,2218,10,27.2,3,2,7.06,10,132,172.6782,120.2083,254
"2024-09-23 15:30:00",1122,1,24,9,23,13,19,26,14,42.3,0,50,0,2218,10,26.9,3,2,7.06,0,132,135.6757,110.1218,254
"2024-09-23 15:45:00",1123,2,24,9,23,13,34,21,14,57.2,4.8,23.8,9.5,2236,10,26.6,3,2,7.06,10,132,135.9158,117.1757,254
"2024-09-23 16:00:00",1124,3,24,9,23,13,49,30,14,30,0,60,3.3,2218,10,26.3,3,2,7.06,10,132,111.2039,102.8581,254
"2024-09-23 16:15:00",1125,404,24,9,23,14,4,26,14,65.4,3.9,30.8,0,2218,10,26.3,3,2,7.03,10,132,210.0518,129.556,254
"2024-09-23 16:30:00",1126,5,24,9,23,14,19,23,14,47.8,4.4,43.5,0,2236,10,25.9,3,2,7.06,0,132,135.9158,110.3167,254
"2024-09-23 16:45:00",1127,6,24,9,23,14,34,24,14,70.8,0,25,4.2,2201,11,25.9,3,2,7.06,0,132,210.4242,129.7857,254
"2024-09-23 17:00:00",1128,7,24,9,23,14,49,22,14,40.9,0,45.5,4.6,2218,10,25.6,3,2,7.03,10,132,99.02316,103.0405,254
"2024-09-23 17:15:00",1129,8,24,9,23,15,4,29,14,48.3,3.5,48.3,0,2218,10,25.3,3,2,7.06,10,132,173.2905,120.6345,254
"2024-09-23 17:30:00",1130,9,24,9,23,15,19,24,14,58.3,0,41.7,0,2201,10,25,3,2,7.06,10,132,173.2905,120.6345,254
"2024-09-23 17:45:00",1131,10,24,9,23,15,35,24,14,33.3,0,50,4.2,2218,10,25,3,1,7.06,10,132,99.19903,99.19903,254
"2024-09-23 18:00:00",1132,11,24,9,23,15,50,29,14,55.2,3.5,31,3.5,2218,10,24.7,3,1,7.06,10,132,198.3981,127.0518,254
"2024-09-23 18:15:00",1133,12,24,9,23,16,5,16,14,43.8,0,50,0,2218,10,24.4,3,1,7.06,0,132,86.79916,94.94406,254
"2024-09-23 18:30:00",1134,13,24,9,23,16,20,21,14,57.2,0,42.9,0,2236,10,24.4,3,1,7.06,10,132,148.7985,114.2166,254
"2024-09-23 18:45:00",1135,14,24,9,23,16,35,21,14,28.6,0,71.4,0,2218,10,24.1,3,1,7.09,10,132,74.53167,90.57464,254
"2024-09-23 19:00:00",1136,15,24,9,23,16,50,20,14,40,0,55,0,2218,10,24.1,2,1,7.06,10,132,99.37555,99.37555,254
"2024-09-23 19:15:00",1137,16,24,9,23,17,5,22,14,40.9,0,50,9.1,2218,10,24.1,3,1,7.09,10,132,99.37555,103.4072,254
"2024-09-23 19:30:00",1138,17,24,9,23,17,20,22,14,36.4,0,59.1,0,2218,10,23.8,3,1,7.09,10,132,99.37555,99.37555,254
"2024-09-23 19:45:00",1139,18,24,9,23,17,35,23,14,34.8,4.4,47.8,0,2218,10,23.8,3,1,7.06,10,132,99.55268,99.55268,254
"2024-09-23 20:00:00",1140,19,24,9,23,17,50,22,14,40.9,4.6,45.5,4.6,2218,10,23.8,3,1,7.09,10,132,99.55268,103.5915,254
"2024-09-23 20:15:00",1141,20,24,9,23,18,5,26,14,42.3,3.9,38.5,3.9,2218,10,23.8,3,1,7.06,10,132,124.4409,111.1033,254
"2024-09-23 20:30:00",1142,421,24,9,23,18,20,13,14,53.9,0,46.2,0,2218,10,23.8,3,1,7.06,10,132,87.1086,95.28255,254
"2024-09-23 20:45:00",1143,422,24,9,23,18,35,27,14,48.2,0,48.2,0,2218,10,23.8,3,1,7.06,10,132,162.062,118.2219,254
"2024-09-23 21:00:00",1144,23,24,9,23,18,50,21,14,38.1,4.8,52.4,0,2218,10,23.5,2,1,7.09,10,132,99.73046,99.73046,254
"2024-09-23 21:15:00",1145,24,24,9,23,19,5,17,14,64.7,0,35.3,0,2218,10,23.8,3,1,7.06,10,132,137.1294,111.3017,254
"2024-09-23 21:30:00",1146,25,24,9,23,19,20,15,14,66.7,0,26.7,6.7,2218,10,23.5,3,1,7.09,10,132,124.6631,107.6247,254
"2024-09-23 21:45:00",1147,26,24,9,23,19,35,22,13,63.6,9.1,27.3,0,2201,11,23.5,3,1,7.06,10,132,174.8405,121.7136,254
"2024-09-23 22:00:00",1148,27,24,9,23,19,50,24,13,58.3,0,33.3,4.2,2236,10,23.5,3,1,7.06,0,132,174.8405,121.7136,254
"2024-09-23 22:15:00",1149,28,24,9,23,20,5,30,13,43.3,0,53.3,3.3,2218,10,23.5,3,1,7.06,0,132,162.3519,118.4334,254
"2024-09-23 22:30:00",1150,29,24,9,23,20,20,17,13,47.1,0,47.1,0,2218,10,23.5,3,1,7.06,10,132,100.0879,100.0879,254
"2024-09-23 22:45:00",1151,30,24,9,23,20,35,21,13,23.8,0,61.9,9.5,2218,10,23.5,3,1,7.09,10,132,50.04396,86.31306,254
"2024-09-23 23:00:00",1152,31,24,9,23,20,50,29,13,34.5,0,55.2,6.9,2218,10,23.5,2,1,7.09,10,132,112.5989,108.0105,254
"2024-09-23 23:15:00",1153,32,24,9,23,21,5,18,13,38.9,0,61.1,0,2218,10,23.5,3,1,7.06,10,132,87.57694,95.79481,254
"2024-09-23 23:30:00",1154,33,24,9,23,21,20,30,13,33.3,0,56.7,3.3,2236,11,23.5,2,1,7.06,10,132,125.3345,108.2044,254
"2024-09-23 23:45:00",1155,34,24,9,23,21,35,18,13,38.9,0,55.6,5.6,2218,10,23.5,3,1,7.06,10,132,87.73416,95.96682,254
"2024-09-24 00:00:00",1156,35,24,9,23,21,50,20,13,40,5,45,0,2218,10,23.5,3,1,7.06,10,132,100.2676,100.2676,254
"2024-09-24 00:15:00",1157,36,24,9,23,22,5,31,13,51.6,0,35.5,6.5,2218,10,23.5,3,1,7.06,10,132,188.3399,128.6514,254
"2024-09-24 00:30:00",1158,37,24,9,23,22,20,24,13,54.2,0,41.7,0,2218,10,23.5,3,1,7.09,10,132,163.2279,119.0725,254
"2024-09-24 00:45:00",1159,438,24,9,23,22,35,19,13,52.6,0,42.1,0,2218,10,23.5,3,1,7.06,10,132,125.5599,108.399,254
"2024-09-24 01:00:00",1160,39,24,9,23,22,50,28,13,57.2,0,42.9,0,2218,10,23.5,3,1,7.09,0,132,200.8959,128.6514,254
"2024-09-24 01:15:00",1161,40,24,9,23,23,5,29,13,55.2,0,37.9,0,2218,10,23.8,3,1,7.09,0,132,201.2579,128.8832,254
"2024-09-24 01:30:00",1162,41,24,9,23,23,20,17,13,41.2,0,53,0,2218,10,23.5,3,1,7.06,10,132,88.05031,96.31262,254
"2024-09-24 01:45:00",1163,42,24,9,23,23,35,14,13,35.7,0,64.3,0,2218,10,23.5,3,1,7.06,0,132,62.89308,86.77961,254
"2024-09-24 02:00:00",1164,43,24,9,23,23,50,22,13,50,4.6,31.8,0,2201,11,23.5,3,1,7.06,0,132,138.3648,112.3044,254
"2024-09-24 02:15:00",1165,44,24,9,24,0,5,20,13,60,0,35,5,2218,10,23.5,3,1,7.06,10,132,151.2159,116.0721,254
"2024-09-24 02:30:00",1166,45,24,9,24,0,20,28,13,46.4,3.6,42.9,0,2218,10,23.5,3,1,7.06,10,132,163.8172,119.5023,254
"2024-09-24 02:45:00",1167,46,24,9,24,0,35,20,13,55,0,45,0,2218,10,23.5,3,1,7.06,10,132,138.6146,112.5072,254
"2024-09-24 03:00:00",1168,47,24,9,24,0,50,19,13,36.9,5.3,57.9,0,2218,10,23.5,3,1,7.06,0,132,88.20925,96.48649,254
"2024-09-24 03:15:00",1169,48,24,9,24,1,5,23,13,39.1,0,56.5,4.4,2218,10,23.5,3,1,7.09,10,132,100.9929,105.0901,254
"2024-09-24 03:30:00",1170,49,24,9,24,1,20,29,13,24.2,3.5,69,0,2218,10,23.5,2,1,7.09,0,132,88.36876,96.66096,254
"2024-09-24 03:45:00",1171,50,24,9,24,1,35,20,13,50,0,40,0,2218,10,23.5,3,1,7.09,10,132,126.2411,108.9871,254
"2024-09-24 04:00:00",1172,451,24,9,24,1,50,26,13,46.2,0,50,3.9,2218,10,23.5,3,1,7.06,10,132,138.8652,116.282,254
"2024-09-24 04:15:00",1173,52,24,9,24,2,5,23,13,56.5,0,39.1,0,2218,10,23.5,3,1,7.09,10,132,164.4107,119.9353,254
"2024-09-24 04:30:00",1174,53,24,9,24,2,20,19,13,47.4,5.3,42.1,0,2236,11,23.5,3,1,7.06,10,132,113.8228,105.2805,254
"2024-09-24 04:45:00",1175,54,24,9,24,2,35,21,13,38.1,4.8,47.6,0,2218,10,23.2,3,1,7.06,10,132,101.1758,101.1758,254
"2024-09-24 05:00:00",1176,55,24,9,24,2,50,23,13,47.8,0,52.2,0,2218,10,23.2,3,1,7.09,10,132,139.1168,112.9148,254
"2024-09-24 05:15:00",1177,56,24,9,24,3,5,23,13,39.1,0,52.2,4.4,2218,10,23.2,3,1,7.09,10,132,101.3594,105.4716,254
"2024-09-24 05:30:00",1178,457,24,9,24,3,20,27,13,51.9,3.7,37,0,2236,10,23.2,2,1,7.06,10,132,177.379,123.4807,254
"2024-09-24 05:45:00",1179,58,24,9,24,3,35,29,13,55.2,0,44.8,0,2218,10,23.2,3,1,7.06,10,132,202.7189,129.8188,254
"2024-09-24 06:00:00",1180,59,24,9,24,3,50,19,13,42.1,0,47.4,0,2218,10,23.2,2,1,7.09,10,132,101.3594,101.3594,254
"2024-09-24 06:15:00",1181,60,24,9,24,4,5,23,13,43.5,0,47.8,4.4,2201,11,23.2,2,1,7.06,10,132,114.2367,109.5816,254
"2024-09-24 06:30:00",1182,61,24,9,24,4,20,26,13,30.8,3.9,53.9,0,2218,11,22.9,2,1,7.06,10,132,101.5437,101.5437,254
"2024-09-24 06:45:00",1183,62,24,9,24,4,35,23,13,52.2,0,47.8,0,2218,10,22.9,3,1,7.09,10,132,152.3156,116.9162,254
"2024-09-24 07:00:00",1184,63,24,9,24,4,50,23,13,34.8,4.4,47.8,4.4,2218,10,23.2,3,1,7.09,0,132,88.85077,101.5437,254
"2024-09-24 07:15:00",1185,64,24,9,24,5,5,19,13,21.1,5.3,57.9,10.5,2201,10,23.2,3,1,7.06,10,132,38.14826,82.30026,254
"2024-09-24 07:30:00",1186,65,24,9,24,5,20,15,13,66.7,0,33.3,0,2236,11,23.2,2,1,7.06,10,132,127.1609,109.7812,254
"2024-09-24 07:45:00",1187,66,24,9,24,5,35,26,13,38.5,0,53.9,3.9,2201,11,23.2,3,1,7.06,10,132,114.4448,109.7812,254
"2024-09-24 08:00:00",1188,467,24,9,24,5,50,23,13,47.8,4.4,47.8,0,2218,11,23.2,3,1,7.06,0,132,140.1322,113.739,254
"2024-09-24 08:15:00",1189,468,24,9,24,6,5,23,13,47.8,0,47.8,4.4,2236,10,23.2,3,1,7.06,10,132,127.3929,113.739,254
"2024-09-24 08:30:00",1190,69,24,9,24,6,20,17,13,47.1,0,47.1,0,2218,10,23.2,3,1,7.06,0,132,101.9143,101.9143,254
"2024-09-24 08:45:00",1191,70,24,9,24,6,35,18,13,50,5.6,44.5,0,2218,10,23.2,2,1,7.06,10,132,114.6536,106.0489,254
"2024-09-24 09:00:00",1192,71,24,9,24,6,50,23,13,34.8,0,65.2,0,2218,10,23.2,3,1,7.09,10,132,102.1007,102.1007,254
"2024-09-24 09:15:00",1193,72,24,9,24,7,5,20,13,40,0,60,0,2218,10,23.2,3,1,7.06,10,132,102.1007,102.1007,254
"2024-09-24 09:30:00",1194,73,24,9,24,7,20,13,13,38.5,7.7,46.2,7.7,2218,10,23.5,3,1,7.06,10,132,51.05033,88.04879,254
"2024-09-24 09:45:00",1195,74,24,9,24,7,35,22,13,45.5,4.6,40.9,4.6,2201,11,23.5,3,1,7.06,10,132,114.8632,110.1826,254
"2024-09-24 10:00:00",1196,75,24,9,24,7,50,21,13,38.1,4.8,52.4,4.8,2218,10,23.5,3,1,7.06,0,132,102.2877,102.2877,254
"2024-09-24 10:15:00",1197,76,24,9,24,8,6,24,13,41.7,4.2,41.7,8.3,2218,10,23.5,2,1,7.09,10,132,115.0736,114.1556,254
"2024-09-24 10:30:00",1198,77,24,9,24,8,21,14,13,35.7,7.2,57.2,0,2218,10,23.8,3,1,7.06,10,132,63.92978,88.21004,254
"2024-09-24 10:45:00",1199,78,24,9,24,8,36,23,13,56.5,0,34.8,0,2236,10,23.8,3,1,7.06,10,132,166.2174,121.2533,254
"2024-09-24 11:00:00",1200,79,24,9,24,8,51,32,13,53.1,0,40.6,3.1,2236,11,23.8,3,1,7.09,0,132,217.7601,134.3103,254
"2024-09-24 11:15:00",1201,80,24,9,24,9,6,20,13,40,0,40,0,2218,11,23.8,2,1,7.06,0,132,102.4753,102.4753,254
"2024-09-24 11:30:00",1202,81,24,9,24,9,21,19,13,68.4,0,21.1,5.3,2201,11,23.8,3,1,7.06,0,132,166.5224,121.4757,254
"2024-09-24 11:45:00",1203,82,24,9,24,9,36,26,13,30.8,3.9,57.7,0,2201,11,24.1,3,1,7.06,10,132,102.4753,102.4753,254
"2024-09-24 12:00:00",1204,83,24,9,24,9,51,20,13,35,5,55,0,2201,11,23.8,3,1,7.06,10,132,89.83074,98.26013,254
"2024-09-24 12:15:00",1205,84,24,9,24,10,6,20,13,30,0,60,5,2236,10,23.8,3,1,7.06,10,132,76.99778,93.57159,254
"2024-09-24 12:30:00",1206,85,24,9,24,10,21,27,13,55.6,0,37,3.7,2218,10,23.5,3,1,7.06,0,132,179.6615,128.3297,254
"2024-09-24 12:45:00",1207,486,24,9,24,10,36,18,13,72.2,0,27.8,0,2218,10,23.5,3,1,7.06,10,132,166.8285,121.699,254
"2024-09-24 13:00:00",1208,87,24,9,24,10,51,26,13,61.6,0,34.6,0,2218,10,23.5,3,1,7.06,10,132,205.7056,131.7314,254
"2024-09-24 13:15:00",1209,88,24,9,24,11,6,18,13,50,5.6,38.9,0,2236,11,23.8,3,1,7.09,10,132,115.7094,107.0254,254
"2024-09-24 13:30:00",1210,89,24,9,24,11,21,22,13,27.3,0,63.6,0,2218,10,23.8,3,1,7.06,10,132,77.13958,93.74391,254
"2024-09-24 13:45:00",1211,90,24,9,24,11,36,23,13,39.1,0,47.8,4.4,2218,10,23.8,3,1,7.06,10,132,103.0425,107.2229,254
"2024-09-24 14:00:00",1212,91,24,9,24,11,51,25,13,28,4,68,0,2218,10,23.8,3,1,7.09,10,132,90.16223,98.62271,254
"2024-09-24 14:15:00",1213,92,24,9,24,12,6,24,13,37.5,4.2,50,4.2,2218,11,23.8,3,1,7.06,10,132,115.9229,107.2229,254
"2024-09-24 14:30:00",1214,93,24,9,24,12,21,26,13,57.7,7.7,26.9,0,2218,10,23.8,3,1,7.06,10,132,193.2048,128.8032,254
"2024-09-24 14:45:00",1215,94,24,9,24,12,36,19,13,47.4,0,52.6,0,2218,10,23.8,3,1,7.06,10,132,116.1371,107.4211,254
"2024-09-24 15:00:00",1216,95,24,9,24,12,51,21,13,66.7,0,23.8,0,2236,11,23.8,3,1,7.06,10,132,180.6578,125.7632,254
"2024-09-24 15:15:00",1217,96,24,9,24,13,6,23,13,47.8,0,34.8,0,2218,10,24.1,3,1,7.06,10,132,141.9454,115.2107,254
"2024-09-24 15:30:00",1218,497,24,9,24,13,21,17,14,58.8,0,41.2,0,2218,10,24.1,3,1,7.06,10,132,123.124,106.2961,254
"2024-09-24 15:45:00",1219,98,24,9,24,13,36,16,14,31.3,0,68.8,0,2201,11,24.1,3,1,7.06,10,132,61.67078,85.09308,254
"2024-09-24 16:00:00",1220,99,24,9,24,13,51,26,14,42.3,0,46.2,0,2218,10,24.4,3,1,7.06,10,132,135.6757,110.1218,254
"2024-09-24 16:15:00",1221,0,24,9,24,14,6,14,14,50,7.2,42.9,0,2218,10,24.4,3,1,7.09,10,132,86.33909,94.44083,254
"2024-09-24 16:30:00",1222,1,24,9,24,14,21,28,14,46.4,0,42.9,3.6,2201,11,24.4,3,1,7.06,10,132,160.6278,117.1757,254
"2024-09-24 16:45:00",1223,2,24,9,24,14,36,11,14,63.6,0,36.4,0,2218,10,24.4,3,1,7.06,10,132,86.49191,94.60797,254
"2024-09-24 17:00:00",1224,3,24,9,24,14,51,21,14,33.3,0,61.9,0,2236,11,24.1,3,1,7.06,10,132,86.49191,94.60797,254
"2024-09-24 17:15:00",1225,4,24,9,24,15,6,17,14,53,0,47.1,0,2218,10,24.1,3,1,7.09,10,132,111.2039,102.8581,254
"2024-09-24 17:30:00",1226,5,24,9,24,15,21,23,14,30.4,0,65.2,0,2218,10,24.1,3,1,7.09,10,132,86.64526,94.77573,254
"2024-09-24 17:45:00",1227,506,24,9,24,15,36,22,14,45.5,0,50,0,2218,10,24.1,3,1,7.06,10,132,123.779,106.8615,254
"2024-09-24 18:00:00",1228,507,24,9,24,15,51,26,14,53.9,0,38.5,7.7,2218,10,24.1,3,1,7.09,10,132,160.9126,123.779,254
"2024-09-24 18:15:00",1229,8,24,9,24,16,6,13,14,46.2,0,46.2,0,2201,11,24.1,3,1,7.06,10,132,74.26737,90.25344,254
"2024-09-24 18:30:00",1230,9,24,9,24,16,21,15,14,53.3,6.7,40,0,2218,10,24.1,3,1,7.06,10,132,99.19903,99.19903,254
"2024-09-24 18:45:00",1231,10,24,9,24,16,36,27,14,37,0,48.2,11.1,2218,10,23.8,3,1,7.06,10,132,99.19903,110.7086,254
"2024-09-24 19:00:00",1232,11,24,9,24,16,51,18,14,33.3,0,55.6,0,2218,10,23.8,3,1,7.06,10,132,74.39927,90.41375,254
"2024-09-24 19:15:00",1233,12,24,9,24,17,6,18,14,44.5,5.6,38.9,5.6,2218,10,23.8,3,1,7.09,0,132,99.19903,99.19903,254
"2024-09-24 19:30:00",1234,13,24,9,24,17,21,19,14,47.4,5.3,42.1,5.3,2201,11,23.8,3,1,7.09,10,132,111.7975,103.4072,254
"2024-09-24 19:45:00",1235,14,24,9,24,17,36,19,14,57.9,0,31.6,5.3,2218,10,23.8,3,1,7.09,10,132,136.6414,110.9056,254
"2024-09-24 20:00:00",1236,15,24,9,24,17,51,22,14,54.6,0,36.4,9.1,2218,10,23.8,3,1,7.06,10,132,136.6414,117.8012,254
"2024-09-24 20:15:00",1237,16,24,9,24,18,6,20,14,40,0,50,5,2218,10,23.8,3,1,7.06,10,132,99.37555,99.37555,254
"2024-09-24 20:30:00",1238,17,24,9,24,18,21,33,14,27.3,0,54.6,0,2218,10,23.8,3,1,7.06,10,132,111.9968,103.5915,254
"2024-09-24 20:45:00",1239,18,24,9,24,18,36,27,14,59.3,0,37,0,2218,10,23.8,3,1,7.09,10,132,199.1054,127.5048,254
"2024-09-24 21:00:00",1240,19,24,9,24,18,51,29,14,37.9,0,58.6,3.5,2218,10,23.8,3,1,7.09,10,132,124.4409,111.1033,254
"2024-09-24 21:15:00",1241,20,24,9,24,19,6,16,14,37.5,0,62.5,0,2167,10,23.8,3,1,7.06,10,132,74.66453,90.73609,254
"2024-09-24 21:30:00",1242,21,24,9,24,19,21,26,14,15.4,7.7,61.6,0,2218,10,23.8,3,1,7.06,10,132,49.86523,80.68363,254
"2024-09-24 21:45:00",1243,22,24,9,24,19,36,19,14,42.1,0,52.6,0,2218,10,23.8,3,1,7.06,10,132,99.73046,99.73046,254
"2024-09-24 22:00:00",1244,23,24,9,24,19,51,21,14,42.9,4.8,47.6,4.8,2218,11,23.8,3,1,7.09,0,132,99.73046,103.7765,254
"2024-09-24 22:15:00",1245,24,24,9,24,20,6,16,13,56.3,6.3,31.3,6.3,2218,10,23.8,3,1,7.06,10,132,112.3975,103.9621,254
"2024-09-24 22:30:00",1246,525,24,9,24,20,21,9,13,66.7,0,33.3,0,2236,10,23.8,3,1,7.06,10,132,74.93165,91.06073,254
"2024-09-24 22:45:00",1247,26,24,9,24,20,36,16,13,43.8,6.3,50,0,2218,10,23.8,3,1,7.06,10,132,87.42026,95.62344,254
"2024-09-24 23:00:00",1248,27,24,9,24,20,51,17,13,29.4,0,58.8,5.9,2218,11,23.8,3,1,7.06,10,132,62.44305,86.15866,254
"2024-09-24 23:15:00",1249,28,24,9,24,21,6,17,13,76.5,0,17.7,5.9,2218,10,23.8,3,1,7.09,10,132,162.6429,118.6457,254
"2024-09-24 23:30:00",1250,29,24,9,24,21,21,17,13,29.4,5.9,47.1,5.9,2218,10,24.1,3,1,7.06,10,132,62.55494,86.31306,254
"2024-09-24 23:45:00",1251,30,24,9,24,21,36,19,13,31.6,0,52.6,10.5,2201,11,24.1,3,1,7.09,10,132,62.55494,91.22391,254
"2024-09-25 00:00:00",1252,31,24,9,24,21,51,21,13,33.3,0,61.9,0,2218,10,24.1,3,1,7.06,10,132,87.57694,95.79481,254
"2024-09-25 00:15:00",1253,32,24,9,24,22,6,14,13,50,0,35.7,7.2,2218,10,23.8,3,1,7.09,10,132,75.20071,95.96682,254
"2024-09-25 00:30:00",1254,33,24,9,24,22,21,17,13,29.4,0,64.7,0,2218,10,24.1,3,1,7.09,10,132,62.66726,86.46803,254
"2024-09-25 00:45:00",1255,34,24,9,24,22,36,13,13,46.2,0,53.9,0,2218,10,23.8,2,1,7.06,10,132,75.20071,91.38769,254
"2024-09-25 01:00:00",1256,35,24,9,24,22,51,15,13,60,0,40,0,2236,11,23.8,3,1,7.09,10,132,112.8011,104.3354,254
"2024-09-25 01:15:00",1257,536,24,9,24,23,6,13,13,53.9,0,46.2,0,2218,10,23.5,3,1,7.06,0,132,87.89196,96.1394,254
"2024-09-25 01:30:00",1258,537,24,9,24,23,21,15,13,46.7,0,40,6.7,2218,10,23.5,3,1,7.09,10,132,87.89196,96.1394,254
"2024-09-25 01:45:00",1259,538,24,9,24,23,36,12,13,58.3,0,33.3,8.3,2218,10,23.2,2,1,7.06,10,132,87.89196,96.1394,254
"2024-09-25 02:00:00",1260,539,24,9,24,23,51,7,13,57.2,14.3,28.6,0,2218,10,23.2,3,1,7.06,10,132,50.22398,81.2641,254
"2024-09-25 02:15:00",1261,540,24,9,25,0,6,9,13,55.6,0,44.5,0,2218,10,23.2,3,1,7.06,10,132,62.89308,86.77961,254
"2024-09-25 02:30:00",1262,41,24,9,25,0,21,21,13,38.1,0,57.2,0,2218,10,23.2,2,1,7.09,10,132,100.6289,100.6289,254
"2024-09-25 02:45:00",1263,42,24,9,25,0,36,19,13,36.9,5.3,57.9,0,2218,10,23.2,2,1,7.09,10,132,88.05031,96.31262,254
"2024-09-25 03:00:00",1264,543,24,9,25,0,52,9,13,55.6,0,33.3,0,2218,11,22.9,2,1,7.06,10,132,62.89308,86.77961,254
"2024-09-25 03:15:00",1265,44,24,9,25,1,7,16,13,43.8,0,37.5,0,2218,10,22.9,3,1,7.09,10,132,88.20925,96.48649,254
"2024-09-25 03:30:00",1266,45,24,9,25,1,22,12,13,41.7,0,58.3,0,2236,10,22.9,3,1,7.09,0,132,63.00662,86.93626,254
"2024-09-25 03:45:00",1267,46,24,9,25,1,37,21,13,42.9,4.8,42.9,4.8,2218,10,22.9,3,1,7.09,10,132,100.8106,104.9004,254
"2024-09-25 04:00:00",1268,47,24,9,25,1,52,12,13,16.7,0,75,8.3,2236,11,22.9,2,1,7.06,10,132,25.24822,68.97941,254
"2024-09-25 04:15:00",1269,548,24,9,25,2,7,9,13,66.7,0,33.3,0,2218,10,22.9,3,1,7.06,0,132,75.74466,92.04872,254
"2024-09-25 04:30:00",1270,49,24,9,25,2,22,12,13,50,0,50,0,2236,11,22.9,2,1,7.06,10,132,75.74466,92.04872,254
"2024-09-25 04:45:00",1271,550,24,9,25,2,37,9,13,66.7,0,33.3,0,2218,10,22.9,2,1,7.09,10,132,75.74466,92.04872,254
"2024-09-25 05:00:00",1272,551,24,9,25,2,52,14,13,35.7,0,64.3,0,2218,11,22.9,2,1,7.06,10,132,63.2349,87.25125,254
"2024-09-25 05:15:00",1273,52,24,9,25,3,7,16,13,37.5,6.3,50,0,2218,10,22.9,2,1,7.09,10,132,75.88188,92.21547,254
"2024-09-25 05:30:00",1274,53,24,9,25,3,22,15,13,60,6.7,26.7,0,2218,10,22.9,3,1,7.09,10,132,113.8228,105.2805,254
"2024-09-25 05:45:00",1275,54,24,9,25,3,37,22,13,45.5,0,50,4.6,2201,11,22.9,2,1,7.06,10,132,113.8228,109.1845,254
"2024-09-25 06:00:00",1276,55,24,9,25,3,52,17,13,29.4,0,58.8,5.9,2201,11,22.9,3,1,7.06,10,132,63.34967,87.40958,254
"2024-09-25 06:15:00",1277,56,24,9,25,4,7,14,13,42.9,7.2,42.9,0,2218,10,22.9,3,1,7.06,10,132,76.01959,92.38284,254
"2024-09-25 06:30:00",1278,57,24,9,25,4,22,13,13,53.9,0,38.5,7.7,2218,10,22.9,3,1,7.09,10,132,88.68952,97.01181,254
"2024-09-25 06:45:00",1279,58,24,9,25,4,37,20,13,25,5,60,5,2218,10,22.9,3,1,7.06,10,132,63.34967,87.40958,254
"2024-09-25 07:00:00",1280,559,24,9,25,4,52,9,13,44.5,0,44.5,11.1,2218,11,22.9,3,1,7.09,10,132,50.77187,82.15062,254
"2024-09-25 07:15:00",1281,60,24,9,25,5,7,18,13,38.9,5.6,44.5,0,2218,10,22.9,2,1,7.06,10,132,88.85077,97.18819,254
"2024-09-25 07:30:00",1282,61,24,9,25,5,22,12,13,41.7,0,50,0,2218,10,23.2,2,1,7.06,10,132,63.46484,87.56852,254
"2024-09-25 07:45:00",1283,62,24,9,25,5,37,21,13,42.9,4.8,38.1,4.8,2218,10,23.2,3,1,7.09,0,132,101.7287,105.8558,254
"2024-09-25 08:00:00",1284,63,24,9,25,5,52,18,13,55.6,5.6,27.8,0,2218,11,23.2,3,1,7.09,10,132,127.1609,109.7812,254
"2024-09-25 08:15:00",1285,64,24,9,25,6,7,16,13,37.5,0,62.5,0,2218,10,23.5,3,1,7.06,10,132,76.29652,92.71938,254
"2024-09-25 08:30:00",1286,65,24,9,25,6,22,17,13,35.3,5.9,58.8,0,2218,10,23.8,3,1,7.09,10,132,76.29652,92.71938,254
"2024-09-25 08:45:00",1287,66,24,9,25,6,37,14,13,35.7,7.2,57.2,0,2218,10,23.8,3,1,7.06,10,132,63.69647,87.88809,254
"2024-09-25 09:00:00",1288,67,24,9,25,6,52,12,13,58.3,0,41.7,0,2218,10,23.8,3,1,7.09,0,132,89.17505,97.54288,254
"2024-09-25 09:15:00",1289,68,24,9,25,7,7,17,13,41.2,0,58.8,0,2236,10,23.8,3,1,7.06,0,132,89.17505,97.54288,254
"2024-09-25 09:30:00",1290,69,24,9,25,7,22,20,13,50,0,45,0,2218,10,24.1,3,1,7.09,10,132,127.3929,109.9815,254
"2024-09-25 09:45:00",1291,570,24,9,25,7,37,11,13,54.6,9.1,27.3,0,2218,10,24.1,3,1,7.06,10,132,76.5755,93.05839,254
"2024-09-25 10:00:00",1292,71,24,9,25,7,52,17,13,47.1,0,53,0,2218,10,24.4,3,1,7.06,10,132,102.1007,102.1007,254
"2024-09-25 10:15:00",1293,72,24,9,25,8,7,22,13,59.1,0,36.4,0,2218,10,24.4,3,1,7.06,10,132,165.9136,121.0316,254
"2024-09-25 10:30:00",1294,73,24,9,25,8,22,14,13,57.2,0,42.9,0,2218,10,24.4,3,1,7.09,10,132,102.1007,102.1007,254
"2024-09-25 10:45:00",1295,74,24,9,25,8,37,20,13,45,0,45,5,2218,10,24.4,3,1,7.06,0,132,115.0736,106.4374,254
"2024-09-25 11:00:00",1296,75,24,9,25,8,52,15,13,66.7,0,26.7,0,2218,10,24.4,3,1,7.06,10,132,127.8596,110.3844,254
"2024-09-25 11:15:00",1297,76,24,9,25,9,7,20,13,40,0,30,5,2218,11,25,3,2,7.06,10,132,102.2877,102.2877,254
"2024-09-25 11:30:00",1298,77,24,9,25,9,22,14,13,35.7,0,64.3,0,2218,11,25.3,3,2,7.06,0,132,63.92978,88.21004,254
"2024-09-25 11:45:00",1299,78,24,9,25,9,37,21,13,28.6,4.8,61.9,4.8,2218,10,26.3,3,2,7.06,0,132,76.85649,93.39988,254
"2024-09-25 12:00:00",1300,79,24,9,25,9,52,14,13,71.4,0,28.6,0,2218,10,26.6,3,2,7.03,0,132,128.0942,110.5869,254
"2024-09-25 12:15:00",1301,80,24,9,25,10,7,21,13,61.9,4.8,33.3,0,2236,11,27.2,3,2,7.03,10,132,166.5224,121.4757,254
"2024-09-25 12:30:00",1302,81,24,9,25,10,22,25,13,44,0,40,8,2201,11,27.5,3,2,7.03,10,132,128.3297,118.2057,254
"2024-09-25 12:45:00",1303,82,24,9,25,10,37,12,13,33.3,0,41.7,8.3,2218,10,27.8,3,2,7.06,10,132,51.33186,83.05669,254
"2024-09-25 13:00:00",1304,83,24,9,25,10,52,22,13,54.6,0,45.5,0,2218,10,28.1,3,2,7.03,10,132,153.9956,118.2057,254
"2024-09-25 13:15:00",1305,84,24,9,25,11,7,16,13,37.5,0,56.3,0,2218,10,28.1,3,2,7.03,10,132,76.99778,93.57159,254
"2024-09-25 13:30:00",1306,85,24,9,25,11,22,19,13,31.6,0,63.2,0,2236,11,28.1,3,2,7.03,10,132,77.13958,93.74391,254
"2024-09-25 13:45:00",1307,86,24,9,25,11,37,17,13,41.2,5.9,47.1,0,2218,10,28.1,3,2,7.03,10,132,89.99618,98.44108,254
"2024-09-25 14:00:00",1308,587,24,9,25,11,52,18,13,55.6,5.6,33.3,0,2218,10,28.1,3,2,7.06,10,132,128.566,110.9942,254
"2024-09-25 14:15:00",1309,88,24,9,25,12,7,14,13,42.9,0,57.2,0,2218,10,28.1,3,2,7.06,0,132,77.13958,93.74391,254
"2024-09-25 14:30:00",1310,89,24,9,25,12,22,20,13,45,0,55,0,2218,10,28.1,3,2,7.03,10,132,115.9229,107.2229,254
"2024-09-25 14:45:00",1311,90,24,9,25,12,37,18,13,38.9,0,50,0,2218,10,28.4,3,2,7.03,10,132,90.16223,98.62271,254
"2024-09-25 15:00:00",1312,91,24,9,25,12,52,21,13,33.3,4.8,61.9,0,2218,10,28.4,3,2,7.03,10,132,90.16223,98.62271,254
"2024-09-25 15:15:00",1313,92,24,9,25,13,7,16,13,43.8,0,56.3,0,2218,11,28.1,3,2,7.03,10,132,90.16223,98.62271,254
"2024-09-25 15:30:00",1314,593,24,9,25,13,22,21,13,38.1,0,57.2,0,2218,10,28.1,3,2,7.03,10,132,103.233,103.233,254
"2024-09-25 15:45:00",1315,94,24,9,25,13,37,34,13,32.4,0,61.8,0,2218,10,28.1,3,2,7.06,10,132,141.9454,115.2107,254
"2024-09-25 16:00:00",1316,95,24,9,25,13,52,21,13,47.6,0,42.9,0,2218,10,28.1,3,2,7.06,10,132,129.0413,111.4045,254
"2024-09-25 16:15:00",1317,96,24,9,25,14,7,20,14,30,0,60,5,2218,10,28.1,3,2,7.03,10,132,73.87441,89.77591,254
"2024-09-25 16:30:00",1318,97,24,9,25,14,22,25,14,56,0,36,0,2218,10,27.8,3,2,7.06,0,132,172.6782,120.2083,254
"2024-09-25 16:45:00",1319,98,24,9,25,14,37,20,14,50,0,25,5,2218,10,27.5,3,2,7.03,10,132,123.3416,106.4839,254
"2024-09-25 17:00:00",1320,99,24,9,25,14,52,30,14,33.3,0,56.7,3.3,2201,11,27.5,3,2,7.03,0,132,123.3416,106.4839,254
"2024-09-25 17:15:00",1321,0,24,9,25,15,7,29,14,41.4,6.9,37.9,0,2218,10,27.5,3,2,7.06,10,132,148.2718,113.8123,254
"2024-09-25 17:30:00",1322,1,24,9,25,15,22,24,14,45.8,0,50,4.2,2218,10,27.2,3,2,7.06,10,132,135.9158,110.3167,254
"2024-09-25 17:45:00",1323,2,24,9,25,15,37,22,14,45.5,4.6,40.9,0,2218,10,26.9,3,2,7.03,10,132,123.5599,106.6723,254
"2024-09-25 18:00:00",1324,603,24,9,25,15,52,27,14,59.3,0,40.8,0,2218,10,26.9,3,2,7.03,10,132,197.6958,126.602,254
"2024-09-25 18:15:00",1325,4,24,9,25,16,7,30,14,60,0,36.7,0,2218,10,26.6,3,2,7.03,0,132,222.8021,132.6638,254
"2024-09-25 18:30:00",1326,605,24,9,25,16,22,22,14,50,0,40.9,4.6,2218,10,26.3,3,2,7.06,10,132,123.779,110.5124,254
"2024-09-25 18:45:00",1327,606,24,9,25,16,37,26,14,34.6,0,57.7,3.9,2201,11,26.3,3,2,7.03,10,132,111.401,103.0405,254
"2024-09-25 19:00:00",1328,7,24,9,25,16,52,24,14,54.2,0,41.7,0,2236,11,26.3,3,2,7.06,10,132,160.9126,117.3835,254
"2024-09-25 19:15:00",1329,8,24,9,25,17,7,24,14,50,0,45.8,0,2218,10,25.9,3,2,7.06,10,132,148.7985,114.2166,254
"2024-09-25 19:30:00",1330,9,24,9,25,17,23,19,14,42.1,0,57.9,0,2218,10,25.9,3,2,7.03,10,132,99.19903,99.19903,254
"2024-09-25 19:45:00",1331,10,24,9,25,17,38,36,14,44.5,2.8,47.2,2.8,2218,10,25.9,3,2,7.06,10,132,198.3981,127.0518,254
"2024-09-25 20:00:00",1332,11,24,9,25,17,53,21,14,42.9,0,42.9,9.5,2201,11,25.9,3,2,7.06,10,132,99.19903,103.2235,254
"2024-09-25 20:15:00",1333,12,24,9,25,18,8,25,14,32,4,56,0,2218,10,25.6,3,2,7.03,10,132,99.37555,99.37555,254
"2024-09-25 20:30:00",1334,13,24,9,25,18,23,31,14,45.2,0,51.6,0,2236,11,25.6,3,2,7.03,10,132,173.9072,121.0639,254
"2024-09-25 20:45:00",1335,14,24,9,25,18,38,14,14,42.9,0,50,0,2218,10,25.6,3,2,7.06,0,132,74.53167,90.57464,254
"2024-09-25 21:00:00",1336,15,24,9,25,18,53,26,14,38.5,3.9,50,3.9,2218,10,25.6,3,2,7.06,10,132,111.7975,107.2417,254
"2024-09-25 21:15:00",1337,16,24,9,25,19,8,32,14,59.4,3.1,37.5,0,2218,11,25.6,3,2,7.06,0,132,236.4376,136.1915,254
"2024-09-25 21:30:00",1338,617,24,9,25,19,23,26,14,42.3,0,53.9,0,2218,10,25.3,3,2,7.06,10,132,136.885,111.1033,254
"2024-09-25 21:45:00",1339,618,24,9,25,19,38,26,14,42.3,0,53.9,0,2201,11,25.3,3,2,7.06,10,132,136.885,111.1033,254
"2024-09-25 22:00:00",1340,19,24,9,25,19,53,22,14,45.5,0,50,4.6,2201,11,25.3,3,2,7.06,10,132,112.1968,107.6247,254
"2024-09-25 22:15:00",1341,20,24,9,25,20,8,31,14,45.2,3.2,51.6,0,2218,10,25.3,3,2,7.06,0,132,174.5283,121.4962,254
"2024-09-25 22:30:00",1342,21,24,9,25,20,23,18,14,61.1,0,33.3,0,2218,10,25.3,3,2,7.03,10,132,137.1294,111.3017,254
"2024-09-25 22:45:00",1343,22,24,9,25,20,38,25,14,32,0,60,0,2218,11,25.3,3,2,7.06,10,132,99.73046,99.73046,254
"2024-09-25 23:00:00",1344,23,24,9,25,20,53,23,13,60.9,4.4,30.4,4.4,2236,11,25.3,3,2,7.06,10,132,174.8405,121.7136,254
"2024-09-25 23:15:00",1345,24,24,9,25,21,8,13,13,30.8,7.7,53.9,0,2218,10,25,3,1,7.06,10,132,49.95444,80.82797,254
"2024-09-25 23:30:00",1346,25,24,9,25,21,23,24,13,29.2,4.2,66.7,0,2218,10,25,3,2,7.06,10,132,87.42026,95.62344,254
"2024-09-25 23:45:00",1347,26,24,9,25,21,38,22,13,31.8,4.6,54.6,0,2218,10,25,3,1,7.06,10,132,87.42026,95.62344,254
"2024-09-26 00:00:00",1348,27,24,9,25,21,53,17,13,64.7,11.8,23.5,0,2218,10,25,3,2,7.06,10,132,137.6209,111.7007,254
"2024-09-26 00:15:00",1349,28,24,9,25,22,8,17,13,29.4,5.9,47.1,0,2201,11,25,3,1,7.06,10,132,62.55494,86.31306,254
"2024-09-26 00:30:00",1350,29,24,9,25,22,23,15,13,40,0,60,0,2218,10,25,3,1,7.06,0,132,75.06593,91.22391,254
"2024-09-26 00:45:00",1351,30,24,9,25,22,38,28,13,67.9,3.6,25,3.6,2218,10,25,3,2,7.09,0,132,237.7088,136.9237,254
"2024-09-26 01:00:00",1352,31,24,9,25,22,53,19,13,42.1,5.3,42.1,10.5,2218,10,25,3,2,7.06,10,132,87.73416,100.2676,254
"2024-09-26 01:15:00",1353,632,24,9,25,23,8,20,13,55,0,35,5,2218,10,25,3,2,7.06,0,132,137.868,111.9012,254
"2024-09-26 01:30:00",1354,33,24,9,25,23,23,21,13,57.2,0,38.1,0,2236,11,25,3,2,7.06,0,132,150.4014,115.4469,254
"2024-09-26 01:45:00",1355,34,24,9,25,23,38,13,13,30.8,0,53.9,7.7,2218,10,25,3,1,7.06,0,132,50.13381,81.11819,254
"2024-09-26 02:00:00",1356,35,24,9,25,23,53,24,13,50,4.2,33.3,4.2,2218,10,25,3,2,7.06,10,132,150.6719,115.6545,254
"2024-09-26 02:15:00",1357,36,24,9,26,0,8,19,13,31.6,5.3,47.4,5.3,2218,10,25,3,2,7.06,0,132,75.33597,91.55204,254
"2024-09-26 02:30:00",1358,37,24,9,26,0,23,12,13,25,0,58.3,8.3,2218,10,25,3,2,7.06,10,132,37.66798,75.33597,254
"2024-09-26 02:45:00",1359,638,24,9,26,0,38,20,13,50,0,40,5,2218,10,25,3,2,7.06,10,132,125.5599,108.399,254
"2024-09-26 03:00:00",1360,39,24,9,26,0,53,22,13,50,0,45.5,0,2236,11,25,3,2,7.03,10,132,138.3648,112.3044,254
"2024-09-26 03:15:00",1361,40,24,9,26,1,8,11,13,27.3,9.1,63.6,0,2218,10,25,3,1,7.06,10,132,37.73585,75.47169,254
"2024-09-26 03:30:00",1362,41,24,9,26,1,23,12,13,41.7,8.3,41.7,0,2218,10,25,3,2,7.06,10,132,62.89308,86.77961,254
"2024-09-26 03:45:00",1363,42,24,9,26,1,38,21,13,52.4,9.5,28.6,0,2218,10,25,3,2,7.06,10,132,138.6146,112.5072,254
"2024-09-26 04:00:00",1364,43,24,9,26,1,53,16,13,37.5,0,62.5,0,2218,11,25,3,2,7.03,10,132,75.60793,91.88257,254
"2024-09-26 04:15:00",1365,44,24,9,26,2,8,14,13,71.4,0,28.6,0,2218,11,25,3,2,7.06,10,132,126.0132,108.7904,254
"2024-09-26 04:30:00",1366,45,24,9,26,2,23,25,13,52,4,40,4,2218,10,25,3,1,7.09,10,132,163.8172,119.5023,254
"2024-09-26 04:45:00",1367,46,24,9,26,2,38,17,13,35.3,5.9,47.1,0,2218,10,25,3,2,7.06,10,132,75.74466,92.04872,254
"2024-09-26 05:00:00",1368,47,24,9,26,2,53,23,13,47.8,0,43.5,4.4,2201,11,25,3,2,7.06,10,132,126.2411,112.7106,254
"2024-09-26 05:15:00",1369,648,24,9,26,3,8,22,13,45.5,0,40.9,9.1,2201,11,25,3,1,7.09,10,132,113.617,108.9871,254
"2024-09-26 05:30:00",1370,649,24,9,26,3,23,25,13,36,0,56,0,2218,11,25,3,2,7.06,10,132,113.617,105.0901,254
"2024-09-26 05:45:00",1371,50,24,9,26,3,38,19,13,57.9,5.3,36.9,0,2236,11,25,3,2,7.06,10,132,139.1168,112.9148,254
"2024-09-26 06:00:00",1372,51,24,9,26,3,53,18,13,38.9,5.6,50,0,2201,11,25,3,1,7.06,0,132,88.52885,96.83606,254
"2024-09-26 06:15:00",1373,52,24,9,26,4,8,23,13,30.4,0,65.2,0,2218,10,25,3,1,7.06,0,132,88.52885,96.83606,254
"2024-09-26 06:30:00",1374,53,24,9,26,4,23,26,13,61.6,0,26.9,0,2218,10,25,3,2,7.03,10,132,202.3517,129.5836,254
"2024-09-26 06:45:00",1375,654,24,9,26,4,38,25,13,48,0,48,0,2201,11,25,3,2,7.06,10,132,152.0392,116.704,254
"2024-09-26 07:00:00",1376,655,24,9,26,4,53,28,13,50,0,39.3,3.6,2218,10,25,3,2,7.06,10,132,177.379,123.4807,254
"2024-09-26 07:15:00",1377,56,24,9,26,5,8,26,13,50,0,46.2,0,2201,11,25,3,2,7.06,0,132,164.7091,120.1529,254
"2024-09-26 07:30:00",1378,657,24,9,26,5,23,18,13,66.7,0,27.8,0,2218,10,25.3,3,2,7.06,10,132,152.0392,116.704,254
"2024-09-26 07:45:00",1379,58,24,9,26,5,38,32,13,37.5,3.1,59.4,0,2218,10,25.3,3,2,7.06,10,132,152.3156,116.9162,254
"2024-09-26 08:00:00",1380,59,24,9,26,5,53,19,13,47.4,5.3,42.1,5.3,2201,11,25.6,3,2,7.06,10,132,114.2367,105.6633,254
"2024-09-26 08:15:00",1381,60,24,9,26,6,8,14,13,35.7,7.2,42.9,7.2,2218,10,25.9,3,2,7.03,10,132,63.46484,87.56852,254
"2024-09-26 08:30:00",1382,61,24,9,26,6,23,18,13,61.1,0,27.8,5.6,2218,11,26.3,3,2,7.06,10,132,126.9297,113.3254,254
"2024-09-26 08:45:00",1383,62,24,9,26,6,38,21,13,42.9,0,57.2,0,2218,10,26.9,3,2,7.06,10,132,114.4448,105.8558,254
"2024-09-26 09:00:00",1384,63,24,9,26,6,53,21,13,28.6,0,61.9,0,2218,10,27.5,3,2,7.03,0,132,76.29652,92.71938,254
"2024-09-26 09:15:00",1385,64,24,9,26,7,8,17,13,41.2,5.9,41.2,0,2218,10,28.4,3,2,7.03,10,132,89.01261,97.36523,254
"2024-09-26 09:30:00",1386,65,24,9,26,7,23,20,13,40,5,50,0,2218,11,29.3,3,2,7.03,10,132,101.9143,101.9143,254
"2024-09-26 09:45:00",1387,666,24,9,26,7,38,29,13,58.6,0,27.6,3.5,2218,11,29.3,3,2,7.06,0,132,216.568,133.5751,254
"2024-09-26 10:00:00",1388,67,24,9,26,7,53,12,13,58.3,0,41.7,0,2201,10,29.6,3,2,7.03,10,132,89.17505,97.54288,254
"2024-09-26 10:15:00",1389,68,24,9,26,8,8,15,13,13.3,0,66.7,0,2218,11,29.9,4,2,7.03,0,132,25.47859,69.60879,254
"2024-09-26 10:30:00",1390,69,24,9,26,8,23,22,13,50,0,40.9,4.6,2218,10,29.9,3,2,7.06,0,132,127.6258,113.9469,254
"2024-09-26 10:45:00",1391,70,24,9,26,8,38,16,13,31.3,6.3,62.5,0,2218,10,30.2,4,2,7.03,0,132,63.81292,88.04879,254
"2024-09-26 11:00:00",1392,71,24,9,26,8,53,21,13,47.6,0,42.9,4.8,2218,11,30.5,3,2,7.03,10,132,127.6258,110.1826,254
"2024-09-26 11:15:00",1393,672,24,9,26,9,8,25,13,48,4,40,4,2201,11,30.5,4,2,7.03,10,132,153.151,117.5575,254
"2024-09-26 11:30:00",1394,73,24,9,26,9,23,24,13,33.3,8.3,58.3,0,2236,11,30.5,3,2,7.03,10,132,102.2877,102.2877,254
"2024-09-26 11:45:00",1395,74,24,9,26,9,38,22,13,45.5,4.6,45.5,4.6,2201,11,30.5,3,2,7.03,0,132,115.0736,110.3844,254
"2024-09-26 12:00:00",1396,75,24,9,26,9,53,15,13,60,0,33.3,0,2201,11,30.5,3,2,7.03,10,132,115.0736,106.4374,254
"2024-09-26 12:15:00",1397,76,24,9,26,10,9,25,13,68,0,32,0,2218,10,30.5,4,2,7.03,10,132,217.3613,134.0644,254
"2024-09-26 12:30:00",1398,77,24,9,26,10,24,18,13,44.5,0,55.6,0,2218,10,30.5,3,2,7.03,10,132,102.2877,102.2877,254
"2024-09-26 12:45:00",1399,78,24,9,26,10,39,18,13,55.6,5.6,33.3,0,2218,10,30.5,4,2,7.03,10,132,127.8596,110.3844,254
"2024-09-26 13:00:00",1400,79,24,9,26,10,54,31,13,35.5,9.7,41.9,3.2,2218,10,30.2,3,2,7.03,10,132,140.9036,114.3651,254
"2024-09-26 13:15:00",1401,680,24,9,26,11,9,24,13,54.2,0,37.5,8.3,2218,11,30.2,3,2,7.03,10,132,153.713,124.8401,254
"2024-09-26 13:30:00",1402,81,24,9,26,11,24,23,13,47.8,0,52.2,0,2218,10,29.9,3,2,7.03,10,132,140.9036,114.3651,254
"2024-09-26 13:45:00",1403,82,24,9,26,11,39,17,13,35.3,0,47.1,0,2218,11,29.6,4,2,7.06,0,132,76.85649,93.39988,254
"2024-09-26 14:00:00",1404,83,24,9,26,11,54,31,13,64.5,3.2,29,3.2,2236,11,29.6,3,2,7.06,10,132,256.1884,143.0191,254
"2024-09-26 14:15:00",1405,84,24,9,26,12,9,25,13,40,4,48,0,2218,10,29.3,3,2,7.06,10,132,128.0942,110.5869,254
"2024-09-26 14:30:00",1406,685,24,9,26,12,24,22,13,54.6,4.6,40.9,0,2236,11,29.3,3,2,7.03,10,132,153.713,117.9888,254
"2024-09-26 14:45:00",1407,86,24,9,26,12,39,32,13,46.9,3.1,34.4,6.3,2218,10,29.3,3,2,7.06,10,132,179.6615,128.3297,254
"2024-09-26 15:00:00",1408,687,24,9,26,12,54,25,13,52,8,32,0,2218,10,29,3,2,7.06,10,132,166.8285,121.699,254
"2024-09-26 15:15:00",1409,88,24,9,26,13,9,31,13,48.4,0,48.4,0,2218,11,29,3,2,7.03,10,132,192.4945,128.3297,254
"2024-09-26 15:30:00",1410,89,24,9,26,13,24,19,13,52.6,0,42.1,0,2218,10,28.7,3,2,7.06,10,132,128.3297,110.7902,254
"2024-09-26 15:45:00",1411,90,24,9,26,13,39,19,13,42.1,0,52.6,5.3,2236,11,28.7,3,2,7.03,10,132,102.6637,102.6637,254
"2024-09-26 16:00:00",1412,91,24,9,26,13,54,28,13,46.4,0,46.4,0,2218,11,28.4,3,2,7.03,10,132,167.1358,121.9232,254
"2024-09-26 16:15:00",1413,92,24,9,26,14,9,18,13,55.6,0,38.9,0,2218,11,28.1,3,2,7.03,10,132,128.3297,110.7902,254
"2024-09-26 16:30:00",1414,93,24,9,26,14,24,24,13,33.3,4.2,50,4.2,2218,10,27.8,3,2,7.06,10,132,102.8528,102.8528,254
"2024-09-26 16:45:00",1415,94,24,9,26,14,39,28,13,25,7.2,64.3,0,2218,11,27.8,3,2,7.03,10,132,89.99618,98.44108,254
"2024-09-26 17:00:00",1416,95,24,9,26,14,54,22,14,31.8,4.6,54.6,0,2218,11,27.5,3,2,7.03,10,132,86.03507,94.10828,254
"2024-09-26 17:15:00",1417,96,24,9,26,15,9,26,14,46.2,0,53.9,0,2218,11,27.5,3,2,7.03,10,132,148.0099,113.6112,254
"2024-09-26 17:30:00",1418,697,24,9,26,15,24,27,14,48.2,0,44.5,0,2236,11,27.2,3,2,7.03,10,132,160.344,116.9687,254
"2024-09-26 17:45:00",1419,98,24,9,26,15,39,18,14,38.9,5.6,55.6,0,2236,10,27.2,3,2,7.03,0,132,86.33909,94.44083,254
"2024-09-26 18:00:00",1420,699,24,9,26,15,54,26,14,53.9,0,42.3,0,2236,11,26.9,3,2,7.06,10,132,172.9838,120.421,254
"2024-09-26 18:15:00",1421,0,24,9,26,16,9,22,14,31.8,9.1,54.6,0,2218,10,26.9,3,2,7.06,0,132,86.49191,94.60797,254
"2024-09-26 18:30:00",1422,701,24,9,26,16,24,37,14,43.3,5.4,40.6,2.7,2218,10,26.9,3,2,7.06,10,132,197.6958,126.602,254
"2024-09-26 18:45:00",1423,702,24,9,26,16,39,28,14,57.2,0,39.3,0,2218,10,26.9,3,2,7.06,10,132,197.6958,126.602,254
"2024-09-26 19:00:00",1424,703,24,9,26,16,54,28,14,53.6,3.6,35.7,0,2218,11,26.6,3,2,7.06,10,132,185.6684,123.779,254
"2024-09-26 19:15:00",1425,704,24,9,26,17,9,30,14,33.3,0,56.7,0,2218,11,26.6,3,2,7.03,0,132,123.779,106.8615,254
"2024-09-26 19:30:00",1426,5,24,9,26,17,24,31,14,38.7,3.2,58.1,0,2218,10,26.6,3,2,7.06,0,132,148.5347,114.0141,254
"2024-09-26 19:45:00",1427,6,24,9,26,17,39,23,14,56.5,0,39.1,0,2218,10,26.6,3,2,7.06,10,132,160.9126,117.3835,254
"2024-09-26 20:00:00",1428,7,24,9,26,17,54,33,14,48.5,0,48.5,3,2218,11,26.3,3,2,7.06,10,132,198.3981,127.0518,254
"2024-09-26 20:15:00",1429,8,24,9,26,18,9,28,14,28.6,7.2,64.3,0,2218,11,26.3,3,2,7.03,0,132,99.19903,99.19903,254
"2024-09-26 20:30:00",1430,9,24,9,26,18,24,22,14,50,0,45.5,4.6,2218,10,26.3,3,2,7.03,10,132,123.9988,110.7086,254
"2024-09-26 20:45:00",1431,10,24,9,26,18,39,25,14,56,0,40,0,2218,10,26.3,3,2,7.03,10,132,173.5983,120.8488,254
"2024-09-26 21:00:00",1432,11,24,9,26,18,54,27,14,37,0,55.6,0,2218,10,26.3,3,2,7.03,10,132,124.2194,107.2417,254
"2024-09-26 21:15:00",1433,12,24,9,26,19,9,19,14,47.4,0,42.1,0,2218,10,26.3,3,2,7.06,0,132,111.7975,103.4072,254
"2024-09-26 21:30:00",1434,713,24,9,26,19,24,17,14,41.2,5.9,53,0,2218,10,26.3,3,2,7.06,0,132,86.9536,95.11301,254
"2024-09-26 21:45:00",1435,14,24,9,26,19,39,27,14,51.9,0,48.2,0,2201,11,26.3,3,2,7.03,10,132,173.9072,121.0639,254
"2024-09-26 22:00:00",1436,715,24,9,26,19,54,27,14,40.8,0,59.3,0,2218,10,26.3,3,2,7.06,10,132,136.885,111.1033,254
"2024-09-26 22:15:00",1437,16,24,9,26,20,9,24,14,70.8,0,25,4.2,2218,10,26.3,3,2,7.06,0,132,211.5495,130.4797,254
"2024-09-26 22:30:00",1438,17,24,9,26,20,24,22,14,36.4,0,50,4.6,2218,10,26.3,3,2,7.03,10,132,99.55268,99.55268,254
"2024-09-26 22:45:00",1439,18,24,9,26,20,39,16,14,18.8,0,75,0,2218,10,26.3,3,2,7.06,10,132,37.33226,74.66453,254
"2024-09-26 23:00:00",1440,19,24,9,26,20,54,13,14,23.1,7.7,61.6,0,2201,11,25.9,3,2,7.03,0,132,37.39892,74.79785,254
"2024-09-26 23:15:00",1441,20,24,9,26,21,9,13,14,46.2,0,46.2,0,2218,11,25.9,3,2,7.06,10,132,74.79785,90.89809,254
"2024-09-26 23:30:00",1442,21,24,9,26,21,24,21,14,52.4,0,47.6,0,2201,11,25.9,3,2,7.06,10,132,137.1294,111.3017,254
"2024-09-26 23:45:00",1443,22,24,9,26,21,39,19,13,42.1,0,57.9,0,2201,11,25.9,3,2,7.03,10,132,99.90887,99.90887,254
"2024-09-27 00:00:00",1444,23,24,9,26,21,54,21,13,42.9,4.8,42.9,0,2218,11,25.9,3,2,7.06,10,132,112.3975,103.9621,254
"2024-09-27 00:15:00",1445,24,24,9,26,22,9,15,13,33.3,13.3,53.3,0,2218,10,25.9,3,2,7.06,10,132,62.44305,86.15866,254
"2024-09-27 00:30:00",1446,25,24,9,26,22,24,23,13,34.8,4.4,47.8,4.4,2201,11,25.9,3,2,7.03,10,132,87.42026,99.90887,254
"2024-09-27 00:45:00",1447,26,24,9,26,22,39,21,13,28.6,0,57.2,4.8,2218,10,25.9,3,2,7.06,10,132,75.06593,91.22391,254
"2024-09-27 01:00:00",1448,27,24,9,26,22,54,12,13,41.7,0,50,0,2218,10,25.9,3,2,7.06,0,132,62.55494,86.31306,254
"2024-09-27 01:15:00",1449,728,24,9,26,23,9,21,13,57.2,4.8,33.3,4.8,2218,10,25.9,3,2,7.03,10,132,150.1319,115.24,254
"2024-09-27 01:30:00",1450,29,24,9,26,23,24,24,13,29.2,8.3,54.2,4.2,2236,11,25.9,3,2,7.06,0,132,87.57694,95.79481,254
"2024-09-27 01:45:00",1451,30,24,9,26,23,39,20,13,35,5,50,5,2218,10,25.9,3,2,7.03,10,132,87.73416,95.96682,254
"2024-09-27 02:00:00",1452,31,24,9,26,23,54,16,13,25,6.3,62.5,6.3,2218,10,25.9,3,2,7.03,10,132,50.13381,81.11819,254
"2024-09-27 02:15:00",1453,32,24,9,27,0,9,23,13,65.2,0,26.1,0,2218,10,25.9,3,2,7.03,10,132,188.0018,125.3345,254
"2024-09-27 02:30:00",1454,33,24,9,27,0,24,16,13,56.3,6.3,37.5,0,2201,10,25.9,3,2,7.03,0,132,112.8011,104.3354,254
"2024-09-27 02:45:00",1455,34,24,9,27,0,39,25,13,44,0,40,8,2218,11,25.9,3,2,7.06,10,132,125.5599,115.6545,254
"2024-09-27 03:00:00",1456,35,24,9,27,0,54,29,13,41.4,3.5,48.3,0,2218,11,25.9,3,2,7.06,10,132,150.6719,115.6545,254
"2024-09-27 03:15:00",1457,36,24,9,27,1,9,26,13,61.6,0,34.6,3.9,2218,11,25.9,3,2,7.03,10,132,200.8959,128.6514,254
"2024-09-27 03:30:00",1458,37,24,9,27,1,24,27,13,51.9,0,40.8,0,2236,11,25.9,3,2,7.06,0,132,176.1006,122.5908,254
"2024-09-27 03:45:00",1459,38,24,9,27,1,39,17,13,41.2,11.8,41.2,0,2218,11,25.9,3,2,7.06,10,132,88.05031,96.31262,254
"2024-09-27 04:00:00",1460,39,24,9,27,1,54,27,13,33.3,7.4,48.2,7.4,2236,11,25.9,3,2,7.06,0,132,100.6289,104.7114,254
"2024-09-27 04:15:00",1461,40,24,9,27,2,9,18,13,38.9,0,61.1,0,2218,10,25.9,3,2,7.06,10,132,88.05031,96.31262,254
"2024-09-27 04:30:00",1462,41,24,9,27,2,24,24,13,41.7,0,54.2,4.2,2218,10,25.9,3,2,7.06,10,132,126.0132,108.7904,254
"2024-09-27 04:45:00",1463,42,24,9,27,2,40,25,13,68,0,32,0,2218,10,25.9,3,2,7.03,10,132,214.2225,132.1284,254
"2024-09-27 05:00:00",1464,43,24,9,27,2,55,28,13,32.2,3.6,64.3,0,2201,11,25.9,3,2,7.06,10,132,113.4119,104.9004,254
"2024-09-27 05:15:00",1465,44,24,9,27,3,10,27,13,48.2,0,48.2,0,2236,11,25.9,3,2,7.03,10,132,163.8172,119.5023,254
"2024-09-27 05:30:00",1466,745,24,9,27,3,25,22,13,40.9,0,59.1,0,2218,10,25.9,3,2,7.03,10,132,113.617,105.0901,254
"2024-09-27 05:45:00",1467,46,24,9,27,3,40,29,13,24.2,0,69,0,2201,11,25.9,3,2,7.06,10,132,88.36876,96.66096,254
"2024-09-27 06:00:00",1468,747,24,9,27,3,55,27,13,33.3,3.7,59.3,0,2218,11,25.9,3,2,7.03,10,132,113.617,105.0901,254
"2024-09-27 06:15:00",1469,48,24,9,27,4,10,27,13,40.8,0,51.9,0,2201,11,25.9,3,2,7.03,10,132,138.8652,112.7106,254
"2024-09-27 06:30:00",1470,749,24,9,27,4,25,20,13,70,0,30,0,2218,11,25.9,3,2,7.03,10,132,177.0577,123.257,254
"2024-09-27 06:45:00",1471,50,24,9,27,4,40,26,13,57.7,0,38.5,3.9,2201,11,25.9,3,2,7.06,0,132,189.7047,126.4698,254
"2024-09-27 07:00:00",1472,51,24,9,27,4,55,17,13,47.1,5.9,47.1,0,2236,11,25.9,3,2,7.03,0,132,101.1758,101.1758,254
"2024-09-27 07:15:00",1473,52,24,9,27,5,10,21,13,33.3,0,66.7,0,2236,11,25.9,3,2,7.03,10,132,88.52885,96.83606,254
"2024-09-27 07:30:00",1474,53,24,9,27,5,25,20,13,40,5,40,5,2236,11,25.9,3,2,7.06,0,132,101.3594,101.3594,254
"2024-09-27 07:45:00",1475,54,24,9,27,5,40,17,13,58.8,0,41.2,0,2201,11,26.3,3,2,7.06,10,132,126.6993,109.3827,254
"2024-09-27 08:00:00",1476,55,24,9,27,5,55,25,13,40,0,56,0,2218,10,26.3,3,2,7.06,10,132,126.6993,109.3827,254
"2024-09-27 08:15:00",1477,56,24,9,27,6,10,23,13,47.8,8.7,43.5,0,2236,11,26.3,3,2,7.03,10,132,139.3693,113.1197,254
"2024-09-27 08:30:00",1478,57,24,9,27,6,25,28,13,42.9,0,46.4,0,2218,10,26.3,3,2,7.06,0,132,152.3156,116.9162,254
"2024-09-27 08:45:00",1479,758,24,9,27,6,40,15,13,40,0,60,0,2218,10,26.6,3,2,7.06,10,132,76.1578,92.55081,254
"2024-09-27 09:00:00",1480,59,24,9,27,6,55,20,13,50,0,50,0,2218,10,26.6,3,2,7.06,0,132,126.9297,109.5816,254
"2026-01-10 15:45:00",0,-2147483648,-2147483648,-2147483648,-2147483648,-2147483648,-2147483648,"NAN",-2147483648,"NAN","NAN","NAN","NAN","NAN","NAN","NAN","NAN","NAN","NAN","NAN",-2147483648,"NAN","NAN",-2147483648
"2026-01-10 16:45:00",1,-2147483648,-2147483648,-2147483648,-2147483648,-2147483648,-2147483648,"NAN",-2147483648,"NAN","NAN","NAN","NAN","NAN","NAN","NAN","NAN","NAN","NAN","NAN",-2147483648,"NAN","NAN",-2147483648
"2026-01-10 17:45:00",2,-2147483648,-2147483648,-2147483648,-2147483648,-2147483648,-2147483648,"NAN",-2147483648,"NAN","NAN","NAN","NAN","NAN","NAN","NAN","NAN","NAN","NAN","NAN",-2147483648,"NAN","NAN",-2147483648
"2026-01-10 18:45:00",3,-2147483648,-2147483648,-2147483648,-2147483648,-2147483648,-2147483648,"NAN",-2147483648,"NAN","NAN","NAN","NAN","NAN","NAN","NAN","NAN","NAN","NAN","NAN",-2147483648,"NAN","NAN",-2147483648
"2026-01-10 19:45:00",4,-2147483648,-2147483648,-2147483648,-2147483648,-2147483648,-2147483648,"NAN",-2147483648,"NAN","NAN","NAN","NAN","NAN","NAN","NAN","NAN","NAN","NAN","NAN",-2147483648,"NAN","NAN",-2147483648
"2026-01-10 20:45:00",5,-2147483648,-2147483648,-2147483648,-2147483648,-2147483648,-2147483648,"NAN",-2147483648,"NAN","NAN","NAN","NAN","NAN","NAN","NAN","NAN","NAN","NAN","NAN",-2147483648,"NAN","NAN",-2147483648
"2026-01-10 21:45:00",6,-2147483648,-2147483648,-2147483648,-2147483648,-2147483648,-2147483648,"NAN",-2147483648,"NAN","NAN","NAN","NAN","NAN","NAN","NAN","NAN","NAN","NAN","NAN",-2147483648,"NAN","NAN",-2147483648
"2026-01-10 22:45:00",7,-2147483648,-2147483648,-2147483648,-2147483648,-2147483648,-2147483648,"NAN",-2147483648,"NAN","NAN","NAN","NAN","NAN","NAN","NAN","NAN","NAN","NAN","NAN",-2147483648,"NAN","NAN",-2147483648
"2026-01-10 23:45:00",8,-2147483648,-2147483648,-2147483648,-2147483648,-2147483648,-2147483648,"NAN",-2147483648,"NAN","NAN","NAN","NAN","NAN","NAN","NAN","NAN","NAN","NAN","NAN",-2147483648,"NAN","NAN",-2147483648
"2026-01-11 00:45:00",9,-2147483648,-2147483648,-2147483648,-2147483648,-2147483648,-2147483648,"NAN",-2147483648,"NAN","NAN","NAN","NAN","NAN","NAN","NAN","NAN","NAN","NAN","NAN",-2147483648,"NAN","NAN",-2147483648
"2026-01-11 01:45:00",10,-2147483648,-2147483648,-2147483648,-2147483648,-2147483648,-2147483648,"NAN",-2147483648,"NAN","NAN","NAN","NAN","NAN","NAN","NAN","NAN","NAN","NAN","NAN",-2147483648,"NAN","NAN",-2147483648
"2026-01-11 02:45:00",11,-2147483648,-2147483648,-2147483648,-2147483648,-2147483648,-2147483648,"NAN",-2147483648,"NAN","NAN","NAN","NAN","NAN","NAN","NAN","NAN","NAN","NAN","NAN",-2147483648,"NAN","NAN",-2147483648
"2026-01-11 03:45:00",12,-2147483648,-2147483648,-2147483648,-2147483648,-2147483648,-2147483648,"NAN",-2147483648,"NAN","NAN","NAN","NAN","NAN","NAN","NAN","NAN","NAN","NAN","NAN",-2147483648,"NAN","NAN",-2147483648
"2026-01-11 04:45:00",13,-2147483648,-2147483648,-2147483648,-2147483648,-2147483648,-2147483648,"NAN",-2147483648,"NAN","NAN","NAN","NAN","NAN","NAN","NAN","NAN","NAN","NAN","NAN",-2147483648,"NAN","NAN",-2147483648
"2026-01-11 05:45:00",14,-2147483648,-2147483648,-2147483648,-2147483648,-2147483648,-2147483648,"NAN",-2147483648,"NAN","NAN","NAN","NAN","NAN","NAN","NAN","NAN","NAN","NAN","NAN",-2147483648,"NAN","NAN",-2147483648
"2026-01-11 06:45:00",15,-2147483648,-2147483648,-2147483648,-2147483648,-2147483648,-2147483648,"NAN",-2147483648,"NAN","NAN","NAN","NAN","NAN","NAN","NAN","NAN","NAN","NAN","NAN",-2147483648,"NAN","NAN",-2147483648
"2026-01-11 07:45:00",16,-2147483648,-2147483648,-2147483648,-2147483648,-2147483648,-2147483648,"NAN",-2147483648,"NAN","NAN","NAN","NAN","NAN","NAN","NAN","NAN","NAN","NAN","NAN",-2147483648,"NAN","NAN",-2147483648
"2026-01-11 08:45:00",17,-2147483648,-2147483648,-2147483648,-2147483648,-2147483648,-2147483648,"NAN",-2147483648,"NAN","NAN","NAN","NAN","NAN","NAN","NAN","NAN","NAN","NAN","NAN",-2147483648,"NAN","NAN",-2147483648
"2026-01-11 09:45:00",18,-2147483648,-2147483648,-2147483648,-2147483648,-2147483648,-2147483648,"NAN",-2147483648,"NAN","NAN","NAN","NAN","NAN","NAN","NAN","NAN","NAN","NAN","NAN",-2147483648,"NAN","NAN",-2147483648
"2026-01-11 11:45:00",19,-2147483648,-2147483648,-2147483648,-2147483648,-2147483648,-2147483648,"NAN",-2147483648,"NAN","NAN","NAN","NAN","NAN","NAN","NAN","NAN","NAN","NAN","NAN",-2147483648,"NAN","NAN",-2147483648
"2026-01-11 12:45:00",20,-2147483648,-2147483648,-2147483648,-2147483648,-2147483648,-2147483648,"NAN",-2147483648,"NAN","NAN","NAN","NAN","NAN","NAN","NAN","NAN","NAN","NAN","NAN",-2147483648,"NAN","NAN",-2147483648
"2026-01-11 13:45:00",21,-2147483648,-2147483648,-2147483648,-2147483648,-2147483648,-2147483648,"NAN",-2147483648,"NAN","NAN","NAN","NAN","NAN","NAN","NAN","NAN","NAN","NAN","NAN",-2147483648,"NAN","NAN",-2147483648
"2026-01-11 14:45:00",22,-2147483648,-2147483648,-2147483648,-2147483648,-2147483648,-2147483648,"NAN",-2147483648,"NAN","NAN","NAN","NAN","NAN","NAN","NAN","NAN","NAN","NAN","NAN",-2147483648,"NAN","NAN",-2147483648
"2026-01-11 15:45:00",23,-2147483648,-2147483648,-2147483648,-2147483648,-2147483648,-2147483648,"NAN",-2147483648,"NAN","NAN","NAN","NAN","NAN","NAN","NAN","NAN","NAN","NAN","NAN",-2147483648,"NAN","NAN",-2147483648
"2026-01-11 16:45:00",24,-2147483648,-2147483648,-2147483648,-2147483648,-2147483648,-2147483648,"NAN",-2147483648,"NAN","NAN","NAN","NAN","NAN","NAN","NAN","NAN","NAN","NAN","NAN",-2147483648,"NAN","NAN",-2147483648
"2026-01-11 17:45:00",25,-2147483648,-2147483648,-2147483648,-2147483648,-2147483648,-2147483648,"NAN",-2147483648,"NAN","NAN","NAN","NAN","NAN","NAN","NAN","NAN","NAN","NAN","NAN",-2147483648,"NAN","NAN",-2147483648
"2026-01-11 18:45:00",26,-2147483648,-2147483648,-2147483648,-2147483648,-2147483648,-2147483648,"NAN",-2147483648,"NAN","NAN","NAN","NAN","NAN","NAN","NAN","NAN","NAN","NAN","NAN",-2147483648,"NAN","NAN",-2147483648
"2026-01-11 19:45:00",27,-2147483648,-2147483648,-2147483648,-2147483648,-2147483648,-2147483648,"NAN",-2147483648,"NAN","NAN","NAN","NAN","NAN","NAN","NAN","NAN","NAN","NAN","NAN",-2147483648,"NAN","NAN",-2147483648
"2026-01-11 20:45:00",28,-2147483648,-2147483648,-2147483648,-2147483648,-2147483648,-2147483648,"NAN",-2147483648,"NAN","NAN","NAN","NAN","NAN","NAN","NAN","NAN","NAN","NAN","NAN",-2147483648,"NAN","NAN",-2147483648
"2026-01-11 21:45:00",29,-2147483648,-2147483648,-2147483648,-2147483648,-2147483648,-2147483648,"NAN",-2147483648,"NAN","NAN","NAN","NAN","NAN","NAN","NAN","NAN","NAN","NAN","NAN",-2147483648,"NAN","NAN",-2147483648
"2026-01-11 22:45:00",30,-2147483648,-2147483648,-2147483648,-2147483648,-2147483648,-2147483648,"NAN",-2147483648,"NAN","NAN","NAN","NAN","NAN","NAN","NAN","NAN","NAN","NAN","NAN",-2147483648,"NAN","NAN",-2147483648
"2026-01-11 23:45:00",31,-2147483648,-2147483648,-2147483648,-2147483648,-2147483648,-2147483648,"NAN",-2147483648,"NAN","NAN","NAN","NAN","NAN","NAN","NAN","NAN","NAN","NAN","NAN",-2147483648,"NAN","NAN",-2147483648
"2026-01-12 00:45:00",32,-2147483648,-2147483648,-2147483648,-2147483648,-2147483648,-2147483648,"NAN",-2147483648,"NAN","NAN","NAN","NAN","NAN","NAN","NAN","NAN","NAN","NAN","NAN",-2147483648,"NAN","NAN",-2147483648
"2026-01-12 01:45:00",33,-2147483648,-2147483648,-2147483648,-2147483648,-2147483648,-2147483648,"NAN",-2147483648,"NAN","NAN","NAN","NAN","NAN","NAN","NAN","NAN","NAN","NAN","NAN",-2147483648,"NAN","NAN",-2147483648
"2026-01-12 02:45:00",34,-2147483648,-2147483648,-2147483648,-2147483648,-2147483648,-2147483648,"NAN",-2147483648,"NAN","NAN","NAN","NAN","NAN","NAN","NAN","NAN","NAN","NAN","NAN",-2147483648,"NAN","NAN",-2147483648
"2026-01-12 03:45:00",35,-2147483648,-2147483648,-2147483648,-2147483648,-2147483648,-2147483648,"NAN",-2147483648,"NAN","NAN","NAN","NAN","NAN","NAN","NAN","NAN","NAN","NAN","NAN",-2147483648,"NAN","NAN",-2147483648
"2026-01-12 04:45:00",36,-2147483648,-2147483648,-2147483648,-2147483648,-2147483648,-2147483648,"NAN",-2147483648,"NAN","NAN","NAN","NAN","NAN","NAN","NAN","NAN","NAN","NAN","NAN",-2147483648,"NAN","NAN",-2147483648
"2026-01-12 05:45:00",37,-2147483648,-2147483648,-2147483648,-2147483648,-2147483648,-2147483648,"NAN",-2147483648,"NAN","NAN","NAN","NAN","NAN","NAN","NAN","NAN","NAN","NAN","NAN",-2147483648,"NAN","NAN",-2147483648
"2026-01-12 06:45:00",38,-2147483648,-2147483648,-2147483648,-2147483648,-2147483648,-2147483648,"NAN",-2147483648,"NAN","NAN","NAN","NAN","NAN","NAN","NAN","NAN","NAN","NAN","NAN",-2147483648,"NAN","NAN",-2147483648
"2026-01-12 07:45:00",39,-2147483648,-2147483648,-2147483648,-2147483648,-2147483648,-2147483648,"NAN",-2147483648,"NAN","NAN","NAN","NAN","NAN","NAN","NAN","NAN","NAN","NAN","NAN",-2147483648,"NAN","NAN",-2147483648
"2026-01-12 08:45:00",40,-2147483648,-2147483648,-2147483648,-2147483648,-2147483648,-2147483648,"NAN",-2147483648,"NAN","NAN","NAN","NAN","NAN","NAN","NAN","NAN","NAN","NAN","NAN",-2147483648,"NAN","NAN",-2147483648
"2026-01-12 09:30:00",41,-2147483648,-2147483648,-2147483648,-2147483648,-2147483648,-2147483648,"NAN",-2147483648,"NAN","NAN","NAN","NAN","NAN","NAN","NAN","NAN","NAN","NAN","NAN",-2147483648,"NAN","NAN",-2147483648
"2026-01-12 09:45:00",42,-2147483648,-2147483648,-2147483648,-2147483648,-2147483648,-2147483648,"NAN",-2147483648,"NAN","NAN","NAN","NAN","NAN","NAN","NAN","NAN","NAN","NAN","NAN",-2147483648,"NAN","NAN",-2147483648
"2026-01-12 10:00:00",43,-2147483648,26,1,12,9,56,2,14,0,0,0,0,2218,9,7.4,28,0,7.15,10,132,0,49.24961,254
"2026-01-12 10:15:00",44,-2147483648,254,26,1,12,10,11,1,14.1,0,0,0,0,2218,9,7.7,28,0,7.12,10,132,0,49
"2026-01-12 10:30:00",45,-2147483648,254,26,1,12,10,26,1,14.1,0,0,0,0,2218,9,8,28,0,7.12,10,132,0,49
"2026-01-12 10:45:00",46,-2147483648,254,26,1,12,10,41,1,14.1,0,0,0,0,2218,8,8,28,0,7.12,10,132,0,49
"2026-01-12 11:00:00",47,-2147483648,254,26,1,12,10,56,1,14.1,0,0,0,0,2218,9,8.3,28,0,7.15,10,132,0,49
"2026-01-12 11:15:00",48,6,26,1,12,11,11,1,14,100,0,0,0,2218,9,8.6,28,0,7.12,10,132,12.33416,59.55457,254
"2026-01-12 11:30:00",49,-2147483648,254,26,1,12,11,26,0,14.1,0,0,0,0,2218,9,8.6,28,0,7.15,10,132,0,49
"2026-01-12 11:45:00",50,-2147483648,254,26,1,12,11,41,1,14.1,0,0,0,0,2218,8,9.2,28,0,7.12,10,132,0,49
"2026-01-12 12:00:00",51,-2147483648,254,26,1,12,11,56,0,14.1,0,0,0,0,2218,9,9.2,28,0,7.15,10,132,0,49
"2026-01-12 12:15:00",52,-2147483648,254,26,1,12,12,11,1,14.1,0,0,100,0,2218,9,9.5,28,0,7.12,10,132,0,49
"2026-01-12 12:30:00",53,11,26,1,12,12,26,1,14,100,0,0,0,2218,8,9.5,28,0,7.12,10,132,12.35599,59.65997,254
"2026-01-12 12:45:00",54,-2147483648,254,26,1,12,12,41,2,14.1,0,0,50,0,2218,8,9.8,28,0,7.12,10,132,0,49
"2026-01-12 13:00:00",55,13,26,1,12,12,56,2,14,50,0,50,0,2218,8,10.1,28,0,7.12,10,132,12.3779,59.76576,254
"2026-01-12 13:15:00",56,-2147483648,254,26,1,12,13,11,3,14.1,0,0,66.7,0,2270,8,10.1,28,0,7.12,10,132,0,49
"2026-01-12 14:00:00",57,-2147483648,254,26,1,12,13,57,2,14.1,0,0,50,0,2218,8,9.2,29,0,7.12,10,132,0,49
"2026-01-12 15:00:00",58,-2147483648,254,26,1,12,14,57,1,14.1,0,0,0,0,2236,9,11,29,0,7.15,10,132,0,49
"2026-01-12 15:15:00",59,-2147483648,254,26,1,12,15,12,0,14.1,0,0,0,0,2253,8,11.3,28,0,7.15,10,132,0,49
"2026-01-12 15:30:00",60,-2147483648,254,26,1,12,15,27,0,14.1,0,0,0,0,2218,8,11.6,29,0,7.12,0,132,0,49
"2026-01-10 15:45:00",0,-2147483648,-2147483648,-2147483648,-2147483648,-2147483648,-2147483648,"NAN",-2147483648,"NAN","NAN","NAN","NAN","NAN","NAN","NAN","NAN","NAN","NAN","NAN",-2147483648,"NAN","NAN",-2147483648
"2026-01-10 16:45:00",1,-2147483648,-2147483648,-2147483648,-2147483648,-2147483648,-2147483648,"NAN",-2147483648,"NAN","NAN","NAN","NAN","NAN","NAN","NAN","NAN","NAN","NAN","NAN",-2147483648,"NAN","NAN",-2147483648
"2026-01-10 17:45:00",2,-2147483648,-2147483648,-2147483648,-2147483648,-2147483648,-2147483648,"NAN",-2147483648,"NAN","NAN","NAN","NAN","NAN","NAN","NAN","NAN","NAN","NAN","NAN",-2147483648,"NAN","NAN",-2147483648
"2026-01-10 18:45:00",3,-2147483648,-2147483648,-2147483648,-2147483648,-2147483648,-2147483648,"NAN",-2147483648,"NAN","NAN","NAN","NAN","NAN","NAN","NAN","NAN","NAN","NAN","NAN",-2147483648,"NAN","NAN",-2147483648
"2026-01-10 19:45:00",4,-2147483648,-2147483648,-2147483648,-2147483648,-2147483648,-2147483648,"NAN",-2147483648,"NAN","NAN","NAN","NAN","NAN","NAN","NAN","NAN","NAN","NAN","NAN",-2147483648,"NAN","NAN",-2147483648
"2026-01-10 20:45:00",5,-2147483648,-2147483648,-2147483648,-2147483648,-2147483648,-2147483648,"NAN",-2147483648,"NAN","NAN","NAN","NAN","NAN","NAN","NAN","NAN","NAN","NAN","NAN",-2147483648,"NAN","NAN",-2147483648
"2026-01-10 21:45:00",6,-2147483648,-2147483648,-2147483648,-2147483648,-2147483648,-2147483648,"NAN",-2147483648,"NAN","NAN","NAN","NAN","NAN","NAN","NAN","NAN","NAN","NAN","NAN",-2147483648,"NAN","NAN",-2147483648
"2026-01-10 22:45:00",7,-2147483648,-2147483648,-2147483648,-2147483648,-2147483648,-2147483648,"NAN",-2147483648,"NAN","NAN","NAN","NAN","NAN","NAN","NAN","NAN","NAN","NAN","NAN",-2147483648,"NAN","NAN",-2147483648
"2026-01-10 23:45:00",8,-2147483648,-2147483648,-2147483648,-2147483648,-2147483648,-2147483648,"NAN",-2147483648,"NAN","NAN","NAN","NAN","NAN","NAN","NAN","NAN","NAN","NAN","NAN",-2147483648,"NAN","NAN",-2147483648
"2026-01-11 00:45:00",9,-2147483648,-2147483648,-2147483648,-2147483648,-2147483648,-2147483648,"NAN",-2147483648,"NAN","NAN","NAN","NAN","NAN","NAN","NAN","NAN","NAN","NAN","NAN",-2147483648,"NAN","NAN",-2147483648
"2026-01-11 01:45:00",10,-2147483648,-2147483648,-2147483648,-2147483648,-2147483648,-2147483648,"NAN",-2147483648,"NAN","NAN","NAN","NAN","NAN","NAN","NAN","NAN","NAN","NAN","NAN",-2147483648,"NAN","NAN",-2147483648
"2026-01-11 02:45:00",11,-2147483648,-2147483648,-2147483648,-2147483648,-2147483648,-2147483648,"NAN",-2147483648,"NAN","NAN","NAN","NAN","NAN","NAN","NAN","NAN","NAN","NAN","NAN",-2147483648,"NAN","NAN",-2147483648
"2026-01-11 03:45:00",12,-2147483648,-2147483648,-2147483648,-2147483648,-2147483648,-2147483648,"NAN",-2147483648,"NAN","NAN","NAN","NAN","NAN","NAN","NAN","NAN","NAN","NAN","NAN",-2147483648,"NAN","NAN",-2147483648
"2026-01-11 04:45:00",13,-2147483648,-2147483648,-2147483648,-2147483648,-2147483648,-2147483648,"NAN",-2147483648,"NAN","NAN","NAN","NAN","NAN","NAN","NAN","NAN","NAN","NAN","NAN",-2147483648,"NAN","NAN",-2147483648
"2026-01-11 05:45:00",14,-2147483648,-2147483648,-2147483648,-2147483648,-2147483648,-2147483648,"NAN",-2147483648,"NAN","NAN","NAN","NAN","NAN","NAN","NAN","NAN","NAN","NAN","NAN",-2147483648,"NAN","NAN",-2147483648
"2026-01-11 06:45:00",15,-2147483648,-2147483648,-2147483648,-2147483648,-2147483648,-2147483648,"NAN",-2147483648,"NAN","NAN","NAN","NAN","NAN","NAN","NAN","NAN","NAN","NAN","NAN",-2147483648,"NAN","NAN",-2147483648
"2026-01-11 07:45:00",16,-2147483648,-2147483648,-2147483648,-2147483648,-2147483648,-2147483648,"NAN",-2147483648,"NAN","NAN","NAN","NAN","NAN","NAN","NAN","NAN","NAN","NAN","NAN",-2147483648,"NAN","NAN",-2147483648
"2026-01-11 08:45:00",17,-2147483648,-2147483648,-2147483648,-2147483648,-2147483648,-2147483648,"NAN",-2147483648,"NAN","NAN","NAN","NAN","NAN","NAN","NAN","NAN","NAN","NAN","NAN",-2147483648,"NAN","NAN",-2147483648
"2026-01-11 09:45:00",18,-2147483648,-2147483648,-2147483648,-2147483648,-2147483648,-2147483648,"NAN",-2147483648,"NAN","NAN","NAN","NAN","NAN","NAN","NAN","NAN","NAN","NAN","NAN",-2147483648,"NAN","NAN",-2147483648
"2026-01-11 11:45:00",19,-2147483648,-2147483648,-2147483648,-2147483648,-2147483648,-2147483648,"NAN",-2147483648,"NAN","NAN","NAN","NAN","NAN","NAN","NAN","NAN","NAN","NAN","NAN",-2147483648,"NAN","NAN",-2147483648
"2026-01-11 12:45:00",20,-2147483648,-2147483648,-2147483648,-2147483648,-2147483648,-2147483648,"NAN",-2147483648,"NAN","NAN","NAN","NAN","NAN","NAN","NAN","NAN","NAN","NAN","NAN",-2147483648,"NAN","NAN",-2147483648
"2026-01-11 13:45:00",21,-2147483648,-2147483648,-2147483648,-2147483648,-2147483648,-2147483648,"NAN",-2147483648,"NAN","NAN","NAN","NAN","NAN","NAN","NAN","NAN","NAN","NAN","NAN",-2147483648,"NAN","NAN",-2147483648
"2026-01-11 14:45:00",22,-2147483648,-2147483648,-2147483648,-2147483648,-2147483648,-2147483648,"NAN",-2147483648,"NAN","NAN","NAN","NAN","NAN","NAN","NAN","NAN","NAN","NAN","NAN",-2147483648,"NAN","NAN",-2147483648
"2026-01-11 15:45:00",23,-2147483648,-2147483648,-2147483648,-2147483648,-2147483648,-2147483648,"NAN",-2147483648,"NAN","NAN","NAN","NAN","NAN","NAN","NAN","NAN","NAN","NAN","NAN",-2147483648,"NAN","NAN",-2147483648
"2026-01-11 16:45:00",24,-2147483648,-2147483648,-2147483648,-2147483648,-2147483648,-2147483648,"NAN",-2147483648,"NAN","NAN","NAN","NAN","NAN","NAN","NAN","NAN","NAN","NAN","NAN",-2147483648,"NAN","NAN",-2147483648
"2026-01-11 17:45:00",25,-2147483648,-2147483648,-2147483648,-2147483648,-2147483648,-2147483648,"NAN",-2147483648,"NAN","NAN","NAN","NAN","NAN","NAN","NAN","NAN","NAN","NAN","NAN",-2147483648,"NAN","NAN",-2147483648
"2026-01-11 18:45:00",26,-2147483648,-2147483648,-2147483648,-2147483648,-2147483648,-2147483648,"NAN",-2147483648,"NAN","NAN","NAN","NAN","NAN","NAN","NAN","NAN","NAN","NAN","NAN",-2147483648,"NAN","NAN",-2147483648
"2026-01-11 19:45:00",27,-2147483648,-2147483648,-2147483648,-2147483648,-2147483648,-2147483648,"NAN",-2147483648,"NAN","NAN","NAN","NAN","NAN","NAN","NAN","NAN","NAN","NAN","NAN",-2147483648,"NAN","NAN",-2147483648
"2026-01-11 20:45:00",28,-2147483648,-2147483648,-2147483648,-2147483648,-2147483648,-2147483648,"NAN",-2147483648,"NAN","NAN","NAN","NAN","NAN","NAN","NAN","NAN","NAN","NAN","NAN",-2147483648,"NAN","NAN",-2147483648
"2026-01-11 21:45:00",29,-2147483648,-2147483648,-2147483648,-2147483648,-2147483648,-2147483648,"NAN",-2147483648,"NAN","NAN","NAN","NAN","NAN","NAN","NAN","NAN","NAN","NAN","NAN",-2147483648,"NAN","NAN",-2147483648
"2026-01-11 22:45:00",30,-2147483648,-2147483648,-2147483648,-2147483648,-2147483648,-2147483648,"NAN",-2147483648,"NAN","NAN","NAN","NAN","NAN","NAN","NAN","NAN","NAN","NAN","NAN",-2147483648,"NAN","NAN",-2147483648
"2026-01-11 23:45:00",31,-2147483648,-2147483648,-2147483648,-2147483648,-2147483648,-2147483648,"NAN",-2147483648,"NAN","NAN","NAN","NAN","NAN","NAN","NAN","NAN","NAN","NAN","NAN",-2147483648,"NAN","NAN",-2147483648
"2026-01-12 00:45:00",32,-2147483648,-2147483648,-2147483648,-2147483648,-2147483648,-2147483648,"NAN",-2147483648,"NAN","NAN","NAN","NAN","NAN","NAN","NAN","NAN","NAN","NAN","NAN",-2147483648,"NAN","NAN",-2147483648
"2026-01-12 01:45:00",33,-2147483648,-2147483648,-2147483648,-2147483648,-2147483648,-2147483648,"NAN",-2147483648,"NAN","NAN","NAN","NAN","NAN","NAN","NAN","NAN","NAN","NAN","NAN",-2147483648,"NAN","NAN",-2147483648
"2026-01-12 02:45:00",34,-2147483648,-2147483648,-2147483648,-2147483648,-2147483648,-2147483648,"NAN",-2147483648,"NAN","NAN","NAN","NAN","NAN","NAN","NAN","NAN","NAN","NAN","NAN",-2147483648,"NAN","NAN",-2147483648
"2026-01-12 03:45:00",35,-2147483648,-2147483648,-2147483648,-2147483648,-2147483648,-2147483648,"NAN",-2147483648,"NAN","NAN","NAN","NAN","NAN","NAN","NAN","NAN","NAN","NAN","NAN",-2147483648,"NAN","NAN",-2147483648
"2026-01-12 04:45:00",36,-2147483648,-2147483648,-2147483648,-2147483648,-2147483648,-2147483648,"NAN",-2147483648,"NAN","NAN","NAN","NAN","NAN","NAN","NAN","NAN","NAN","NAN","NAN",-2147483648,"NAN","NAN",-2147483648
"2026-01-12 05:45:00",37,-2147483648,-2147483648,-2147483648,-2147483648,-2147483648,-2147483648,"NAN",-2147483648,"NAN","NAN","NAN","NAN","NAN","NAN","NAN","NAN","NAN","NAN","NAN",-2147483648,"NAN","NAN",-2147483648
"2026-01-12 06:45:00",38,-2147483648,-2147483648,-2147483648,-2147483648,-2147483648,-2147483648,"NAN",-2147483648,"NAN","NAN","NAN","NAN","NAN","NAN","NAN","NAN","NAN","NAN","NAN",-2147483648,"NAN","NAN",-2147483648
"2026-01-12 07:45:00",39,-2147483648,-2147483648,-2147483648,-2147483648,-2147483648,-2147483648,"NAN",-2147483648,"NAN","NAN","NAN","NAN","NAN","NAN","NAN","NAN","NAN","NAN","NAN",-2147483648,"NAN","NAN",-2147483648
"2026-01-12 08:45:00",40,-2147483648,-2147483648,-2147483648,-2147483648,-2147483648,-2147483648,"NAN",-2147483648,"NAN","NAN","NAN","NAN","NAN","NAN","NAN","NAN","NAN","NAN","NAN",-2147483648,"NAN","NAN",-2147483648
"2026-01-12 09:30:00",41,-2147483648,-2147483648,-2147483648,-2147483648,-2147483648,-2147483648,"NAN",-2147483648,"NAN","NAN","NAN","NAN","NAN","NAN","NAN","NAN","NAN","NAN","NAN",-2147483648,"NAN","NAN",-2147483648
"2026-01-12 09:45:00",42,-2147483648,-2147483648,-2147483648,-2147483648,-2147483648,-2147483648,"NAN",-2147483648,"NAN","NAN","NAN","NAN","NAN","NAN","NAN","NAN","NAN","NAN","NAN",-2147483648,"NAN","NAN",-2147483648
"2026-01-12 10:00:00",43,-2147483648,26,1,12,9,56,2,14,0,0,0,0,2218,9,7.4,28,0,7.15,10,132,0,49.24961,254
"2026-01-12 10:15:00",44,-2147483648,254,26,1,12,10,11,1,14.1,0,0,0,0,2218,9,7.7,28,0,7.12,10,132,0,49
"2026-01-12 10:30:00",45,-2147483648,254,26,1,12,10,26,1,14.1,0,0,0,0,2218,9,8,28,0,7.12,10,132,0,49
"2026-01-12 10:45:00",46,-2147483648,254,26,1,12,10,41,1,14.1,0,0,0,0,2218,8,8,28,0,7.12,10,132,0,49
"2026-01-12 11:00:00",47,-2147483648,254,26,1,12,10,56,1,14.1,0,0,0,0,2218,9,8.3,28,0,7.15,10,132,0,49
"2026-01-12 11:15:00",48,6,26,1,12,11,11,1,14,100,0,0,0,2218,9,8.6,28,0,7.12,10,132,12.33416,59.55457,254
"2026-01-12 11:30:00",49,-2147483648,254,26,1,12,11,26,0,14.1,0,0,0,0,2218,9,8.6,28,0,7.15,10,132,0,49
"2026-01-12 11:45:00",50,-2147483648,254,26,1,12,11,41,1,14.1,0,0,0,0,2218,8,9.2,28,0,7.12,10,132,0,49
"2026-01-12 12:00:00",51,-2147483648,254,26,1,12,11,56,0,14.1,0,0,0,0,2218,9,9.2,28,0,7.15,10,132,0,49
"2026-01-12 12:15:00",52,-2147483648,254,26,1,12,12,11,1,14.1,0,0,100,0,2218,9,9.5,28,0,7.12,10,132,0,49
"2026-01-12 12:30:00",53,11,26,1,12,12,26,1,14,100,0,0,0,2218,8,9.5,28,0,7.12,10,132,12.35599,59.65997,254
"2026-01-12 12:45:00",54,-2147483648,254,26,1,12,12,41,2,14.1,0,0,50,0,2218,8,9.8,28,0,7.12,10,132,0,49
"2026-01-12 13:00:00",55,13,26,1,12,12,56,2,14,50,0,50,0,2218,8,10.1,28,0,7.12,10,132,12.3779,59.76576,254
"2026-01-12 13:15:00",56,-2147483648,254,26,1,12,13,11,3,14.1,0,0,66.7,0,2270,8,10.1,28,0,7.12,10,132,0,49
"2026-01-12 14:00:00",57,-2147483648,254,26,1,12,13,57,2,14.1,0,0,50,0,2218,8,9.2,29,0,7.12,10,132,0,49
"2026-01-12 15:00:00",58,-2147483648,254,26,1,12,14,57,1,14.1,0,0,0,0,2236,9,11,29,0,7.15,10,132,0,49
"2026-01-12 15:15:00",59,-2147483648,254,26,1,12,15,12,0,14.1,0,0,0,0,2253,8,11.3,28,0,7.15,10,132,0,49
"2026-01-12 15:30:00",60,-2147483648,254,26,1,12,15,27,0,14.1,0,0,0,0,2218,8,11.6,29,0,7.12,0,132,0,49
"2026-01-12 15:45:00",61,-2147483648,254,26,1,12,15,42,0,14.1,0,0,0,0,2218,8,11.6,29,0,7.12,10,132,0,49
"2026-01-12 16:00:00",62,-2147483648,254,26,1,12,15,57,0,14.1,0,0,0,0,2218,8,11.9,28,0,7.12,10,132,0,49
"2026-01-12 16:15:00",63,-2147483648,254,26,1,12,16,12,0,14.1,0,0,0,0,2218,8,11.9,28,0,7.15,10,132,0,49
"2026-01-12 16:30:00",64,0,0,0,0,0,0,0,0,0,0,0,0,0,0,0,0,0,0,0,0,0,0,0
"2026-01-10 15:45:00",0,-2147483648,-2147483648,-2147483648,-2147483648,-2147483648,-2147483648,"NAN",-2147483648,"NAN","NAN","NAN","NAN","NAN","NAN","NAN","NAN","NAN","NAN","NAN",-2147483648,"NAN","NAN",-2147483648
"2026-01-10 16:45:00",1,-2147483648,-2147483648,-2147483648,-2147483648,-2147483648,-2147483648,"NAN",-2147483648,"NAN","NAN","NAN","NAN","NAN","NAN","NAN","NAN","NAN","NAN","NAN",-2147483648,"NAN","NAN",-2147483648
"2026-01-10 17:45:00",2,-2147483648,-2147483648,-2147483648,-2147483648,-2147483648,-2147483648,"NAN",-2147483648,"NAN","NAN","NAN","NAN","NAN","NAN","NAN","NAN","NAN","NAN","NAN",-2147483648,"NAN","NAN",-2147483648
"2026-01-10 18:45:00",3,-2147483648,-2147483648,-2147483648,-2147483648,-2147483648,-2147483648,"NAN",-2147483648,"NAN","NAN","NAN","NAN","NAN","NAN","NAN","NAN","NAN","NAN","NAN",-2147483648,"NAN","NAN",-2147483648
"2026-01-10 19:45:00",4,-2147483648,-2147483648,-2147483648,-2147483648,-2147483648,-2147483648,"NAN",-2147483648,"NAN","NAN","NAN","NAN","NAN","NAN","NAN","NAN","NAN","NAN","NAN",-2147483648,"NAN","NAN",-2147483648
"2026-01-10 20:45:00",5,-2147483648,-2147483648,-2147483648,-2147483648,-2147483648,-2147483648,"NAN",-2147483648,"NAN","NAN","NAN","NAN","NAN","NAN","NAN","NAN","NAN","NAN","NAN",-2147483648,"NAN","NAN",-2147483648
"2026-01-10 21:45:00",6,-2147483648,-2147483648,-2147483648,-2147483648,-2147483648,-2147483648,"NAN",-2147483648,"NAN","NAN","NAN","NAN","NAN","NAN","NAN","NAN","NAN","NAN","NAN",-2147483648,"NAN","NAN",-2147483648
"2026-01-10 22:45:00",7,-2147483648,-2147483648,-2147483648,-2147483648,-2147483648,-2147483648,"NAN",-2147483648,"NAN","NAN","NAN","NAN","NAN","NAN","NAN","NAN","NAN","NAN","NAN",-2147483648,"NAN","NAN",-2147483648
"2026-01-10 23:45:00",8,-2147483648,-2147483648,-2147483648,-2147483648,-2147483648,-2147483648,"NAN",-2147483648,"NAN","NAN","NAN","NAN","NAN","NAN","NAN","NAN","NAN","NAN","NAN",-2147483648,"NAN","NAN",-2147483648
"2026-01-11 00:45:00",9,-2147483648,-2147483648,-2147483648,-2147483648,-2147483648,-2147483648,"NAN",-2147483648,"NAN","NAN","NAN","NAN","NAN","NAN","NAN","NAN","NAN","NAN","NAN",-2147483648,"NAN","NAN",-2147483648
"2026-01-11 01:45:00",10,-2147483648,-2147483648,-2147483648,-2147483648,-2147483648,-2147483648,"NAN",-2147483648,"NAN","NAN","NAN","NAN","NAN","NAN","NAN","NAN","NAN","NAN","NAN",-2147483648,"NAN","NAN",-2147483648
"2026-01-11 02:45:00",11,-2147483648,-2147483648,-2147483648,-2147483648,-2147483648,-2147483648,"NAN",-2147483648,"NAN","NAN","NAN","NAN","NAN","NAN","NAN","NAN","NAN","NAN","NAN",-2147483648,"NAN","NAN",-2147483648
"2026-01-11 03:45:00",12,-2147483648,-2147483648,-2147483648,-2147483648,-2147483648,-2147483648,"NAN",-2147483648,"NAN","NAN","NAN","NAN","NAN","NAN","NAN","NAN","NAN","NAN","NAN",-2147483648,"NAN","NAN",-2147483648
"2026-01-11 04:45:00",13,-2147483648,-2147483648,-2147483648,-2147483648,-2147483648,-2147483648,"NAN",-2147483648,"NAN","NAN","NAN","NAN","NAN","NAN","NAN","NAN","NAN","NAN","NAN",-2147483648,"NAN","NAN",-2147483648
"2026-01-11 05:45:00",14,-2147483648,-2147483648,-2147483648,-2147483648,-2147483648,-2147483648,"NAN",-2147483648,"NAN","NAN","NAN","NAN","NAN","NAN","NAN","NAN","NAN","NAN","NAN",-2147483648,"NAN","NAN",-2147483648
"2026-01-11 06:45:00",15,-2147483648,-2147483648,-2147483648,-2147483648,-2147483648,-2147483648,"NAN",-2147483648,"NAN","NAN","NAN","NAN","NAN","NAN","NAN","NAN","NAN","NAN","NAN",-2147483648,"NAN","NAN",-2147483648
"2026-01-11 07:45:00",16,-2147483648,-2147483648,-2147483648,-2147483648,-2147483648,-2147483648,"NAN",-2147483648,"NAN","NAN","NAN","NAN","NAN","NAN","NAN","NAN","NAN","NAN","NAN",-2147483648,"NAN","NAN",-2147483648
"2026-01-11 08:45:00",17,-2147483648,-2147483648,-2147483648,-2147483648,-2147483648,-2147483648,"NAN",-2147483648,"NAN","NAN","NAN","NAN","NAN","NAN","NAN","NAN","NAN","NAN","NAN",-2147483648,"NAN","NAN",-2147483648
"2026-01-11 09:45:00",18,-2147483648,-2147483648,-2147483648,-2147483648,-2147483648,-2147483648,"NAN",-2147483648,"NAN","NAN","NAN","NAN","NAN","NAN","NAN","NAN","NAN","NAN","NAN",-2147483648,"NAN","NAN",-2147483648
"2026-01-11 11:45:00",19,-2147483648,-2147483648,-2147483648,-2147483648,-2147483648,-2147483648,"NAN",-2147483648,"NAN","NAN","NAN","NAN","NAN","NAN","NAN","NAN","NAN","NAN","NAN",-2147483648,"NAN","NAN",-2147483648
"2026-01-11 12:45:00",20,-2147483648,-2147483648,-2147483648,-2147483648,-2147483648,-2147483648,"NAN",-2147483648,"NAN","NAN","NAN","NAN","NAN","NAN","NAN","NAN","NAN","NAN","NAN",-2147483648,"NAN","NAN",-2147483648
"2026-01-11 13:45:00",21,-2147483648,-2147483648,-2147483648,-2147483648,-2147483648,-2147483648,"NAN",-2147483648,"NAN","NAN","NAN","NAN","NAN","NAN","NAN","NAN","NAN","NAN","NAN",-2147483648,"NAN","NAN",-2147483648
"2026-01-11 14:45:00",22,-2147483648,-2147483648,-2147483648,-2147483648,-2147483648,-2147483648,"NAN",-2147483648,"NAN","NAN","NAN","NAN","NAN","NAN","NAN","NAN","NAN","NAN","NAN",-2147483648,"NAN","NAN",-2147483648
"2026-01-11 15:45:00",23,-2147483648,-2147483648,-2147483648,-2147483648,-2147483648,-2147483648,"NAN",-2147483648,"NAN","NAN","NAN","NAN","NAN","NAN","NAN","NAN","NAN","NAN","NAN",-2147483648,"NAN","NAN",-2147483648
"2026-01-11 16:45:00",24,-2147483648,-2147483648,-2147483648,-2147483648,-2147483648,-2147483648,"NAN",-2147483648,"NAN","NAN","NAN","NAN","NAN","NAN","NAN","NAN","NAN","NAN","NAN",-2147483648,"NAN","NAN",-2147483648
"2026-01-11 17:45:00",25,-2147483648,-2147483648,-2147483648,-2147483648,-2147483648,-2147483648,"NAN",-2147483648,"NAN","NAN","NAN","NAN","NAN","NAN","NAN","NAN","NAN","NAN","NAN",-2147483648,"NAN","NAN",-2147483648
"2026-01-11 18:45:00",26,-2147483648,-2147483648,-2147483648,-2147483648,-2147483648,-2147483648,"NAN",-2147483648,"NAN","NAN","NAN","NAN","NAN","NAN","NAN","NAN","NAN","NAN","NAN",-2147483648,"NAN","NAN",-2147483648
"2026-01-11 19:45:00",27,-2147483648,-2147483648,-2147483648,-2147483648,-2147483648,-2147483648,"NAN",-2147483648,"NAN","NAN","NAN","NAN","NAN","NAN","NAN","NAN","NAN","NAN","NAN",-2147483648,"NAN","NAN",-2147483648
"2026-01-11 20:45:00",28,-2147483648,-2147483648,-2147483648,-2147483648,-2147483648,-2147483648,"NAN",-2147483648,"NAN","NAN","NAN","NAN","NAN","NAN","NAN","NAN","NAN","NAN","NAN",-2147483648,"NAN","NAN",-2147483648
"2026-01-11 21:45:00",29,-2147483648,-2147483648,-2147483648,-2147483648,-2147483648,-2147483648,"NAN",-2147483648,"NAN","NAN","NAN","NAN","NAN","NAN","NAN","NAN","NAN","NAN","NAN",-2147483648,"NAN","NAN",-2147483648
"2026-01-11 22:45:00",30,-2147483648,-2147483648,-2147483648,-2147483648,-2147483648,-2147483648,"NAN",-2147483648,"NAN","NAN","NAN","NAN","NAN","NAN","NAN","NAN","NAN","NAN","NAN",-2147483648,"NAN","NAN",-2147483648
"2026-01-11 23:45:00",31,-2147483648,-2147483648,-2147483648,-2147483648,-2147483648,-2147483648,"NAN",-2147483648,"NAN","NAN","NAN","NAN","NAN","NAN","NAN","NAN","NAN","NAN","NAN",-2147483648,"NAN","NAN",-2147483648
"2026-01-12 00:45:00",32,-2147483648,-2147483648,-2147483648,-2147483648,-2147483648,-2147483648,"NAN",-2147483648,"NAN","NAN","NAN","NAN","NAN","NAN","NAN","NAN","NAN","NAN","NAN",-2147483648,"NAN","NAN",-2147483648
"2026-01-12 01:45:00",33,-2147483648,-2147483648,-2147483648,-2147483648,-2147483648,-2147483648,"NAN",-2147483648,"NAN","NAN","NAN","NAN","NAN","NAN","NAN","NAN","NAN","NAN","NAN",-2147483648,"NAN","NAN",-2147483648
"2026-01-12 02:45:00",34,-2147483648,-2147483648,-2147483648,-2147483648,-2147483648,-2147483648,"NAN",-2147483648,"NAN","NAN","NAN","NAN","NAN","NAN","NAN","NAN","NAN","NAN","NAN",-2147483648,"NAN","NAN",-2147483648
"2026-01-12 03:45:00",35,-2147483648,-2147483648,-2147483648,-2147483648,-2147483648,-2147483648,"NAN",-2147483648,"NAN","NAN","NAN","NAN","NAN","NAN","NAN","NAN","NAN","NAN","NAN",-2147483648,"NAN","NAN",-2147483648
"2026-01-12 04:45:00",36,-2147483648,-2147483648,-2147483648,-2147483648,-2147483648,-2147483648,"NAN",-2147483648,"NAN","NAN","NAN","NAN","NAN","NAN","NAN","NAN","NAN","NAN","NAN",-2147483648,"NAN","NAN",-2147483648
"2026-01-12 05:45:00",37,-2147483648,-2147483648,-2147483648,-2147483648,-2147483648,-2147483648,"NAN",-2147483648,"NAN","NAN","NAN","NAN","NAN","NAN","NAN","NAN","NAN","NAN","NAN",-2147483648,"NAN","NAN",-2147483648
"2026-01-12 06:45:00",38,-2147483648,-2147483648,-2147483648,-2147483648,-2147483648,-2147483648,"NAN",-2147483648,"NAN","NAN","NAN","NAN","NAN","NAN","NAN","NAN","NAN","NAN","NAN",-2147483648,"NAN","NAN",-2147483648
"2026-01-12 07:45:00",39,-2147483648,-2147483648,-2147483648,-2147483648,-2147483648,-2147483648,"NAN",-2147483648,"NAN","NAN","NAN","NAN","NAN","NAN","NAN","NAN","NAN","NAN","NAN",-2147483648,"NAN","NAN",-2147483648
"2026-01-12 08:45:00",40,-2147483648,-2147483648,-2147483648,-2147483648,-2147483648,-2147483648,"NAN",-2147483648,"NAN","NAN","NAN","NAN","NAN","NAN","NAN","NAN","NAN","NAN","NAN",-2147483648,"NAN","NAN",-2147483648
"2026-01-12 09:30:00",41,-2147483648,-2147483648,-2147483648,-2147483648,-2147483648,-2147483648,"NAN",-2147483648,"NAN","NAN","NAN","NAN","NAN","NAN","NAN","NAN","NAN","NAN","NAN",-2147483648,"NAN","NAN",-2147483648
"2026-01-12 09:45:00",42,-2147483648,-2147483648,-2147483648,-2147483648,-2147483648,-2147483648,"NAN",-2147483648,"NAN","NAN","NAN","NAN","NAN","NAN","NAN","NAN","NAN","NAN","NAN",-2147483648,"NAN","NAN",-2147483648
"2026-01-12 10:00:00",43,-2147483648,26,1,12,9,56,2,14,0,0,0,0,2218,9,7.4,28,0,7.15,10,132,0,49.24961,254
"2026-01-12 10:15:00",44,-2147483648,254,26,1,12,10,11,1,14.1,0,0,0,0,2218,9,7.7,28,0,7.12,10,132,0,49
"2026-01-12 10:30:00",45,-2147483648,254,26,1,12,10,26,1,14.1,0,0,0,0,2218,9,8,28,0,7.12,10,132,0,49
"2026-01-12 10:45:00",46,-2147483648,254,26,1,12,10,41,1,14.1,0,0,0,0,2218,8,8,28,0,7.12,10,132,0,49
"2026-01-12 11:00:00",47,-2147483648,254,26,1,12,10,56,1,14.1,0,0,0,0,2218,9,8.3,28,0,7.15,10,132,0,49
"2026-01-12 11:15:00",48,6,26,1,12,11,11,1,14,100,0,0,0,2218,9,8.6,28,0,7.12,10,132,12.33416,59.55457,254
"2026-01-12 11:30:00",49,-2147483648,254,26,1,12,11,26,0,14.1,0,0,0,0,2218,9,8.6,28,0,7.15,10,132,0,49
"2026-01-12 11:45:00",50,-2147483648,254,26,1,12,11,41,1,14.1,0,0,0,0,2218,8,9.2,28,0,7.12,10,132,0,49
"2026-01-12 12:00:00",51,-2147483648,254,26,1,12,11,56,0,14.1,0,0,0,0,2218,9,9.2,28,0,7.15,10,132,0,49
"2026-01-12 12:15:00",52,-2147483648,254,26,1,12,12,11,1,14.1,0,0,100,0,2218,9,9.5,28,0,7.12,10,132,0,49
"2026-01-12 12:30:00",53,11,26,1,12,12,26,1,14,100,0,0,0,2218,8,9.5,28,0,7.12,10,132,12.35599,59.65997,254
"2026-01-12 12:45:00",54,-2147483648,254,26,1,12,12,41,2,14.1,0,0,50,0,2218,8,9.8,28,0,7.12,10,132,0,49
"2026-01-12 13:00:00",55,13,26,1,12,12,56,2,14,50,0,50,0,2218,8,10.1,28,0,7.12,10,132,12.3779,59.76576,254
"2026-01-12 13:15:00",56,-2147483648,254,26,1,12,13,11,3,14.1,0,0,66.7,0,2270,8,10.1,28,0,7.12,10,132,0,49
"2026-01-12 14:00:00",57,-2147483648,254,26,1,12,13,57,2,14.1,0,0,50,0,2218,8,9.2,29,0,7.12,10,132,0,49
"2026-01-12 15:00:00",58,-2147483648,254,26,1,12,14,57,1,14.1,0,0,0,0,2236,9,11,29,0,7.15,10,132,0,49
"2026-01-12 15:15:00",59,-2147483648,254,26,1,12,15,12,0,14.1,0,0,0,0,2253,8,11.3,28,0,7.15,10,132,0,49
"2026-01-12 15:30:00",60,-2147483648,254,26,1,12,15,27,0,14.1,0,0,0,0,2218,8,11.6,29,0,7.12,0,132,0,49
"2026-01-12 15:45:00",61,-2147483648,254,26,1,12,15,42,0,14.1,0,0,0,0,2218,8,11.6,29,0,7.12,10,132,0,49
"2026-01-12 16:00:00",62,-2147483648,254,26,1,12,15,57,0,14.1,0,0,0,0,2218,8,11.9,28,0,7.12,10,132,0,49
"2026-01-12 16:15:00",63,-2147483648,254,26,1,12,16,12,0,14.1,0,0,0,0,2218,8,11.9,28,0,7.15,10,132,0,49
"2026-01-12 16:30:00",64,0,0,0,0,0,0,0,0,0,0,0,0,0,0,0,0,0,0,0,0,0,0,0
"2026-01-12 16:45:00",65,0,0,0,0,0,0,0,0,0,0,0,0,0,0,0,0,0,0,0,0,0,0,0
"2026-01-12 17:00:00",66,0,0,0,0,0,0,0,0,0,0,0,0,0,0,0,0,0,0,0,0,0,0,0
"2026-01-12 17:15:00",67,254,26,1,12,17,12,12,14,0,0,0,8.3,2218,9,9.2,29,0,7.15,10,132,0,49.42395,254
"2026-01-12 18:15:00",0,-2147483648,254,26,1,12,18,12,0,14.1,0,0,0,0,2218,8,8,29,0,7.15,10,132,0,49
"2026-01-12 18:45:00",1,0,0,0,0,0,0,0,0,0,0,0,0,0,0,0,0,0,0,0,0,0,0,0
"2026-01-12 19:00:00",2,-2147483648,254,26,1,12,18,42,0,14.1,0,0,0,0,2218,9,7.7,29,0,7.12,10,132,0,49
"2026-01-12 19:15:00",3,-2147483648,254,26,1,12,19,12,0,14,0,0,0,0,2201,9,6.8,29,0,7.12,10,132,0,49
"2026-01-12 19:30:00",4,-2147483648,254,26,1,12,19,27,0,14,0,0,0,0,2218,8,7.1,29,0,7.15,10,132,0,49
"2026-01-12 19:45:00",5,0,0,0,0,0,0,0,0,0,0,0,0,0,0,0,0,0,0,0,0,0,0,0
"2026-01-12 20:00:00",6,-2147483648,254,26,1,12,19,57,0,14,0,0,0,0,2218,9,7.7,29,0,7.12,10,132,0,49
"2026-01-12 20:15:00",7,254,26,1,12,20,12,53,14,0,0,0,0,2218,9,7.7,29,0,7.12,10,132,0,49.59952,254
"2026-01-12 20:30:00",8,0,0,0,0,0,0,0,0,0,0,0,0,0,0,0,0,0,0,0,0,0,0,0
"2026-01-12 20:45:00",9,-2147483648,254,26,1,12,20,27,0,14,0,0,0,0,2218,8,8,29,0,7.12,10,132,0,49
"2026-01-12 21:00:00",10,-2147483648,254,26,1,12,20,43,5,14,0,0,0,0,2218,9,8,30,0,7.15,10,132,0,49
"2026-01-12 21:15:00",11,-2147483648,254,26,1,12,20,58,0,14,0,0,0,0,2218,9,8,29,0,7.12,10,132,0,49
"2026-01-12 21:30:00",12,-2147483648,254,26,1,12,21,13,0,14,0,0,0,0,2218,9,8,29,0,7.15,10,132,0,49
"2026-01-12 21:45:00",13,-2147483648,254,26,1,12,21,28,0,14,0,0,0,0,2218,9,8,29,0,7.15,10,132,0,49
"2026-01-12 22:00:00",14,254,26,1,12,21,43,19,13,0,0,0,0,2218,9,7.7,29,0,7.15,10,132,0,49.95444,254
"2026-01-12 22:15:00",15,-2147483648,254,26,1,12,21,58,7,13.9,0,0,0,0,2218,8,7.7,29,0,7.15,10,132,0,49
"2026-01-12 22:30:00",16,-2147483648,254,26,1,12,22,13,0,13.9,0,0,0,0,2218,9,7.4,29,0,7.12,10,132,0,49
"2026-01-12 22:45:00",17,-2147483648,254,26,1,12,22,28,0,13.9,0,0,0,0,2218,8,7.4,29,0,7.12,10,132,0,49
"2026-01-12 23:00:00",18,-2147483648,254,26,1,12,22,43,0,13.9,0,0,0,0,2218,9,7.4,29,0,7.15,10,132,0,49
"2026-01-12 23:15:00",19,-2147483648,254,26,1,12,22,58,0,13.9,0,0,0,0,2218,9,7.1,29,0,7.15,10,132,0,50
"2026-01-12 23:30:00",20,-2147483648,254,26,1,12,23,13,0,13.9,0,0,0,0,2218,8,7.1,29,0,7.15,10,132,0,50
"2026-01-12 23:45:00",21,-2147483648,254,26,1,12,23,28,0,13.9,0,0,0,0,2218,8,7.1,29,0,7.15,10,132,0,50
"2026-01-13 00:00:00",22,-2147483648,254,26,1,12,23,43,0,13.9,0,0,0,0,2201,9,6.8,29,0,7.15,10,132,0,50
"2026-01-13 00:15:00",23,-2147483648,254,26,1,12,23,58,0,13.9,0,0,0,0,2218,9,6.8,29,0,7.15,10,132,0,50
"2026-01-13 00:30:00",24,-2147483648,254,26,1,13,0,13,0,13.9,0,0,0,0,2218,9,6.4,29,0,7.15,10,132,0,50
"2026-01-13 00:45:00",25,-2147483648,254,26,1,13,0,28,0,13.9,0,0,0,0,2218,9,6.4,29,0,7.12,10,132,0,50
"2026-01-13 01:00:00",26,-2147483648,254,26,1,13,0,43,0,13.9,0,0,0,0,2218,9,6.4,30,0,7.15,10,132,0,50
"2026-01-13 01:15:00",27,-2147483648,254,26,1,13,0,58,0,13.9,0,0,0,0,2218,9,6.1,29,0,7.15,10,132,0,50
"2026-01-13 01:30:00",28,-2147483648,254,26,1,13,1,13,0,13.9,0,0,0,0,2218,9,6.1,29,0,7.15,10,132,0,50
"2026-01-13 01:45:00",29,-2147483648,254,26,1,13,1,28,0,13.9,0,0,0,0,2218,9,6.1,29,0,7.15,10,132,0,50
"2026-01-13 02:00:00",30,-2147483648,254,26,1,13,1,43,0,13.9,0,0,0,0,2218,9,5.8,29,0,7.15,10,132,0,50
"2026-01-12 18:15:00",0,-2147483648,254,26,1,12,18,12,0,14.1,0,0,0,0,2218,8,8,29,0,7.15,10,132,0,49
"2026-01-12 18:45:00",1,0,0,0,0,0,0,0,0,0,0,0,0,0,0,0,0,0,0,0,0,0,0,0
"2026-01-12 19:00:00",2,-2147483648,254,26,1,12,18,42,0,14.1,0,0,0,0,2218,9,7.7,29,0,7.12,10,132,0,49
"2026-01-12 19:15:00",3,-2147483648,254,26,1,12,19,12,0,14,0,0,0,0,2201,9,6.8,29,0,7.12,10,132,0,49
"2026-01-12 19:30:00",4,-2147483648,254,26,1,12,19,27,0,14,0,0,0,0,2218,8,7.1,29,0,7.15,10,132,0,49
"2026-01-12 19:45:00",5,0,0,0,0,0,0,0,0,0,0,0,0,0,0,0,0,0,0,0,0,0,0,0
"2026-01-12 20:00:00",6,-2147483648,254,26,1,12,19,57,0,14,0,0,0,0,2218,9,7.7,29,0,7.12,10,132,0,49
"2026-01-12 20:15:00",7,254,26,1,12,20,12,53,14,0,0,0,0,2218,9,7.7,29,0,7.12,10,132,0,49.59952,254
"2026-01-12 20:30:00",8,0,0,0,0,0,0,0,0,0,0,0,0,0,0,0,0,0,0,0,0,0,0,0
"2026-01-12 20:45:00",9,-2147483648,254,26,1,12,20,27,0,14,0,0,0,0,2218,8,8,29,0,7.12,10,132,0,49
"2026-01-12 21:00:00",10,-2147483648,254,26,1,12,20,43,5,14,0,0,0,0,2218,9,8,30,0,7.15,10,132,0,49
"2026-01-12 21:15:00",11,-2147483648,254,26,1,12,20,58,0,14,0,0,0,0,2218,9,8,29,0,7.12,10,132,0,49
"2026-01-12 21:30:00",12,-2147483648,254,26,1,12,21,13,0,14,0,0,0,0,2218,9,8,29,0,7.15,10,132,0,49
"2026-01-12 21:45:00",13,-2147483648,254,26,1,12,21,28,0,14,0,0,0,0,2218,9,8,29,0,7.15,10,132,0,49
"2026-01-12 22:00:00",14,254,26,1,12,21,43,19,13,0,0,0,0,2218,9,7.7,29,0,7.15,10,132,0,49.95444,254
"2026-01-12 22:15:00",15,-2147483648,254,26,1,12,21,58,7,13.9,0,0,0,0,2218,8,7.7,29,0,7.15,10,132,0,49
"2026-01-12 22:30:00",16,-2147483648,254,26,1,12,22,13,0,13.9,0,0,0,0,2218,9,7.4,29,0,7.12,10,132,0,49
"2026-01-12 22:45:00",17,-2147483648,254,26,1,12,22,28,0,13.9,0,0,0,0,2218,8,7.4,29,0,7.12,10,132,0,49
"2026-01-12 23:00:00",18,-2147483648,254,26,1,12,22,43,0,13.9,0,0,0,0,2218,9,7.4,29,0,7.15,10,132,0,49
"2026-01-12 23:15:00",19,-2147483648,254,26,1,12,22,58,0,13.9,0,0,0,0,2218,9,7.1,29,0,7.15,10,132,0,50
"2026-01-12 23:30:00",20,-2147483648,254,26,1,12,23,13,0,13.9,0,0,0,0,2218,8,7.1,29,0,7.15,10,132,0,50
"2026-01-12 23:45:00",21,-2147483648,254,26,1,12,23,28,0,13.9,0,0,0,0,2218,8,7.1,29,0,7.15,10,132,0,50
"2026-01-13 00:00:00",22,-2147483648,254,26,1,12,23,43,0,13.9,0,0,0,0,2201,9,6.8,29,0,7.15,10,132,0,50
"2026-01-13 00:15:00",23,-2147483648,254,26,1,12,23,58,0,13.9,0,0,0,0,2218,9,6.8,29,0,7.15,10,132,0,50
"2026-01-13 00:30:00",24,-2147483648,254,26,1,13,0,13,0,13.9,0,0,0,0,2218,9,6.4,29,0,7.15,10,132,0,50
"2026-01-13 00:45:00",25,-2147483648,254,26,1,13,0,28,0,13.9,0,0,0,0,2218,9,6.4,29,0,7.12,10,132,0,50
"2026-01-13 01:00:00",26,-2147483648,254,26,1,13,0,43,0,13.9,0,0,0,0,2218,9,6.4,30,0,7.15,10,132,0,50
"2026-01-13 01:15:00",27,-2147483648,254,26,1,13,0,58,0,13.9,0,0,0,0,2218,9,6.1,29,0,7.15,10,132,0,50
"2026-01-13 01:30:00",28,-2147483648,254,26,1,13,1,13,0,13.9,0,0,0,0,2218,9,6.1,29,0,7.15,10,132,0,50
"2026-01-13 01:45:00",29,-2147483648,254,26,1,13,1,28,0,13.9,0,0,0,0,2218,9,6.1,29,0,7.15,10,132,0,50
"2026-01-13 02:00:00",30,-2147483648,254,26,1,13,1,43,0,13.9,0,0,0,0,2218,9,5.8,29,0,7.15,10,132,0,50
"2026-01-13 02:15:00",31,-2147483648,254,26,1,13,1,58,0,13.9,0,0,0,0,2218,9,5.8,29,0,7.12,10,132,0,50
"2026-01-13 02:45:00",32,-2147483648,0,0,0,0,2218,9,5,29,0,7.12,10,132,0,50,254,"NAN","NAN","NAN",-2147483648,"NAN","NAN",-2147483648
"2026-01-12 18:15:00",0,-2147483648,254,26,1,12,18,12,0,14.1,0,0,0,0,2218,8,8,29,0,7.15,10,132,0,49
"2026-01-12 18:45:00",1,0,0,0,0,0,0,0,0,0,0,0,0,0,0,0,0,0,0,0,0,0,0,0
"2026-01-12 19:00:00",2,-2147483648,254,26,1,12,18,42,0,14.1,0,0,0,0,2218,9,7.7,29,0,7.12,10,132,0,49
"2026-01-12 19:15:00",3,-2147483648,254,26,1,12,19,12,0,14,0,0,0,0,2201,9,6.8,29,0,7.12,10,132,0,49
"2026-01-12 19:30:00",4,-2147483648,254,26,1,12,19,27,0,14,0,0,0,0,2218,8,7.1,29,0,7.15,10,132,0,49
"2026-01-12 19:45:00",5,0,0,0,0,0,0,0,0,0,0,0,0,0,0,0,0,0,0,0,0,0,0,0
"2026-01-12 20:00:00",6,-2147483648,254,26,1,12,19,57,0,14,0,0,0,0,2218,9,7.7,29,0,7.12,10,132,0,49
"2026-01-12 20:15:00",7,254,26,1,12,20,12,53,14,0,0,0,0,2218,9,7.7,29,0,7.12,10,132,0,49.59952,254
"2026-01-12 20:30:00",8,0,0,0,0,0,0,0,0,0,0,0,0,0,0,0,0,0,0,0,0,0,0,0
"2026-01-12 20:45:00",9,-2147483648,254,26,1,12,20,27,0,14,0,0,0,0,2218,8,8,29,0,7.12,10,132,0,49
"2026-01-12 21:00:00",10,-2147483648,254,26,1,12,20,43,5,14,0,0,0,0,2218,9,8,30,0,7.15,10,132,0,49
"2026-01-12 21:15:00",11,-2147483648,254,26,1,12,20,58,0,14,0,0,0,0,2218,9,8,29,0,7.12,10,132,0,49
"2026-01-12 21:30:00",12,-2147483648,254,26,1,12,21,13,0,14,0,0,0,0,2218,9,8,29,0,7.15,10,132,0,49
"2026-01-12 21:45:00",13,-2147483648,254,26,1,12,21,28,0,14,0,0,0,0,2218,9,8,29,0,7.15,10,132,0,49
"2026-01-12 22:00:00",14,254,26,1,12,21,43,19,13,0,0,0,0,2218,9,7.7,29,0,7.15,10,132,0,49.95444,254
"2026-01-12 22:15:00",15,-2147483648,254,26,1,12,21,58,7,13.9,0,0,0,0,2218,8,7.7,29,0,7.15,10,132,0,49
"2026-01-12 22:30:00",16,-2147483648,254,26,1,12,22,13,0,13.9,0,0,0,0,2218,9,7.4,29,0,7.12,10,132,0,49
"2026-01-12 22:45:00",17,-2147483648,254,26,1,12,22,28,0,13.9,0,0,0,0,2218,8,7.4,29,0,7.12,10,132,0,49
"2026-01-12 23:00:00",18,-2147483648,254,26,1,12,22,43,0,13.9,0,0,0,0,2218,9,7.4,29,0,7.15,10,132,0,49
"2026-01-12 23:15:00",19,-2147483648,254,26,1,12,22,58,0,13.9,0,0,0,0,2218,9,7.1,29,0,7.15,10,132,0,50
"2026-01-12 23:30:00",20,-2147483648,254,26,1,12,23,13,0,13.9,0,0,0,0,2218,8,7.1,29,0,7.15,10,132,0,50
"2026-01-12 23:45:00",21,-2147483648,254,26,1,12,23,28,0,13.9,0,0,0,0,2218,8,7.1,29,0,7.15,10,132,0,50
"2026-01-13 00:00:00",22,-2147483648,254,26,1,12,23,43,0,13.9,0,0,0,0,2201,9,6.8,29,0,7.15,10,132,0,50
"2026-01-13 00:15:00",23,-2147483648,254,26,1,12,23,58,0,13.9,0,0,0,0,2218,9,6.8,29,0,7.15,10,132,0,50
"2026-01-13 00:30:00",24,-2147483648,254,26,1,13,0,13,0,13.9,0,0,0,0,2218,9,6.4,29,0,7.15,10,132,0,50
"2026-01-13 00:45:00",25,-2147483648,254,26,1,13,0,28,0,13.9,0,0,0,0,2218,9,6.4,29,0,7.12,10,132,0,50
"2026-01-13 01:00:00",26,-2147483648,254,26,1,13,0,43,0,13.9,0,0,0,0,2218,9,6.4,30,0,7.15,10,132,0,50
"2026-01-13 01:15:00",27,-2147483648,254,26,1,13,0,58,0,13.9,0,0,0,0,2218,9,6.1,29,0,7.15,10,132,0,50
"2026-01-13 01:30:00",28,-2147483648,254,26,1,13,1,13,0,13.9,0,0,0,0,2218,9,6.1,29,0,7.15,10,132,0,50
"2026-01-13 01:45:00",29,-2147483648,254,26,1,13,1,28,0,13.9,0,0,0,0,2218,9,6.1,29,0,7.15,10,132,0,50
"2026-01-13 02:00:00",30,-2147483648,254,26,1,13,1,43,0,13.9,0,0,0,0,2218,9,5.8,29,0,7.15,10,132,0,50
"2026-01-13 02:15:00",31,-2147483648,254,26,1,13,1,58,0,13.9,0,0,0,0,2218,9,5.8,29,0,7.12,10,132,0,50
"2026-01-13 02:45:00",32,-2147483648,0,0,0,0,2218,9,5,29,0,7.12,10,132,0,50,254,"NAN","NAN","NAN",-2147483648,"NAN","NAN",-2147483648
"2026-01-13 03:15:00",33,0,0,0,0,0,0,0,0,0,0,0,0,0,0,0,0,0,0,0,0,0,0,0
"2026-01-13 04:15:00",34,-2147483648,254,26,1,13,3,58,0,13.8,0,0,0,0,2218,9,5.2,29,0,7.18,10,132,0,50
"2026-01-13 04:30:00",35,-2147483648,254,26,1,13,4,13,0,13.8,0,0,0,0,2218,9,5.2,29,0,7.15,10,132,0,50
"2026-01-13 04:45:00",36,-2147483648,254,26,1,13,4,28,1,13.8,0,0,0,0,2218,9,5.2,29,0,7.15,10,132,0,50
"2026-01-13 05:00:00",37,-2147483648,254,26,1,13,4,43,0,13.8,0,0,0,0,2218,9,5.2,29,0,7.15,10,132,0,50
"2026-01-13 05:15:00",38,-2147483648,254,26,1,13,4,58,0,13.8,0,0,0,0,2201,9,5.2,29,0,7.15,10,132,0,50
"2026-01-13 05:30:00",39,-2147483648,254,26,1,13,5,13,0,13.8,0,0,0,0,2218,9,4.9,29,0,7.18,10,132,0,50
"2026-01-13 05:45:00",40,-2147483648,254,26,1,13,5,28,0,13.8,0,0,0,0,2218,9,4.9,29,0,7.15,10,132,0,50
"2026-01-13 06:00:00",41,-2147483648,254,26,1,13,5,43,0,13.8,0,0,0,0,2201,10,4.9,29,0,7.15,10,132,0,50
"2026-01-13 06:15:00",42,-2147483648,254,26,1,13,5,58,0,13.8,0,0,0,0,2218,9,4.9,29,0,7.18,10,132,0,50
"2026-01-13 06:30:00",43,-2147483648,254,26,1,13,6,13,0,13.8,0,0,0,0,2218,9,4.6,29,0,7.15,10,132,0,50
"2026-01-13 06:45:00",44,-2147483648,254,26,1,13,6,28,0,13.8,0,0,0,0,2218,9,4.6,29,0,7.15,10,132,0,50
"2026-01-13 07:00:00",45,-2147483648,254,26,1,13,6,43,0,13.7,0,0,0,0,2218,9,4.3,29,0,7.15,10,132,0,50
"2026-01-13 07:15:00",46,-2147483648,254,26,1,13,6,58,0,13.7,0,0,0,0,2218,9,4.3,29,0,7.15,10,132,0,50
"2026-01-13 07:30:00",47,-2147483648,254,26,1,13,7,13,0,13.7,0,0,0,0,2218,9,4.3,29,0,7.15,10,132,0,50
"2026-01-13 07:45:00",48,-2147483648,254,26,1,13,7,28,0,13.7,0,0,0,0,2218,10,4,29,0,7.15,10,132,0,50
"2026-01-13 08:00:00",49,-2147483648,254,26,1,13,7,43,0,13.7,0,0,0,0,2218,9,4,29,0,7.15,10,132,0,50
"2026-01-13 08:15:00",50,-2147483648,254,26,1,13,7,58,0,13.7,0,0,0,0,2218,9,4,29,0,7.18,10,132,0,50
"2026-01-13 08:30:00",51,-2147483648,254,26,1,13,8,13,0,13.7,0,0,0,0,2218,9,4,29,0,7.18,10,132,0,50
"2026-01-13 08:45:00",52,-2147483648,254,26,1,13,8,28,0,13.7,0,0,0,0,2201,10,4,29,0,7.15,10,132,0,50
"2026-01-13 09:00:00",53,-2147483648,254,26,1,13,8,43,0,13.7,0,0,0,0,2218,10,3.4,29,0,7.15,10,132,0,50
"2026-01-13 09:15:00",54,-2147483648,254,26,1,13,8,58,0,13.7,0,0,0,0,2218,9,2.8,29,0,7.18,10,132,0,50
"2026-01-13 09:30:00",55,-2147483648,254,26,1,13,9,13,0,13.7,0,0,0,0,2218,10,2.5,30,0,7.15,10,132,0,50
"2026-01-13 09:45:00",56,-2147483648,254,26,1,13,9,28,0,13.7,0,0,0,0,2218,9,2.5,30,0,7.18,10,132,0,50
"2026-01-13 10:00:00",57,-2147483648,254,26,1,13,9,43,0,13.7,0,0,0,0,2218,9,2.8,30,0,7.15,10,132,0,50
"2026-01-13 10:15:00",58,-2147483648,254,26,1,13,9,58,0,13.7,0,0,0,0,2218,10,3.1,30,0,7.18,10,132,0,50
"2026-01-13 10:30:00",59,-2147483648,254,26,1,13,10,13,0,13.7,0,0,0,0,2218,9,4,30,0,7.15,10,132,0,50
"2026-01-13 10:45:00",60,-2147483648,254,26,1,13,10,28,0,13.7,0,0,0,0,2218,9,4.6,30,0,7.15,10,132,0,50
"2026-01-13 11:00:00",61,-2147483648,254,26,1,13,10,43,0,13.7,0,0,0,0,2218,9,5.2,30,0,7.15,10,132,0,50
"2026-01-13 11:15:00",62,-2147483648,254,26,1,13,10,58,1,13.7,0,0,0,0,2218,9,5.8,30,0,7.15,10,132,0,50
"2026-01-13 11:30:00",63,-2147483648,254,26,1,13,11,13,0,13.6,0,0,0,0,2218,9,6.4,30,0,7.15,10,132,0,51
"2026-01-13 11:45:00",64,-2147483648,254,26,1,13,11,28,0,13.6,0,0,0,0,2218,9,7.1,30,0,7.15,10,132,0,51
"2026-01-13 12:00:00",65,-2147483648,254,26,1,13,11,43,0,13.6,0,0,0,0,2218,9,7.4,30,0,7.15,10,132,0,51
"2026-01-13 12:15:00",66,-2147483648,254,26,1,13,11,58,0,13.6,0,0,0,0,2218,9,8,30,0,7.15,10,132,0,51
"2026-01-13 12:30:00",67,-2147483648,254,26,1,13,12,13,0,13.6,0,0,0,0,2218,9,8.3,30,0,7.15,10,132,0,51
"2026-01-13 12:45:00",68,-2147483648,254,26,1,13,12,28,1,13.6,0,0,0,0,2218,9,8.6,30,0,7.12,10,132,0,51
"2026-01-13 13:00:00",69,-2147483648,254,26,1,13,12,44,0,13.6,0,0,0,0,2218,9,8.9,30,0,7.12,10,132,0,51
"2026-01-13 13:15:00",70,-2147483648,254,26,1,13,12,59,3,13.6,0,0,0,0,2218,9,9.5,27,0,7.15,10,132,0,51
"2026-01-13 13:30:00",71,83,254,26,1,13,12,59,3,13.6,0,0,0,0,2218,9,9.5,27,0,7.15,10,132,0,51
"2026-01-13 13:45:00",72,0,0,0,2218,9,9,27,0,7.15,10,132,0,51.14,254,26,1,0,0,254,-2147483648,"NAN","NAN",-2147483648
"2026-01-13 14:00:00",73,-2147483648,254,26,1,13,13,44,0,13.6,0,0,0,0,2218,8,9.5,30,0,7.12,10,132,0,51
"2026-01-13 14:15:00",74,-2147483648,254,26,1,13,13,59,0,13.6,0,0,0,0,2218,9,9.8,30,0,7.15,10,132,0,51
"2026-01-13 14:30:00",75,-2147483648,254,26,1,13,14,14,0,13.6,0,0,0,0,2218,9,9.8,31,0,7.12,10,132,0,51
"2026-01-13 14:45:00",76,-2147483648,26,1,13,14,29,0,13,0,0,0,0,2218,9,9.8,31,0,7.15,10,132,0,51.33186,254
"2026-01-13 15:00:00",77,-2147483648,254,26,1,13,14,44,0,14.1,0,0,0,0,2218,8,9.8,31,0,7.15,10,132,0,49
"2026-01-17 11:30:00",78,-2147483648,254,26,1,13,14,59,0,14.1,0,0,0,0,2218,8,9.5,32,0,7.15,0,132,0,49
"2026-01-17 11:45:00",79,-2147483648,254,26,1,13,14,59,0,14.1,0,0,0,0,2218,8,9.5,32,0,7.15,0,132,0,49
"2026-01-17 12:00:00",80,-2147483648,254,26,1,13,14,59,0,14.1,0,0,0,0,2218,8,9.5,32,0,7.15,0,132,0,49
"2026-01-17 12:15:00",81,-2147483648,254,26,1,13,14,59,0,14.1,0,0,0,0,2218,8,9.5,32,0,7.15,0,132,0,49
"2026-01-17 12:30:00",82,-2147483648,254,26,1,13,14,59,0,14.1,0,0,0,0,2218,8,9.5,32,0,7.15,0,132,0,49
"2026-01-17 12:45:00",83,-2147483648,254,26,1,13,14,59,0,14.1,0,0,0,0,2218,8,9.5,32,0,7.15,0,132,0,49
"2026-01-17 13:00:00",84,-2147483648,254,26,1,13,14,59,0,14.1,0,0,0,0,2218,8,9.5,32,0,7.15,0,132,0,49
"2026-01-17 13:15:00",85,-2147483648,254,26,1,13,14,59,0,14.1,0,0,0,0,2218,8,9.5,32,0,7.15,0,132,0,49
"2026-01-17 13:30:00",86,-2147483648,254,26,1,13,14,59,0,14.1,0,0,0,0,2218,8,9.5,32,0,7.15,0,132,0,49
"2026-01-17 13:45:00",87,-2147483648,254,26,1,13,14,59,0,14.1,0,0,0,0,2218,8,9.5,32,0,7.15,0,132,0,49
"2026-01-17 14:00:00",88,-2147483648,254,26,1,13,14,59,0,14.1,0,0,0,0,2218,8,9.5,32,0,7.15,0,132,0,49
"2026-01-17 14:15:00",89,-2147483648,254,26,1,13,14,59,0,14.1,0,0,0,0,2218,8,9.5,32,0,7.15,0,132,0,49
"2026-01-17 14:30:00",90,-2147483648,254,26,1,13,14,59,0,14.1,0,0,0,0,2218,8,9.5,32,0,7.15,0,132,0,49
"2026-01-17 14:45:00",91,-2147483648,254,26,1,13,14,59,0,14.1,0,0,0,0,2218,8,9.5,32,0,7.15,0,132,0,49
"2026-01-17 15:00:00",92,-2147483648,254,26,1,13,14,59,0,14.1,0,0,0,0,2218,8,9.5,32,0,7.15,0,132,0,49
"2026-01-17 15:15:00",93,-2147483648,254,26,1,13,14,59,0,14.1,0,0,0,0,2218,8,9.5,32,0,7.15,0,132,0,49
"2026-01-17 15:30:00",94,-2147483648,254,26,1,13,14,59,0,14.1,0,0,0,0,2218,8,9.5,32,0,7.15,0,132,0,49
"2026-01-17 15:45:00",95,17,26,1,17,15,35,13,14,7.7,0,7.7,0,2236,8,31.7,29,2,6.88,0,132,12.39988,59.87192,254
"2026-01-17 16:00:00",96,-2147483648,254,26,1,17,15,50,1,14.1,0,0,100,0,2218,8,30.5,30,1,6.91,10,132,0,49
"2026-01-17 16:15:00",97,-2147483648,254,26,1,17,16,5,3,14.1,0,0,33.3,0,2201,8,29.6,31,1,6.91,10,132,0,49
"2026-01-17 16:30:00",98,-2147483648,254,26,1,17,16,20,0,14.1,0,0,0,0,2201,7,29,31,1,6.94,10,132,0,49
"2026-01-17 16:45:00",99,-2147483648,254,26,1,17,16,35,2,14.1,0,0,50,0,2218,8,28.4,32,1,6.94,10,132,0,49
"2026-01-17 17:00:00",100,54,26,1,17,16,50,139,14,0,0.7,0,0,2236,8,28.1,32,1,6.97,10,132,0,49.42395,254
"2026-01-17 17:15:00",101,-2147483648,26,1,17,17,5,2968,13,2.7,1.7,1.1,0.7,2218,8,27.5,32,1,6.97,0,132,899.9618,264.1675,254
"2026-01-17 17:30:00",102,4,26,1,17,17,20,1294,13,2.8,1.4,0.8,0.7,2218,8,27.2,33,1,7,10,132,389.937,182.2641,254
"2026-01-17 17:45:00",103,-2147483648,26,1,17,17,35,2086,13,2.8,1.1,1.1,0.6,2201,9,26.6,33,1,7,10,132,673.9527,227.2938,254
"2026-01-17 18:00:00",104,6,26,1,17,17,50,1940,13,2.9,1.5,0.9,0.6,2201,9,26.9,33,1,7,10,132,634.6484,220.379,254
"2026-01-17 18:15:00",105,7,26,1,17,18,5,376,14,1.6,1.1,0.8,0.8,2201,9,26.9,33,1,7.03,10,132,62.22043,95.28255,254
"2026-01-17 18:30:00",106,8,26,1,17,18,20,751,13,2.8,0.9,0,0,2218,8,27.2,34,1,7,0,132,262.7308,142.3855,254
"2026-01-17 18:45:00",107,9,26,1,17,18,35,515,14,4.1,2.1,1.8,0.2,2218,8,27.2,33,1,7,10,132,249.3262,141.8769,254
"2026-01-17 19:00:00",108,-2147483648,26,1,17,18,50,1096,13,2.1,1,0.5,0.3,2218,8,27.2,34,1,7.03,10,132,276.7295,150.9434,254
"2026-01-17 19:15:00",109,254,26,1,17,19,5,37,14,0,2.7,0,0,2236,8,26.9,34,1,7.03,0,132,0,49.59952,254
"2026-01-17 19:30:00",110,132,26,1,17,19,20,65,14,7.7,3.1,3.1,0,2218,8,26.9,34,1,7.03,10,132,61.9994,85.54652,254
"2026-01-17 19:45:00",111,3,26,1,17,19,35,514,13,2.9,2.3,2.3,3.5,2218,8,26.6,34,1,7.03,10,132,74.93165,139.4372,254
"2026-01-17 20:00:00",112,-2147483648,26,1,17,19,50,6084,12,4.6,3.7,2.8,2.9,2201,9,26.6,34,1,7.06,10,132,2566.992,514.6035,254
"2026-01-17 20:15:00",113,5,26,1,17,20,5,441,13,2.1,1.6,1.4,0.5,2218,8,26.6,34,1,7.03,10,132,99.90887,103.9621,254
"2026-01-17 20:30:00",114,54,26,1,17,20,20,111,14,0,0,0,0,2236,8,26.3,34,1,7.03,10,132,0,49.77634,254
"2026-01-17 20:45:00",115,7,26,1,17,20,35,660,13,0.9,0.5,0,0.2,2218,8,26.3,34,1,7.06,10,132,62.66726,91.38769,254
"2026-01-17 21:00:00",116,8,26,1,17,20,50,104,14,3.9,1.9,0,1,2218,8,25.9,35,1,7.03,10,132,49.77634,80.53982,254
"2026-01-17 21:15:00",117,254,26,1,17,21,5,50,14,0,0,0,0,2218,9,25.9,35,1,7.06,0,132,0,49.77634,254
"2026-01-17 21:30:00",118,0,26,1,17,21,20,144,14,1.4,0,0,0,2218,9,25.9,35,1,7.03,10,132,24.93262,68.11717,254
"2026-01-17 21:45:00",119,1,26,1,17,21,35,469,13,3.2,2.4,1.1,0.4,2218,8,25.6,35,1,7.06,10,132,175.4683,125.3345,254
"2026-01-17 22:00:00",120,2,26,1,17,21,50,192,13,1.1,0,0,0,2236,9,25.6,35,1,7.06,10,132,24.97722,68.23902,254
"2026-01-17 22:15:00",121,3,26,1,17,22,5,624,13,1.8,0.7,0.2,0.3,2218,8,25.6,35,1,7.06,10,132,125.5599,115.6545,254
"2026-01-17 22:30:00",122,44,26,1,17,22,20,18,14,5.6,0,0,0,2218,8,25.3,35,1,7.06,0,132,12.46631,60.19265,254
"2026-01-17 22:45:00",123,45,26,1,17,22,35,229,13,0.4,0.9,0.4,0,2218,9,25.3,35,1,7.06,10,132,12.51099,60.4084,254
"2026-01-17 23:00:00",124,6,26,1,17,22,50,246,13,2,0.8,0.4,0.8,2218,8,25.3,35,1,7.06,10,132,50.04396,86.31306,254
"2026-01-17 23:15:00",125,254,26,1,17,23,5,81,13,0,0,0,0,2218,8,25,35,1,7.06,10,132,0,49.95444,254
"2026-01-17 23:30:00",126,8,26,1,17,23,20,210,13,0.5,0,0.5,0,2218,8,25,35,1,7.06,10,132,12.53345,60.51685,254
"2026-01-17 23:45:00",127,9,26,1,17,23,35,103,13,2.9,0,0,0,2218,8,25,35,0,7.09,10,132,37.53296,75.06593,254
"2026-01-18 00:00:00",128,0,26,1,17,23,50,197,13,4.6,1,1.5,0,2218,8,24.7,35,1,7.06,10,132,112.8011,104.3354,254
"2026-01-18 00:15:00",129,1,26,1,18,0,5,474,13,2.3,1.1,0,0.2,2218,8,24.7,36,1,7.06,10,132,138.3648,112.3044,254
"2026-01-18 00:30:00",130,2,26,1,18,0,20,379,13,4.8,2.7,2.1,0.8,2218,8,24.7,35,1,7.09,10,132,201.2579,137.6638,254
"2026-01-18 00:45:00",131,53,26,1,18,0,35,92,13,1.1,0,0,0,2218,8,24.7,36,0,7.06,10,132,12.53345,60.51685,254
"2026-01-18 01:00:00",132,54,26,1,18,0,50,18,13,5.6,0,0,0,2218,8,24.7,36,0,7.06,10,132,12.53345,60.51685,254
"2026-01-18 01:15:00",133,5,26,1,18,1,5,433,13,2.8,1.2,0.5,0,2218,8,24.7,36,1,7.09,10,132,151.2159,116.0721,254
"2026-01-18 01:30:00",134,254,26,1,18,1,20,18,13,0,0,0,0,2218,8,24.7,36,0,7.09,0,132,0,50.13381,254
"2026-01-18 01:45:00",135,-2147483648,254,26,1,18,1,35,4,13.9,0,0,0,0,2218,8,24.7,36,0,7.06,10,132,0,50
"2026-01-18 02:00:00",136,-2147483648,254,26,1,18,1,50,4,13.9,0,0,0,0,2218,8,24.7,36,0,7.06,10,132,0,50
"2026-01-18 02:15:00",137,254,26,1,18,2,5,18,13,0,0,0,0,2218,8,24.7,36,0,7.09,10,132,0,50.22398,254
"2026-01-18 02:30:00",138,-2147483648,254,26,1,18,2,20,0,13.9,0,0,0,0,2218,8,24.7,36,0,7.06,0,132,0,50
"2026-01-18 02:45:00",139,-2147483648,254,26,1,18,2,35,0,13.9,0,0,0,0,2218,8,24.7,36,0,7.06,10,132,0,50
"2026-01-18 03:00:00",140,-2147483648,254,26,1,18,2,50,0,13.9,0,0,0,0,2218,8,24.7,36,1,7.06,10,132,0,50
"2026-01-18 03:15:00",141,-2147483648,254,26,1,18,3,5,0,13.8,0,0,0,0,2201,9,24.7,36,1,7.06,10,132,0,50
"2026-01-18 03:30:00",142,-2147483648,254,26,1,18,3,20,0,13.8,0,0,0,0,2236,8,24.7,36,0,7.06,10,132,0,50
"2026-01-18 03:45:00",143,-2147483648,254,26,1,18,3,35,5,13.8,0,0,0,0,2218,8,24.7,36,1,7.06,10,132,0,50
"2026-01-18 04:00:00",144,254,26,1,18,3,50,15,13,0,0,0,0,2218,8,24.7,36,0,7.06,10,132,0,50.31447,254
"2026-01-18 04:15:00",145,-2147483648,254,26,1,18,4,5,5,13.8,0,0,0,0,2218,8,24.7,36,0,7.06,10,132,0,50
"2026-01-18 04:30:00",146,-2147483648,254,26,1,18,4,20,4,13.8,0,0,0,0,2218,8,24.7,37,0,7.06,0,132,0,50
"2026-01-18 04:45:00",147,9,26,1,18,4,35,783,13,0.9,0,0,0,2218,8,24.7,36,1,7.06,0,132,89.17505,97.54288,254
"2026-01-18 05:00:00",148,54,26,1,18,4,50,312,13,0,0,0,0,2236,8,24.7,37,0,7.06,0,132,0,50.67972,254
"2026-01-18 05:15:00",149,1,26,1,18,5,5,650,13,0.2,0,0,0,2218,8,24.7,36,1,7.06,10,132,12.71609,61.39871,254
"2026-01-18 05:30:00",150,254,26,1,18,5,20,72,13,0,0,0,0,2218,8,24.7,37,1,7.06,10,132,0,50.49643,254
"2026-01-18 05:45:00",151,254,26,1,18,5,35,12,13,0,0,0,0,2218,8,24.7,37,1,7.06,10,132,0,50.49643,254
"2026-01-18 06:00:00",152,254,26,1,18,5,50,54,13,0,0,0,0,2218,8,24.7,37,1,7.03,10,132,0,50.58792,254
"2026-01-18 06:15:00",153,254,26,1,18,6,6,30,13,0,0,0,0,2218,8,24.7,37,0,7.06,10,132,0,50.58792,254
"2026-01-18 06:30:00",154,-2147483648,254,26,1,18,6,21,7,13.8,0,0,0,0,2218,9,24.7,37,1,7.06,10,132,0,50
"2026-01-18 06:45:00",155,-2147483648,254,26,1,18,6,36,0,13.8,0,0,0,0,2218,8,24.7,37,1,7.06,10,132,0,50
"2026-01-18 07:00:00",156,-2147483648,254,26,1,18,6,51,0,13.8,0,0,0,0,2218,8,24.7,37,1,7.03,10,132,0,50
"2026-01-18 07:15:00",157,54,26,1,18,7,6,329,13,0,0,0,0,2218,8,24.7,37,1,7.09,10,132,0,50.86436,254
"2026-01-18 07:30:00",158,0,26,1,18,7,21,559,13,3.4,0.7,0.2,0,2218,8,24.7,37,1,7.06,0,132,242.4891,139.6772,254
"2026-01-18 07:45:00",159,-2147483648,254,26,1,18,7,36,5,13.7,0,0,0,0,2236,9,25,37,1,7.06,10,132,0,50
"2026-01-18 08:00:00",160,-2147483648,254,26,1,18,7,51,3,13.7,0,0,0,0,2218,8,25,37,1,7.06,10,132,0,50
"2026-01-18 08:15:00",161,254,26,1,18,8,6,36,13,0,2.8,0,0,2218,8,25,37,1,7.06,10,132,0,50.77187,254
"2026-01-18 08:30:00",162,-2147483648,254,26,1,18,8,21,0,13.7,0,0,0,0,2218,8,25.3,37,1,7.06,10,132,0,50
"2026-01-18 08:45:00",163,-2147483648,254,26,1,18,8,36,7,13.7,0,0,0,0,2236,8,25.6,37,1,7.06,10,132,0,50
"2026-01-18 09:00:00",164,254,26,1,18,8,51,40,13,0,0,0,0,2218,8,25.9,37,1,7.06,10,132,0,50.77187,254
"2026-01-18 09:15:00",165,254,26,1,18,9,6,22,13,0,0,0,0,2218,8,26.9,37,1,7.03,10,132,0,50.86436,254
"2026-01-18 09:30:00",166,8,26,1,18,9,21,134,13,0.8,0,0.8,0,2218,8,28.4,37,1,7.03,10,132,12.73929,61.51074,254
"2026-01-18 09:45:00",167,9,26,1,18,9,36,872,13,1.8,0.9,0.6,0,2236,9,29.9,36,1,7.03,10,132,205.7056,131.7314,254
"2026-01-18 10:00:00",168,-2147483648,26,1,18,9,51,1011,13,1.6,0.8,2.2,2.3,2236,9,30.5,36,1,7.03,10,132,64.52063,146.8597,254
"2026-01-18 10:15:00",169,91,26,1,18,10,6,238,13,2.5,0.9,0,0.4,2218,9,30.5,36,1,7.03,10,132,76.5755,93.05839,254
"2026-01-18 10:30:00",170,-2147483648,254,26,1,18,10,21,1,13.7,0,0,0,0,2218,8,30.2,36,1,7.03,10,132,0,50
"2026-01-18 10:45:00",171,-2147483648,254,26,1,18,10,36,2,13.7,0,0,0,0,2218,8,30.2,37,1,7.03,0,132,0,50
"2026-01-18 11:00:00",172,-2147483648,254,26,1,18,10,51,0,13.7,0,0,0,0,2201,9,29.9,37,1,7.03,0,132,0,50
"2026-01-18 11:15:00",173,254,26,1,18,11,6,56,13,0,0,0,0,2236,9,29.9,37,1,7.06,10,132,0,51.05033,254
"2026-01-18 11:30:00",174,54,26,1,18,11,21,225,13,0,0.5,0,0,2236,9,29.6,37,1,7.03,0,132,0,51.14383,254
"2026-01-18 11:45:00",175,7,26,1,18,11,36,2018,13,0.1,0.1,0,0,2218,8,30.2,37,1,7,0,132,13.12243,63.3607,254
"2026-01-18 12:00:00",176,-2147483648,26,1,18,11,51,5474,12,1.1,0.5,0.3,0.2,2218,8,31.4,37,1,7.03,0,132,786.4122,248.3407,254
"2026-01-18 12:15:00",177,-2147483648,26,1,18,12,6,7999,11,0.7,0.4,0.3,0.2,2218,8,32.7,37,1,7.03,0,132,788.6634,271.8443,254
"2026-01-18 12:30:00",178,-2147483648,26,1,18,12,21,2229,13,1.3,0.4,0.1,0.1,2201,9,33.3,36,1,7.03,10,132,368.8145,173.0205,254
"2026-01-18 12:45:00",179,26,1,18,12,36,15491,10.8,1,0.6,0.4,0.3,2218,8,34.2,36,1,7,10,132,3305,524.4503,254,-2147483648
"2026-01-18 13:00:00",180,-2147483648,26,1,18,12,51,7999,10,3,2,1.4,1.1,2218,8,35.4,36,2,7,10,132,5610.408,722.961,254
"2026-01-18 13:15:00",181,-2147483648,26,1,18,13,6,3427,13,2.5,1.6,0.7,0.6,2218,8,36.6,36,2,7,10,132,993.4687,281.5768,254
"2026-01-18 13:30:00",182,-2147483648,26,1,18,13,21,1405,13,2.9,0.6,1,0.5,2236,9,36.9,35,2,6.97,0,132,495.8561,199.2101,254
"2026-01-18 13:45:00",183,-2147483648,26,1,18,13,36,3742,12,3.5,1.9,1.5,1.1,2201,9,37.2,35,2,7,10,132,1501.755,348.3623,254
"2026-01-18 14:00:00",184,-2147483648,26,1,18,13,51,7999,11,3.5,2.4,1.6,1.2,2218,8,37.2,36,2,7,10,132,5285.934,681.738,254
"2026-01-18 14:15:00",185,7,26,1,18,14,6,4972,12,2.6,1.2,1,0.5,2218,9,36.9,36,2,6.97,0,132,1597.261,345.134,254
"2026-01-18 14:30:00",186,8,26,1,18,14,21,1225,13,1.1,0.9,0.6,0.1,2218,8,37.5,36,2,7,10,132,169.635,123.7463,254
"2026-01-18 14:45:00",187,-2147483648,254,26,1,18,14,36,2,13.6,0,0,50,0,2201,9,37.8,36,2,7,10,132,0,51
"2026-01-18 15:00:00",188,210,26,1,18,14,51,4,13,25,0,50,0,2236,9,38.1,36,2,6.97,0,132,12.83296,61.96303,254
"2026-01-18 15:15:00",189,211,26,1,18,15,6,3,13,33.3,0,66.7,0,2201,9,37.5,36,2,7,10,132,12.83296,61.96303,254
"2026-01-18 15:30:00",190,212,26,1,18,15,21,1,13,100,0,0,0,2218,8,36.9,37,2,7,10,132,12.8566,62.07715,254
"2026-01-18 15:45:00",191,-2147483648,254,26,1,18,15,36,2,13.5,0,0,0,0,2218,8,36.3,37,2,7,10,132,0,51
"2026-01-18 16:00:00",192,-2147483648,254,26,1,18,15,51,4,13.5,0,0,50,0,2218,8,35.7,37,2,7,10,132,0,51
"2026-01-18 16:15:00",193,-2147483648,254,26,1,18,16,6,2,13.5,0,0,100,0,2218,8,35.4,37,2,7,0,132,0,51
"2026-01-18 16:30:00",194,-2147483648,26,1,18,16,21,2903,13,2,1,1,0.5,2218,8,34.8,37,1,7.03,10,132,696.7733,239.5092,254
"2026-01-18 16:45:00",195,26,1,18,16,36,26442,9.2,6,3.5,2.1,0.8,2218,8,33.9,38,1,7.03,0,132,30483,1624.974,254,-2147483648
"2026-01-18 17:00:00",196,-2147483648,26,1,18,16,51,7999,9,4.4,2.1,1,0.3,2218,8,33.3,38,1,7.03,10,132,17824.92,1182.64,254
"2026-01-18 17:15:00",197,-2147483648,26,1,18,17,6,5588,13,3.3,2,1.3,0.9,2218,8,32.3,38,1,7.03,10,132,2144.966,400.6335,254
"2026-01-18 17:30:00",198,-2147483648,26,1,18,17,21,7999,12,3.7,2.3,1.7,1.2,2218,8,31.7,38,1,7.03,10,132,4350.767,590.7295,254
"2026-01-18 17:45:00",199,-2147483648,26,1,18,17,36,7991,12,3,1.5,1.2,0.8,2218,8,30.8,38,1,7.06,10,132,2842.121,464.7552,254
"2026-01-18 18:00:00",200,-2147483648,26,1,18,17,51,4942,13,3.3,2.5,2.1,1.2,2236,9,30.2,38,1,7,0,132,1784.949,379.2464,254
"2026-01-18 18:15:00",201,-2147483648,26,1,18,18,6,5823,13,3,2.1,1.8,0.9,2218,8,29.6,38,1,7.03,0,132,1983.124,395.2239,254
"2026-01-18 18:30:00",202,-2147483648,26,1,18,18,21,4065,13,2.4,1.2,1,0.5,2218,8,29,38,1,7.06,10,132,1163.522,292.7902,254
"2026-01-18 18:45:00",203,-2147483648,26,1,18,18,36,3217,13,2.9,1.8,1.5,1.1,2236,9,28.4,38,1,7.03,0,132,995.4577,288.2662,254
"2026-01-18 19:00:00",204,-2147483648,26,1,18,18,51,1055,13,3.1,2.1,1.1,1.1,2218,8,28.1,38,1,7.03,10,132,339.0119,177.8622,254
"2026-01-18 19:15:00",205,-2147483648,26,1,18,19,6,1944,13,2.5,1.5,1.1,0.8,2201,9,27.5,39,1,7.06,0,132,521.3597,212.3197,254
"2026-01-18 19:30:00",206,-2147483648,26,1,18,19,21,1242,13,1.8,1.6,0.8,0.6,2236,9,27.2,38,1,7.03,10,132,238.9937,150.9434,254
"2026-01-18 19:45:00",207,-2147483648,26,1,18,19,36,5328,13,1.9,1,0.6,0.3,2218,8,26.9,38,1,7.06,10,132,1225.695,295.7523,254
"2026-01-18 20:00:00",208,0,26,1,18,19,51,1601,13,1.7,1.1,0.9,0.7,2218,8,26.3,38,1,7.06,10,132,278.7385,164.132,254
"2026-01-18 20:15:00",209,-2147483648,26,1,18,20,6,1582,13,2.8,2,1.3,0.4,2218,8,25.9,38,1,7.06,10,132,519.4672,197.2032,254
"2026-01-18 20:30:00",210,32,26,1,18,20,21,797,13,3.7,2.1,1,0.3,2201,9,25.9,39,1,7.06,10,132,350.9367,162.364,254
"2026-01-18 20:45:00",211,3,26,1,18,20,36,7999,12,1.1,0.6,0.4,0.2,2218,9,25.6,38,1,7.03,10,132,1305.415,321.929,254
"2026-01-18 21:00:00",212,-2147483648,26,1,18,20,51,3347,13,2.2,1.3,1.1,0.2,2218,9,25.3,38,1,7.03,10,132,910.0174,252.6676,254
"2026-01-18 21:15:00",213,-2147483648,26,1,18,21,6,4341,13,1.1,0.6,0.5,0.2,2218,8,25,38,0,7.03,10,132,566.3937,210.7512,254
"2026-01-18 21:30:00",214,6,26,1,18,21,21,833,13,1.2,0.3,0.1,0,2218,8,25,38,1,7.06,10,132,125.7862,108.5943,254
"2026-01-18 21:45:00",215,54,26,1,18,21,36,758,13,0,0.1,0,0,2218,9,25,38,0,7.03,0,132,0,50.22398,254
"2026-01-18 22:00:00",216,-2147483648,254,26,1,18,21,51,2,14,0,0,0,0,2218,8,24.7,38,0,7.03,10,132,0,49
"2026-01-18 22:15:00",217,254,26,1,18,22,6,18,14,0,0,0,0,2218,8,24.7,38,0,7.06,0,132,0,49.77634,254
"2026-01-18 22:30:00",218,54,26,1,18,22,21,153,13,0,0,0,0,2218,8,24.7,38,0,7.06,10,132,0,49.95444,254
"2026-01-18 22:45:00",219,1,26,1,18,22,37,646,13,2.3,0.8,0.6,0.2,2218,9,24.4,39,0,7.06,10,132,188.3399,125.5599,254
"2026-01-18 23:00:00",220,-2147483648,26,1,18,22,52,2431,13,3.1,2.3,1.2,0.7,2218,8,24.4,38,0,7.06,0,132,875.8616,257.6064,254
"2026-01-18 23:15:00",221,-2147483648,26,1,18,23,7,3892,13,5.6,3.3,2.6,2.1,2218,9,24.4,38,0,7.06,0,132,2344.607,434.4617,254
"2026-01-18 23:30:00",222,4,26,1,18,23,22,130,13,3.1,0.8,0,0,2218,9,24.1,39,0,7.06,0,132,49.95444,80.82797,254
"2026-01-18 23:45:00",223,45,26,1,18,23,37,92,13,3.3,2.2,0,0,2218,8,24.1,39,0,7.06,10,132,37.46583,74.93165,254
"2026-01-19 00:00:00",224,46,26,1,18,23,52,56,13,1.8,0,0,0,2218,8,24.1,39,0,7.06,10,132,12.48861,60.30033,254
"2026-01-19 00:15:00",225,7,26,1,19,0,7,148,13,5.4,1.4,0.7,0,2218,9,24.1,38,0,7.06,0,132,100.0879,100.0879,254
"2026-01-19 00:30:00",226,-2147483648,254,26,1,19,0,22,1,13.9,0,0,0,0,2236,9,23.8,38,0,7.06,0,132,0,49
"2026-01-19 00:45:00",227,-2147483648,254,26,1,19,0,37,3,13.9,0,0,0,0,2218,8,24.1,38,0,7.06,10,132,0,50
"2026-01-19 01:00:00",228,-2147483648,254,26,1,19,0,52,0,13.9,0,0,0,0,2218,8,23.8,38,0,7.06,10,132,0,50
"2026-01-19 01:15:00",229,254,26,1,19,1,7,13,13,0,0,0,0,2218,9,23.8,39,0,7.06,10,132,0,50.04396,254
"2026-01-19 01:30:00",230,52,26,1,19,1,22,44,13,2.3,0,0,0,2218,9,23.8,39,0,7.06,10,132,12.53345,60.51685,254
"2026-01-19 01:45:00",231,-2147483648,254,26,1,19,1,37,8,13.9,0,0,0,0,2218,8,23.8,39,0,7.06,10,132,0,50
"2026-01-19 02:00:00",232,54,26,1,19,1,52,191,13,2.1,0,0,0,2218,8,23.5,39,0,7.06,10,132,50.22398,81.2641,254
"2026-01-19 02:15:00",233,5,26,1,19,2,7,364,13,1.1,0,0.6,0,2218,9,23.5,39,0,7.06,10,132,50.40529,81.55747,254
"2026-01-19 02:30:00",234,6,26,1,19,2,22,618,13,0.3,0.2,0,0.2,2218,8,23.5,39,0,7.09,10,132,25.29396,69.10438,254
"2026-01-19 02:45:00",235,7,26,1,19,2,37,206,13,0.5,0,0,0,2218,8,23.2,39,0,7.06,0,132,12.57862,60.73493,254
"2026-01-19 03:00:00",236,58,26,1,19,2,52,61,13,3.3,0,0,0,2236,9,23.2,39,0,7.06,10,132,25.11199,68.60722,254
"2026-01-19 03:15:00",237,59,26,1,19,3,7,64,13,1.6,0,0,0,2218,8,23.2,39,0,7.06,10,132,12.57862,60.73493,254
"2026-01-19 03:30:00",238,-2147483648,254,26,1,19,3,22,2,13.9,0,0,0,0,2218,9,22.9,39,0,7.06,10,132,0,50
"2026-01-19 03:45:00",239,254,26,1,19,3,37,31,13,0,0,6.5,0,2236,9,22.9,39,0,7.06,10,132,0,50.31447,254
"2026-01-19 04:00:00",240,-2147483648,26,1,19,3,52,1801,13,0.2,0.2,0.2,0,2218,9,22.9,39,0,7.06,10,132,51.61651,83.51725,254
"2026-01-19 04:15:00",241,3,26,1,19,4,7,481,13,10.4,8.7,6.2,5.4,2201,9,22.9,39,0,7.06,10,132,469.6398,218.7195,254
"2026-01-19 04:30:00",242,64,26,1,19,4,22,31,13,3.2,0,0,0,2218,8,22.6,39,0,7.09,10,132,12.60132,60.84457,254
"2026-01-19 04:45:00",243,-2147483648,254,26,1,19,4,37,1,13.8,0,0,0,0,2218,8,22.6,39,0,7.06,10,132,0,50
"2026-01-19 05:00:00",244,-2147483648,254,26,1,19,4,52,0,13.8,0,0,0,0,2201,9,22.3,39,0,7.09,10,132,0,50
"2026-01-19 05:15:00",245,-2147483648,254,26,1,19,5,7,0,13.8,0,0,0,0,2201,9,22.3,39,0,7.06,10,132,0,50
"2026-01-19 05:30:00",246,68,26,1,19,5,22,43,13,18.6,9.3,0,2.3,2236,9,22,39,0,7.09,10,132,100.9929,100.9929,254
"2026-01-19 05:45:00",247,69,26,1,19,5,37,357,13,4.2,1.7,1.7,0.6,2218,8,22,39,0,7.09,0,132,177.379,126.6993,254
"2026-01-19 06:00:00",248,0,26,1,19,5,52,223,13,3.2,0.5,0,0.5,2236,9,21.7,39,0,7.06,0,132,88.52885,96.83606,254
"2026-01-19 06:15:00",249,1,26,1,19,6,7,721,13,2.6,1.8,1.5,0.6,2201,8,21.7,39,0,7.09,10,132,216.9639,142.4962,254
"2026-01-19 06:30:00",250,2,26,1,19,6,22,1545,13,3,2.3,1.2,0.6,2218,8,21.7,39,0,7.06,0,132,541.9733,206.466,254
"2026-01-19 06:45:00",251,-2147483648,26,1,19,6,37,1002,13,2.8,1.5,1.1,1,2218,8,21.7,39,0,7.06,10,132,294.6165,170.5408,254
"2026-01-19 07:00:00",252,4,26,1,19,6,52,509,13,5.1,1.6,2.6,1.8,2218,9,21.4,39,0,7.09,10,132,280.2645,162.6849,254
"2026-01-19 07:15:00",253,275,26,1,19,7,7,6,13,16.7,0,0,0,2218,9,21.4,39,0,7.09,10,132,12.64698,61.06502,254
"2026-01-19 07:30:00",254,6,26,1,19,7,22,495,13,5.9,3.4,1.6,1,2218,9,21.4,39,0,7.09,10,132,331.2216,167.3374,254
"2026-01-19 07:45:00",255,7,26,1,19,7,37,410,13,2.7,1.5,1.2,1.2,2218,9,21.4,39,0,7.06,10,132,114.6536,117.3429,254
"2026-01-19 08:00:00",256,8,26,1,19,7,52,1725,13,5.1,3.5,2.9,2.4,2218,9,21.1,39,0,7.06,10,132,882.3735,284.173,254
"2026-01-19 08:15:00",257,-2147483648,26,1,19,8,7,1725,13,3.4,2.7,2.3,1,2236,9,21.1,39,0,7.06,10,132,661.7802,233.5695,254
"2026-01-19 08:30:00",258,80,26,1,19,8,22,973,13,1.7,1.1,0.3,0.5,2218,8,21.1,39,0,7.06,10,132,179.9924,134.805,254
"2026-01-19 08:45:00",259,1,26,1,19,8,37,3669,13,4.9,3.8,2.3,1.9,2201,9,21.1,39,0,7.09,0,132,1925.83,402.1686,254
"2026-01-19 09:00:00",260,2,26,1,19,8,52,275,13,0.7,0.4,0,0,2218,8,21.7,39,0,7.09,10,132,25.47859,69.60879,254
"2026-01-19 09:15:00",261,3,26,1,19,9,7,366,13,2.5,1.4,0.6,0.3,2218,8,22,39,0,7.09,10,132,114.8632,106.2428,254
"2026-01-19 09:30:00",262,284,26,1,19,9,22,672,13,3.9,0.9,0.9,0.2,2218,8,22.3,39,0,7.09,10,132,333.6571,159.03,254
"2026-01-19 09:45:00",263,254,26,1,19,9,37,37,13,0,0,2.7,0,2201,9,22.6,39,0,7.09,10,132,0,50.86436,254
"2026-01-19 10:00:00",264,86,26,1,19,9,52,70,13,4.3,1.4,0,0,2201,9,22.6,39,0,7.09,10,132,38.21788,76.43576,254
"2026-01-19 10:15:00",265,-2147483648,254,26,1,19,10,7,1,13.7,0,0,100,0,2201,9,22.6,39,0,7.06,10,132,0,50
"2026-01-19 10:30:00",266,-2147483648,254,26,1,19,10,22,3,13.7,0,33.3,33.3,0,2201,9,22.9,39,0,7.06,10,132,0,50
"2026-01-19 10:45:00",267,-2147483648,254,26,1,19,10,37,2,13.7,0,0,50,0,2236,9,23.2,39,0,7.06,10,132,0,50
"2026-01-19 11:00:00",268,-2147483648,254,26,1,19,10,52,1,13.7,0,0,100,0,2218,9,23.5,39,0,7.06,10,132,0,50
"2026-01-19 11:15:00",269,-2147483648,26,1,19,11,7,1182,13,1.7,1.1,0.4,0.6,2218,8,23.8,39,0,7.06,0,132,220.1841,150.1353,254
"2026-01-19 11:30:00",270,54,26,1,19,11,22,143,13,0.7,4.2,2.8,9.8,2201,9,24.4,39,1,7.06,10,132,0,88.04879,254
"2026-01-19 11:45:00",271,-2147483648,26,1,19,11,37,1391,13,2.6,1.2,1.4,0.7,2218,8,25,39,1,7.03,10,132,403.0076,190.4421,254
"2026-01-19 12:00:00",272,-2147483648,26,1,19,11,52,2524,13,3.2,2.2,1.5,0.9,2218,9,25.9,39,1,7.03,10,132,912.3069,271.6723,254
"2026-01-19 12:15:00",273,295,26,1,19,12,7,559,13,2.3,0.9,0.4,0.5,2218,8,26.9,38,1,7.06,10,132,154.2792,125.3,254
"2026-01-19 12:30:00",274,6,26,1,19,12,22,155,13,1.3,1.3,0,0.7,2218,9,27.8,38,1,7.03,0,132,25.57192,69.86377,254
"2026-01-19 12:45:00",275,7,26,1,19,12,37,148,13,0.7,0,0,0,2236,9,28.7,38,1,7.06,10,132,12.78596,61.73606,254
"2026-01-19 13:00:00",276,8,26,1,19,12,52,202,13,1,0,0,0,2236,9,29.6,38,1,7.03,10,132,25.61884,69.99195,254
"2026-01-19 13:15:00",277,-2147483648,26,1,19,13,7,1916,13,1,0.9,0.5,0.2,2218,9,30.5,37,1,7.03,10,132,223.0813,146.5139,254
"2026-01-19 13:30:00",278,-2147483648,26,1,19,13,22,2797,13,2.4,1.4,0.7,0.7,2218,9,31.1,37,1,7,10,132,769.7825,251.7795,254
"2026-01-19 13:45:00",279,-2147483648,26,1,19,13,37,2145,13,1.2,0.5,0.6,0.4,2218,8,32,37,1,7.03,0,132,276.6109,165.7427,254
"2026-01-19 14:00:00",280,-2147483648,26,1,19,13,52,5579,12,3.9,1.4,0.8,0.5,2218,8,33,37,1,7,10,132,2833.925,441.4461,254
"2026-01-19 14:15:00",281,-2147483648,26,1,19,14,7,4914,12,0.5,0.2,0.1,0,2236,9,32,36,1,7.03,10,132,342.8847,167.3008,254
"2026-01-19 14:30:00",282,17,254,26,1,19,10,37,2,13.7,0,0,50,0,2236,9,23.2,39,0,7.06,10,132,0,50
"2026-01-19 14:45:00",283,36,254,26,1,19,10,22,3,13.7,0,33.3,33.3,0,2201,9,22.9,39,0,7.06,10,132,0,50
"2026-01-19 15:00:00",284,6,26,1,19,14,53,989,13,1.4,0.5,0.3,0.1,2236,9,27.5,37,1,7.03,0,132,181.6652,126.4645,254
"2026-01-19 15:15:00",285,7,26,1,19,15,8,1269,13,2.1,0.5,0.2,0.1,2218,8,27.5,37,1,7.06,10,132,338.637,161.4036,254
"2026-01-19 15:30:00",286,8,26,1,19,15,23,5594,12,2.7,1.5,1.1,0.7,2218,8,27.2,37,1,7.03,10,132,1842.243,381.39,254
"2026-01-19 15:45:00",287,36,254,26,1,19,10,22,3,13.7,0,33.3,33.3,0,2201,9,22.9,39,0,7.06,10,132,0,50
"2026-01-19 16:00:00",288,-2147483648,26,1,19,15,53,4308,12,2.8,1.5,1.5,0.8,2218,8,25.6,37,1,7.03,10,132,1442.495,337.5372,254
"2026-01-19 16:15:00",289,-2147483648,26,1,19,16,8,2781,13,2.7,1.3,1.1,0.3,2218,9,25.3,37,0,7.06,10,132,949.5409,262.9764,254
"2026-01-19 16:30:00",290,36,254,26,1,19,10,22,3,13.7,0,33.3,33.3,0,2201,9,22.9,39,0,7.06,10,132,0,50
"2026-01-19 16:45:00",291,36,254,26,1,19,10,22,3,13.7,0,33.3,33.3,0,2201,9,22.9,39,0,7.06,10,132,0,50
"2026-01-19 17:00:00",292,36,254,26,1,19,10,22,3,13.7,0,33.3,33.3,0,2201,9,22.9,39,0,7.06,10,132,0,50
"2026-01-19 17:15:00",293,315,26,1,19,17,8,8,13,12.5,0,0,0,2201,9,23.5,38,0,7.09,0,132,12.90413,62.30663,254
"2026-01-19 17:30:00",294,6,26,1,19,17,23,203,14,1,0,0,0,2218,8,23.2,38,0,7.09,0,132,24.71197,67.51435,254
"2026-01-19 17:45:00",295,7,26,1,19,17,38,105,14,1,1,0,0,2201,9,22.9,38,0,7.06,10,132,12.33416,59.55457,254
"2026-01-19 18:00:00",296,18,26,1,19,17,53,98,14,5.1,3.1,0,0,2218,9,22.6,38,0,7.09,10,132,61.77993,85.24369,254
"2026-01-19 18:15:00",297,254,26,1,19,18,8,15,14,0,0,0,0,2236,9,22.3,38,0,7.06,10,132,0,49.33662,254
"2026-01-19 18:30:00",298,254,26,1,19,18,23,61,14,0,1.7,0,1.7,2236,9,22,38,0,7.06,10,132,0,49.42395,254
"2026-01-19 18:45:00",299,254,26,1,19,18,38,23,14,0,0,0,0,2218,9,22,38,0,7.09,10,132,0,49.42395,254
"2026-01-19 19:00:00",300,2,26,1,19,18,53,314,14,3.2,1.3,0.3,0,2218,8,21.7,38,0,7.09,0,132,123.9988,107.0513,254
"2026-01-19 19:15:00",301,323,26,1,19,19,8,94,14,1.1,0,0,0,2218,8,21.7,38,0,7.06,10,132,12.3779,59.76576,254
"2026-01-19 19:30:00",302,4,26,1,19,19,23,143,14,4.9,3.5,2.1,0,2218,9,21.7,38,0,7.06,10,132,86.79916,94.94406,254
"2026-01-19 19:45:00",303,-2147483648,254,26,1,19,19,38,3,14.1,0,0,0,0,2218,9,21.7,38,0,7.06,10,132,0,49
"2026-01-19 20:00:00",304,-2147483648,254,26,1,19,19,53,8,14.1,0,0,0,0,2218,9,21.7,38,0,7.06,10,132,0,49
"2026-01-19 20:15:00",305,327,26,1,19,20,8,45,14,2.2,0,2.2,0,2218,9,22,38,0,7.06,10,132,12.3779,59.76576,254
"2026-01-19 20:30:00",306,-2147483648,254,26,1,19,20,23,3,14.1,0,0,0,0,2218,8,22,38,0,7.06,10,132,0,49
"2026-01-19 20:45:00",307,254,26,1,19,20,38,35,14,0,0,0,0,2218,8,22,38,0,7.06,10,132,0,49.59952,254
"2026-01-19 21:00:00",308,-2147483648,254,26,1,19,20,53,6,14,0,0,0,0,2236,9,22,38,0,7.06,10,132,0,49
"2026-01-19 21:15:00",309,31,26,1,19,21,8,67,14,4.5,3,1.5,0,2218,9,22,38,0,7.06,10,132,37.26583,74.53167,254
"2026-01-19 21:30:00",310,2,26,1,19,21,23,329,14,4.9,2.7,0,0.3,2236,9,22,38,0,7.06,10,132,199.4609,127.7324,254
"2026-01-19 21:45:00",311,-2147483648,26,1,19,21,38,1933,13,1.8,0.7,0.3,0.1,2218,9,22,38,0,7.09,10,132,420.3967,176.2119,254
"2026-01-19 22:00:00",312,-2147483648,26,1,19,21,53,2748,13,5.8,3.4,2.8,1.1,2218,8,22,38,0,7.09,10,132,1867.646,360.6489,254
"2026-01-19 22:15:00",313,-2147483648,26,1,19,22,8,1366,13,3.4,3.7,0.4,0.2,2218,8,22,38,0,7.06,0,132,569.1141,198.7006,254
"2026-01-19 22:30:00",314,-2147483648,26,1,19,22,23,1891,13,6,3,1.1,0.6,2218,9,22.3,38,0,7.06,0,132,1378.359,302.7995,254
"2026-01-19 22:45:00",315,7,26,1,19,22,38,631,13,5.6,6.4,5.4,0.8,2218,8,22,38,0,7.06,10,132,401.7919,177.8622,254
"2026-01-19 23:00:00",316,8,26,1,19,22,53,316,13,1.9,0,0,0.3,2218,8,22,38,0,7.06,10,132,74.93165,91.06073,254
"2026-01-19 23:15:00",317,254,26,1,19,23,8,48,14,0,0,0,0,2236,9,22.3,38,0,7.06,10,132,0,49.86523,254
"2026-01-19 23:30:00",318,54,26,1,19,23,23,307,13,0,0,0,0,2218,8,22,38,0,7.06,10,132,0,50.04396,254
"2026-01-19 23:45:00",319,-2147483648,254,26,1,19,23,38,3,14,0,0,0,0,2218,8,22,38,0,7.06,10,132,0,49
"2026-01-20 00:00:00",320,-2147483648,254,26,1,19,23,53,2,14,0,0,0,0,2218,9,22,38,0,7.06,10,132,0,49
"2026-01-20 00:15:00",321,254,26,1,20,0,8,11,14,0,0,0,0,2218,8,22,38,0,7.09,10,132,0,49.86523,254
"2026-01-20 00:30:00",322,54,26,1,20,0,23,164,13,0,0,0,0,2218,9,22,38,0,7.09,0,132,0,50.04396,254
"2026-01-20 00:45:00",323,54,26,1,20,0,38,458,13,0,0,0,0,2218,9,22,38,0,7.09,0,132,0,50.22398,254
"2026-01-20 01:00:00",324,-2147483648,26,1,20,0,53,3438,13,1.2,0.7,0.6,0.3,2218,8,22,38,0,7.06,10,132,483.7114,203.4812,254
"2026-01-20 01:15:00",325,47,26,1,20,1,8,15,13,13.3,0,0,6.7,2218,9,22,38,0,7.06,10,132,24.97722,68.23902,254
"2026-01-20 01:30:00",326,-2147483648,254,26,1,20,1,23,1,13.9,0,0,0,0,2218,9,21.7,38,0,7.06,10,132,0,49
"2026-01-20 01:45:00",327,-2147483648,254,26,1,20,1,38,2,13.9,0,0,0,0,2218,8,22,38,0,7.06,10,132,0,50
"2026-01-20 02:00:00",328,254,26,1,20,1,53,39,13,0,0,0,0,2218,8,22,38,0,7.09,0,132,0,50.04396,254
"2026-01-20 02:15:00",329,54,26,1,20,2,8,127,13,0,0,0,0,2236,9,22,38,0,7.06,0,132,0,50.13381,254
"2026-01-20 02:30:00",330,52,26,1,20,2,23,32,13,12.5,0,0,0,2218,8,22,38,0,7.09,10,132,50.13381,81.11819,254
"2026-01-20 02:45:00",331,254,26,1,20,2,38,21,13,0,0,0,0,2218,8,22,38,0,7.09,10,132,0,50.13381,254
"2026-01-20 03:00:00",332,4,26,1,20,2,53,943,13,1.3,0.4,0.1,0,2218,9,21.7,38,0,7.09,10,132,152.3156,116.9162,254
"2026-01-20 03:15:00",333,5,26,1,20,3,8,525,13,0.8,0.2,0,0,2218,8,21.7,38,0,7.09,10,132,50.49643,81.70495,254
"2026-01-20 03:30:00",334,254,26,1,20,3,23,11,13,0,0,0,0,2236,9,21.7,38,0,7.09,10,132,0,50.13381,254
"2026-01-20 03:45:00",335,-2147483648,26,1,20,3,38,1209,13,0.3,0.2,0.1,0.1,2218,8,21.7,38,0,7.06,0,132,51.05033,82.60118,254
"2026-01-20 04:00:00",336,8,26,1,20,3,54,523,13,6.1,3.5,2.9,0.8,2236,9,21.7,38,0,7.09,10,132,379.4093,172.7818,254
"2026-01-20 04:15:00",337,-2147483648,254,26,1,20,4,9,0,13.9,0,0,0,0,2218,9,21.4,38,0,7.06,0,132,0,50
"2026-01-20 04:30:00",338,-2147483648,254,26,1,20,4,24,0,13.9,0,0,0,0,2218,8,21.4,38,0,7.06,10,132,0,50
"2026-01-20 04:45:00",339,-2147483648,254,26,1,20,4,39,0,13.8,0,0,0,0,2218,8,21.4,38,0,7.06,0,132,0,50
"2026-01-20 05:00:00",340,-2147483648,254,26,1,20,4,54,5,13.8,0,0,0,0,2201,9,21.4,38,0,7.06,0,132,0,50
"2026-01-20 05:15:00",341,3,26,1,20,5,9,804,13,8.1,6.1,1.8,1,2218,9,21.4,38,0,7.06,10,132,775.6813,235.1513,254
"2026-01-20 05:30:00",342,-2147483648,254,26,1,20,5,24,0,13.8,0,0,0,0,2218,9,21.4,38,0,7.09,10,132,0,50
"2026-01-20 05:45:00",343,365,26,1,20,5,39,1,13,100,0,0,0,2218,8,21.4,38,0,7.09,0,132,12.57862,60.73493,254
"2026-01-20 06:00:00",344,66,26,1,20,5,54,70,13,5.7,2.9,4.3,1.4,2201,9,21.4,38,0,7.06,10,132,50.40529,81.55747,254
"2026-01-20 06:15:00",345,54,26,1,20,6,9,102,13,0,0,0,0,2201,9,21.4,38,0,7.09,0,132,0,50.49643,254
"2026-01-20 06:30:00",346,8,26,1,20,6,24,342,13,0.6,0.3,0,0,2218,9,21.4,38,0,7.06,10,132,25.33986,69.22979,254
"2026-01-20 06:45:00",347,-2147483648,26,1,20,6,39,1839,13,0.9,0.4,0,0,2218,8,21.4,38,0,7.09,10,132,206.8483,132.4633,254
"2026-01-20 07:00:00",348,0,26,1,20,6,54,144,13,0.7,0.7,0.7,0,2218,9,21.1,38,0,7.06,10,132,12.64698,61.06502,254
"2026-01-20 07:15:00",349,1,26,1,20,7,9,2098,13,3.8,1.7,1.2,0.6,2236,9,21.1,38,0,7.06,0,132,949.018,262.8763,254
"2026-01-20 07:30:00",350,-2147483648,26,1,20,7,24,2149,13,1.8,1,0.6,1.1,2218,9,21.1,38,0,7.06,0,132,351.0066,200.4171,254
"2026-01-20 07:45:00",351,3,26,1,20,7,39,176,13,2.9,0.6,0,0,2218,9,21.1,38,0,7.09,10,132,63.34967,87.40958,254
"2026-01-20 08:00:00",352,74,26,1,20,7,54,43,13,2.3,0,0,0,2236,9,21.1,38,0,7.06,10,132,12.64698,61.06502,254
"2026-01-20 08:15:00",353,75,26,1,20,8,9,925,13,1.4,1,0.3,0.2,2236,9,21.1,38,0,7.09,10,132,153.713,121.4757,254
"2026-01-20 08:30:00",354,-2147483648,254,26,1,20,8,24,0,13.8,0,0,0,0,2218,8,21.1,38,0,7.09,10,132,0,50
"2026-01-20 08:45:00",355,254,26,1,20,8,39,89,13,0,1.1,0,0,2218,9,21.7,38,0,7.06,0,132,0,50.67972,254
"2026-01-20 09:00:00",356,78,26,1,20,8,54,97,13,5.2,1,2.1,1,2236,9,22.3,38,0,7.06,10,132,63.34967,87.40958,254
"2026-01-20 09:15:00",357,254,26,1,20,9,9,45,13,0,0,0,0,2218,8,23.2,38,0,7.06,10,132,0,50.67972,254
"2026-01-20 09:30:00",358,54,26,1,20,9,24,121,13,0,0,0,0,2201,9,24.4,38,1,7.06,10,132,0,50.77187,254
"2026-01-20 09:45:00",359,81,26,1,20,9,39,32,13,3.1,0,0,0,2218,9,25.6,37,1,7.06,10,132,12.69297,61.28707,254
"2026-01-20 10:00:00",360,82,26,1,20,9,54,68,13,1.5,0,0,1.5,2218,8,26.9,37,1,7.06,0,132,12.69297,61.28707,254
"2026-01-20 10:15:00",361,54,26,1,20,10,9,145,13,0,1.4,0,0.7,2218,9,27.8,37,1,7.06,10,132,0,50.86436,254
"2026-01-20 10:30:00",362,4,26,1,20,10,24,2213,13,0.9,0.5,0.2,0.1,2236,9,29,37,1,7.03,10,132,248.8584,146.239,254
"2026-01-20 10:45:00",363,-2147483648,26,1,20,10,39,3489,13,1.7,1,0.9,0.4,2236,9,29.9,37,1,7.03,0,132,680.7604,236.9049,254
"2026-01-20 11:00:00",364,-2147483648,26,1,20,10,54,3412,13,2.1,0.7,0.5,0.4,2236,9,30.8,36,1,7,0,132,852.6574,257.4027,254
"2026-01-20 11:15:00",365,-2147483648,26,1,20,11,9,3964,12,2.3,1.3,1.1,0.8,2218,8,31.4,36,1,7.03,0,132,1022.285,294.5762,254
"2026-01-20 11:30:00",366,-2147483648,26,1,20,11,24,3465,13,1.7,0.9,0.7,0.5,2218,8,32,36,1,7,10,132,667.4122,240.2684,254
"2026-01-20 11:45:00",367,-2147483648,26,1,20,11,39,6807,12,1.6,0.8,0.5,0.2,2218,8,32.3,36,1,7,10,132,1387.815,322.0878,254
"2026-01-20 12:00:00",368,89,26,1,20,11,39,6807,12,1.6,0.8,0.5,0.2,2218,8,32.3,36,1,7,10,132,1387.815,322.0878,254
"2026-01-20 12:15:00",369,-2147483648,26,1,20,11,54,3956,12,1.5,0.4,0.2,2218,8,32.3,36,1,7.03,10,132,392,178.941,254,-2147483648
"2026-01-20 12:30:00",370,26,1,20,12,24,16916,10.5,3,2.2,1.5,1.1,2218,9,32,37,1,7.03,10,132,9491,919.6671,254,-2147483648
"2026-01-20 12:45:00",371,-2147483648,26,1,20,12,39,4286,12,1.3,0.5,0.3,0.1,2218,8,31.7,37,1,7.03,10,132,745.5578,231.7962,254
"2026-01-20 13:00:00",372,26,1,20,12,54,11233,11.6,2,1.2,1.4,1.4,2236,9,31.4,37,1,7,10,132,2753,547.7978,254,-2147483648
"2026-01-20 13:15:00",373,-2147483648,26,1,20,13,9,2008,13,0.5,0.1,0,0.1,2218,8,30.8,37,1,7.03,10,132,131.2243,113.2892,254
"2026-01-20 13:30:00",374,54,26,1,20,13,24,494,13,0,0.2,0,0,2218,9,30.8,37,1,7.03,10,132,0,51.42639,254
"2026-01-20 13:45:00",375,23,254,26,1,19,23,53,2,14,0,0,0,0,2218,9,22,38,0,7.06,10,132,0,49
"2026-01-20 14:00:00",376,23,254,26,1,19,23,53,2,14,0,0,0,0,2218,9,22,38,0,7.06,10,132,0,49
"2026-01-20 14:15:00",377,23,254,26,1,19,23,53,2,14,0,0,0,0,2218,9,22,38,0,7.06,10,132,0,49
"2026-01-20 14:30:00",378,23,254,26,1,19,23,53,2,14,0,0,0,0,2218,9,22,38,0,7.06,10,132,0,49
"2026-01-23 10:00:00",379,-2147483648,-2147483648,-2147483648,-2147483648,-2147483648,-2147483648,"NAN",-2147483648,"NAN","NAN","NAN","NAN","NAN","NAN","NAN","NAN","NAN","NAN","NAN",-2147483648,"NAN","NAN",-2147483648
"2026-01-23 10:15:00",380,-2147483648,26,1,20,14,9,4180,12,2.6,1.4,1.2,0.9,2218,9,28.4,37,1,7.06,0,132,1236.815,327.3082,254
"2026-01-23 10:30:00",381,-2147483648,26,1,20,14,9,4180,12,2.6,1.4,1.2,0.9,2218,9,28.4,37,1,7.06,0,132,1236.815,327.3082,254
"2026-01-24 13:15:00",382,-2147483648,26,1,24,13,9,0,13,0,0,0,0,2218,8,28.1,47,1,7.03,0,132,0,51.23767,254
"2026-01-24 13:30:00",383,-2147483648,254,26,1,24,13,24,1,14.1,0,0,0,0,2218,8,28.1,46,1,7.06,10,132,0,49
"2026-01-24 13:45:00",384,-2147483648,254,26,1,24,13,39,0,14.1,0,0,0,0,2218,8,28.4,46,1,7.03,10,132,0,49
"2026-01-24 14:00:00",385,403,26,1,24,13,54,2,14,50,0,0,0,2236,8,28.4,46,1,7.03,0,132,12.33416,59.55457,254
"2026-01-24 14:15:00",386,404,26,1,24,14,9,2,14,50,0,0,0,2218,8,28.4,45,1,7.06,10,132,12.33416,59.55457,254
"2026-01-24 14:30:00",387,-2147483648,254,26,1,24,14,24,0,14.1,0,0,0,0,2201,8,28.4,45,1,7.03,10,132,0,49
"2026-01-24 14:45:00",388,-2147483648,254,26,1,24,14,39,0,14.1,0,0,0,0,2236,8,28.7,45,1,7.03,10,132,0,49
"2026-01-24 15:00:00",389,-2147483648,254,26,1,24,14,54,1,14.1,0,0,0,0,2236,8,29,45,1,7.03,10,132,0,49
"2026-01-24 15:15:00",390,-2147483648,254,26,1,24,15,9,0,14.1,0,0,0,0,2218,8,29,45,1,7.03,10,132,0,49
"2026-01-24 15:30:00",391,-2147483648,254,26,1,24,15,24,1,14.1,0,0,0,0,2236,8,29,45,1,7.03,10,132,0,49
"2026-01-24 15:45:00",392,-2147483648,254,26,1,24,15,39,2,14.1,0,0,50,0,2236,8,29,45,1,7.03,10,132,0,49
"2026-01-24 16:00:00",393,-2147483648,254,26,1,24,15,54,0,14.1,0,0,0,0,2236,8,29,45,1,7.03,10,132,0,49
"2026-01-24 16:15:00",394,-2147483648,254,26,1,24,16,9,1,14.1,0,0,0,0,2218,8,28.7,44,1,7.03,10,132,0,49
"2026-01-24 16:30:00",395,413,26,1,24,16,24,2,14,50,0,0,0,2218,8,28.7,45,1,7.03,10,132,12.3779,59.76576,254
"2026-01-24 16:45:00",396,-2147483648,254,26,1,24,16,39,2,14.1,0,0,50,0,2218,8,29,44,1,7.06,10,132,0,49
"2026-01-24 17:00:00",397,415,26,1,24,16,54,2,14,50,0,0,0,2201,9,28.7,45,1,7.03,10,132,12.39988,59.87192,254
"2026-01-24 17:15:00",398,416,26,1,24,17,9,2,14,50,0,0,0,2218,8,28.4,44,1,7.03,0,132,12.39988,59.87192,254
"2026-01-24 17:30:00",399,-2147483648,254,26,1,24,17,25,1,14,0,0,0,0,2218,8,28.4,41,1,7.03,0,132,0,49
"2026-01-24 17:45:00",400,418,26,1,24,17,40,4,14,50,0,0,0,2218,8,28.4,38,1,7.03,10,132,24.79976,67.75421,254
"2026-01-24 18:00:00",401,419,26,1,24,17,55,2,14,50,0,0,0,2218,8,28.4,36,1,7.03,10,132,12.42194,59.97845,254
"2026-01-24 18:15:00",402,420,26,1,24,18,10,5,14,80,0,20,0,2218,8,28.7,34,1,7.03,10,132,49.68778,80.39651,254
"2026-01-24 18:30:00",403,421,26,1,24,18,25,13,14,53.9,7.7,23.1,0,2201,9,29,32,1,7.03,10,132,86.9536,95.11301,254
"2026-01-24 18:45:00",404,22,26,1,24,18,40,17,14,58.8,0,35.3,0,2218,8,29,31,1,7.03,10,132,124.4409,107.4329,254
"2026-01-24 19:00:00",405,423,26,1,24,18,55,19,14,57.9,0,26.3,0,2201,9,29,29,1,7.03,10,132,136.885,111.1033,254
"2026-01-24 19:15:00",406,24,26,1,24,19,10,30,14,46.7,0,43.3,0,2218,8,29,28,1,7.06,0,132,174.2172,121.2796,254
"2026-01-24 19:30:00",407,25,26,1,24,19,25,28,14,35.7,3.6,53.6,0,2236,8,29,27,1,7.06,10,132,124.4409,107.4329,254
"2026-01-24 19:45:00",408,26,26,1,24,19,40,35,14,51.4,2.9,40,2.9,2218,8,29,26,1,7.06,10,132,224.3935,133.6114,254
"2026-01-24 20:00:00",409,27,26,1,24,19,55,48,14,56.3,0,35.4,0,2218,8,29,25,1,7.03,10,132,336.5903,156.8636,254
"2026-01-24 20:15:00",410,28,26,1,24,20,10,37,14,40.6,0,46,5.4,2218,8,29,24,1,7.03,0,132,174.5283,127.7324,254
"2026-01-24 20:30:00",411,429,26,1,24,20,25,46,13,50,0,41.3,0,2218,8,29,23,1,7.06,10,132,287.238,147.3401,254
"2026-01-24 20:45:00",412,30,26,1,24,20,40,56,13,51.8,1.8,41.1,0,2218,8,29,23,1,7.06,0,132,362.1697,161.7831,254
"2026-01-24 21:00:00",413,31,26,1,24,20,55,52,13,42.3,0,51.9,0,2236,8,28.7,22,1,7.03,10,132,274.7494,144.7637,254
"2026-01-24 21:15:00",414,432,26,1,24,21,10,48,13,37.5,0,58.3,0,2218,9,28.7,22,1,7.03,10,132,224.795,133.8504,254
"2026-01-24 21:30:00",415,33,26,1,24,21,25,52,13,59.6,0,34.6,0,2218,8,28.7,21,1,7.06,10,132,387.8407,166.5677,254
"2026-01-24 21:45:00",416,434,26,1,24,21,40,61,13,42.6,0,55.8,0,2218,8,28.4,21,1,7.03,0,132,325.2858,155.04,254
"2026-01-24 22:00:00",417,35,26,1,24,21,55,65,13,36.9,1.6,47.7,1.6,2236,8,28.4,20,1,7.06,10,132,287.7528,150.1319,254
"2026-01-24 22:15:00",418,36,26,1,24,22,10,60,13,43.3,0,55,0,2218,8,28.1,20,1,7.03,10,132,325.8697,155.3184,254
"2026-01-24 22:30:00",419,37,26,1,24,22,25,48,13,33.3,0,56.3,0,2218,8,28.1,20,1,7.06,0,132,200.5352,128.4204,254
"2026-01-24 22:45:00",420,38,26,1,24,22,40,58,13,41.4,3.5,48.3,0,2236,9,28.1,19,1,7.06,0,132,300.8028,150.4014,254
"2026-01-24 23:00:00",421,39,26,1,24,22,55,63,13,38.1,0,60.3,0,2218,8,27.8,19,1,7.03,0,132,300.8028,150.4014,254
"2026-01-24 23:15:00",422,40,26,1,24,23,10,72,13,34.7,1.4,58.3,0,2218,8,27.8,18,1,7.06,0,132,313.8998,153.1585,254
"2026-01-24 23:30:00",423,41,26,1,24,23,25,62,13,41.9,0,53.2,0,2218,8,27.8,18,1,7.06,10,132,326.4559,155.5977,254
"2026-01-24 23:45:00",424,42,26,1,24,23,40,73,13,45.2,0,48,1.4,2218,8,27.5,18,1,7.03,10,132,414.3478,171.5388,254
"2026-01-25 00:00:00",425,43,26,1,24,23,55,61,13,45.9,0,52.5,1.7,2218,8,27.5,17,1,7.03,10,132,339.0119,160.3441,254
"2026-01-25 00:15:00",426,444,26,1,25,0,10,46,13,50,0,47.8,0,2218,8,27.2,17,1,7.06,10,132,289.3082,148.402,254
"2026-01-25 00:30:00",427,45,26,1,25,0,25,60,13,41.7,6.7,48.3,1.7,2236,9,27.2,17,1,7.03,10,132,314.4654,153.4345,254
"2026-01-25 00:45:00",428,46,26,1,25,0,40,66,13,37.9,0,57.6,0,2218,8,27.2,17,1,7.06,0,132,314.4654,153.4345,254
"2026-01-25 01:00:00",429,47,26,1,25,0,55,66,13,56.1,0,39.4,0,2218,8,26.9,17,1,7.03,10,132,462.9067,179.2678,254
"2026-01-25 01:15:00",430,48,26,1,25,1,10,60,13,40,0,51.7,0,2218,8,26.9,16,1,7.06,0,132,302.4317,151.2159,254
"2026-01-25 01:30:00",431,449,26,1,25,1,25,65,13,47.7,0,47.7,0,2236,9,26.6,16,1,7.06,10,132,390.641,167.7703,254
"2026-01-25 01:45:00",432,50,26,1,25,1,40,63,13,46,0,54,0,2218,8,26.6,16,1,7.03,0,132,365.4383,163.2432,254
"2026-01-25 02:00:00",433,51,26,1,25,1,55,63,13,52.4,1.6,42.9,1.6,2218,8,26.6,16,1,7.06,10,132,416.5956,172.4694,254
"2026-01-25 02:15:00",434,52,26,1,25,2,10,61,13,39.4,1.7,54.1,1.7,2218,9,26.3,16,1,7.03,10,132,302.9786,151.4893,254
"2026-01-25 02:30:00",435,53,26,1,25,2,25,62,13,40.3,0,56.5,0,2218,8,26.3,15,1,7.03,0,132,315.6027,153.9894,254
"2026-01-25 02:45:00",436,54,26,1,25,2,40,79,13,44.3,1.3,45.6,0,2218,8,25.9,15,1,7.06,10,132,441.8438,176.7375,254
"2026-01-25 03:00:00",437,55,26,1,25,2,55,60,13,43.3,0,55,0,2236,9,25.9,15,1,7.03,10,132,328.8215,156.7252,254
"2026-01-25 03:15:00",438,56,26,1,25,3,10,63,13,49.2,1.6,44.5,0,2218,8,25.9,15,1,7.06,0,132,392.0564,168.3782,254
"2026-01-25 03:30:00",439,57,26,1,25,3,25,78,13,38.5,0,57.7,0,2218,8,25.6,15,1,7.03,10,132,379.4093,166.1248,254
"2026-01-25 03:45:00",440,58,26,1,25,3,40,78,13,52.6,1.3,41,0,2218,9,25.6,15,1,7.06,10,132,518.5262,189.2176,254
"2026-01-25 04:00:00",441,59,26,1,25,3,55,78,13,43.6,0,52.6,2.6,2218,9,25.6,14,1,7.06,0,132,418.1078,175.2525,254
"2026-01-25 04:15:00",442,60,26,1,25,4,10,70,13,44.3,0,48.6,0,2201,9,25.6,15,1,7.06,10,132,392.7678,168.6838,254
"2026-01-25 04:30:00",443,61,26,1,25,4,25,62,13,37.1,0,61.3,1.6,2218,8,25.3,14,1,7.03,10,132,291.4084,149.4793,254
"2026-01-25 04:45:00",444,62,26,1,25,4,40,80,13,45,0,50,2.5,2201,9,25.3,15,1,7.06,10,132,444.2539,181.8753,254
"2026-01-25 05:00:00",445,63,26,1,25,4,55,95,13,44.2,2.1,46.3,3.2,2201,9,25.3,14,1,7.03,10,132,507.7187,193.7772,254
"2026-01-25 05:15:00",446,64,26,1,25,5,10,64,13,39.1,0,57.8,0,2218,8,25.3,14,1,7.06,0,132,317.3242,154.8293,254
"2026-01-25 05:30:00",447,65,26,1,25,5,25,82,13,41.5,0,52.5,1.2,2201,9,25,14,1,7.03,10,132,431.5609,175.5711,254
"2026-01-25 05:45:00",448,466,26,1,25,5,40,78,13,30.8,1.3,62.8,0,2218,8,25,14,1,7.06,10,132,305.1861,152.593,254
"2026-01-25 06:00:00",449,67,26,1,25,5,55,78,13,32.1,1.3,62.8,0,2218,8,25,14,1,7.06,10,132,317.9022,155.1114,254
"2026-01-25 06:15:00",450,468,26,1,25,6,10,73,13,49.3,0,48,0,2218,8,25,14,1,7.06,10,132,457.7791,180.13,254
"2026-01-25 06:30:00",451,69,26,1,25,6,25,67,13,46.3,0,50.8,0,2218,8,25,14,1,7.03,10,132,394.1988,169.2983,254
"2026-01-25 06:45:00",452,70,26,1,25,6,40,74,13,52.7,1.4,44.6,0,2218,8,24.7,14,1,7.06,10,132,496.8325,186.6193,254
"2026-01-25 07:00:00",453,71,26,1,25,6,55,66,13,53,0,44,0,2218,8,24.7,13,1,7.06,10,132,445.8752,178.3501,254
"2026-01-25 07:15:00",454,472,26,1,25,7,10,70,13,34.3,0,61.4,0,2218,8,24.7,14,1,7.03,10,132,305.743,152.8715,254
"2026-01-25 07:30:00",455,73,26,1,25,7,25,79,13,46.8,0,49.4,1.3,2218,8,24.7,14,1,7.06,10,132,458.6146,182.5391,254
"2026-01-25 07:45:00",456,74,26,1,25,7,40,69,13,33.3,0,63.8,0,2218,9,24.7,13,1,7.06,10,132,293.5394,150.5724,254
"2026-01-25 08:00:00",457,75,26,1,25,7,55,70,13,40,0,55.7,0,2236,9,24.7,13,1,7.06,10,132,357.3523,162.9824,254
"2026-01-25 08:15:00",458,76,26,1,25,8,10,57,13,40.4,0,52.6,0,2201,9,24.7,13,1,7.03,10,132,293.5394,150.5724,254
"2026-01-25 08:30:00",459,77,26,1,25,8,25,80,13,51.3,0,42.5,2.5,2236,9,24.7,13,1,7.06,10,132,510.5033,192.9049,254
"2026-01-25 08:45:00",460,78,26,1,25,8,40,70,13,48.6,0,50,0,2218,8,24.7,13,1,7.03,10,132,434.7225,176.8574,254
"2026-01-25 09:00:00",461,79,26,1,25,8,55,69,13,50.7,0,43.5,0,2218,8,24.7,13,1,7.03,10,132,447.5086,179.0034,254
"2026-01-25 09:15:00",462,80,26,1,25,9,10,79,13,48.1,0,49.4,1.3,2218,8,24.7,13,1,7.06,0,132,485.8664,185.2685,254
"2026-01-25 09:30:00",463,81,26,1,25,9,25,64,13,39.1,1.6,56.3,0,2218,9,25,13,1,7.06,0,132,319.6489,155.9636,254
"2026-01-25 09:45:00",464,482,26,1,25,9,41,64,13,37.5,0,56.3,3.1,2218,8,25,13,1,7.03,10,132,294.6165,153.713,254
"2026-01-25 10:00:00",465,83,26,1,25,9,56,64,13,43.8,0,51.6,0,2218,9,25.3,13,1,7.03,10,132,358.6636,163.5805,254
"2026-01-25 10:15:00",466,84,26,1,25,10,11,72,13,43.1,0,52.8,0,2201,8,25.6,13,1,7.06,10,132,397.0919,170.5408,254
"2026-01-25 10:30:00",467,85,26,1,25,10,26,64,13,40.6,0,56.3,0,2218,8,25.9,13,1,7.06,10,132,333.0448,158.7382,254
"2026-01-25 10:45:00",468,86,26,1,25,10,41,66,13,36.4,7.6,47,0,2218,9,26.3,13,1,7.06,10,132,307.9911,153.9956,254
"2026-01-25 11:00:00",469,487,26,1,25,10,56,73,13,54.8,2.8,35.6,1.4,2218,9,27.2,13,1,7.06,10,132,513.3186,190.008,254
"2026-01-25 11:15:00",470,88,26,1,25,11,11,64,13,32.8,0,65.6,0,2201,9,28.1,12,1,7.03,10,132,269.4923,146.0498,254
"2026-01-25 11:30:00",471,89,26,1,25,11,26,77,13,46.8,1.3,50.7,0,2218,8,29.3,12,1,7.03,10,132,462.8375,182.1204,254
"2026-01-25 11:45:00",472,90,26,1,25,11,41,81,13,43.2,1.2,49.4,0,2218,8,30.5,12,1,7.03,10,132,449.9809,179.9924,254
"2026-01-25 12:00:00",473,91,26,1,25,11,56,94,13,35.1,1.1,38.3,0,2201,9,31.7,12,1,7,0,132,424.2677,175.6456,254
"2026-01-25 12:15:00",474,-2147483648,26,1,25,12,11,2894,13,2.6,1.4,1.8,0.7,2218,8,32.7,12,1,7.03,10,132,882.6719,267.4764,254
"2026-01-25 12:30:00",475,3,26,1,25,12,26,3028,13,4.8,2.7,3.1,1.6,2236,9,33,12,1,7,0,132,1611.03,362.2132,254
"2026-01-25 12:45:00",476,-2147483648,26,1,25,12,41,2955,13,4.3,2.5,2.6,1,2218,9,32.7,13,1,7.03,10,132,1503.628,337.6675,254
"2026-01-25 13:00:00",477,95,26,1,25,12,56,55,13,43.6,1.8,50.9,0,2218,8,32.3,13,1,7,10,132,309.1277,154.5638,254
"2026-01-25 13:15:00",478,496,26,1,25,13,11,63,13,34.9,1.6,61.9,0,2218,9,31.7,13,1,7,10,132,283.367,149.3043,254
"2026-01-25 13:30:00",479,-2147483648,26,1,25,13,26,5279,12,2.6,1.7,1.4,0.6,2218,8,31.4,14,1,7.03,0,132,1724.423,363.8825,254
"2026-01-25 13:45:00",480,498,26,1,25,13,41,75,13,49.3,2.7,41.3,0,2218,9,30.8,14,1,7.03,0,132,477.4527,184.901,254
"2026-01-25 14:00:00",481,99,26,1,25,13,56,62,13,35.5,16.1,40.3,0,2218,8,30.5,14,1,7.03,0,132,283.8908,149.5803,254
"2026-01-25 14:15:00",482,0,26,1,25,14,11,67,14,40.3,7.5,47.8,0,2218,8,30.2,14,1,7.03,0,132,333.0222,155.2007,254
"2026-01-25 14:30:00",483,501,26,1,25,14,26,66,14,51.5,0,42.4,0,2218,9,29.9,14,1,7.03,0,132,419.3613,170.608,254
"2026-01-25 14:45:00",484,2,26,1,25,14,41,45,14,31.1,6.7,42.2,0,2218,9,29.6,14,1,7.03,10,132,172.6782,120.2083,254
"2026-01-25 15:00:00",485,3,26,1,25,14,56,63,14,38.1,3.2,52.4,0,2218,8,29.6,14,1,7.03,10,132,296.5437,148.2718,254
"2026-01-25 15:15:00",486,4,26,1,25,15,11,290,14,7.6,2.1,6.6,0,2218,9,29.3,13,1,7.03,10,132,272.7974,143.7352,254
"2026-01-25 15:30:00",487,5,26,1,25,15,26,3830,13,2.5,1.7,1.7,0.7,2218,9,29.3,13,1,7.03,10,132,1054.985,289.131,254
